L -381.0000, 145.0000, 12.0000,  -398.0000, 147.0000, 18.0000,  255, 255, 0
L -365.0000, 146.0000, 7.0000,  -381.0000, 145.0000, 12.0000,  255, 255, 0
L -349.0000, 147.0000, 2.0000,  -365.0000, 146.0000, 7.0000,  255, 255, 0
L -333.0000, 147.0000, -3.0000,  -349.0000, 147.0000, 2.0000,  255, 255, 0
L -316.0000, 146.0000, -7.0000,  -333.0000, 147.0000, -3.0000,  255, 255, 0
L -299.0000, 145.0000, -12.0000,  -316.0000, 146.0000, -7.0000,  255, 255, 0
L -282.0000, 143.0000, -13.0000,  -299.0000, 145.0000, -12.0000,  255, 255, 0
L -266.0000, 141.0000, -16.0000,  -282.0000, 143.0000, -13.0000,  255, 255, 0
L -250.0000, 136.0000, -20.0000,  -266.0000, 141.0000, -16.0000,  255, 255, 0
L -236.0000, 131.0000, -24.0000,  -250.0000, 136.0000, -20.0000,  255, 255, 0
L -222.0000, 123.0000, -28.0000,  -236.0000, 131.0000, -24.0000,  255, 255, 0
L -208.0000, 114.0000, -29.0000,  -222.0000, 123.0000, -28.0000,  255, 255, 0
L -195.0000, 106.0000, -30.0000,  -208.0000, 114.0000, -29.0000,  255, 255, 0
L -182.0000, 96.0000, -31.0000,  -195.0000, 106.0000, -30.0000,  255, 255, 0
L -159.0000, 79.0000, -33.0000,  -182.0000, 96.0000, -31.0000,  255, 255, 0
L -155.0000, 78.0000, -34.0000,  -159.0000, 79.0000, -33.0000,  255, 255, 0
L -151.0000, 75.0000, -34.0000,  -155.0000, 78.0000, -34.0000,  255, 255, 0
L -151.0000, 60.0000, -22.0000,  -151.0000, 75.0000, -34.0000,  0, 0, 0
L -151.0000, 58.0000, -21.0000,  -151.0000, 60.0000, -22.0000,  0, 0, 0
L -144.0000, 55.0000, -17.0000,  -151.0000, 58.0000, -21.0000,  0, 0, 0
L -133.0000, 51.0000, -15.0000,  -144.0000, 55.0000, -17.0000,  0, 0, 0
L -123.0000, 51.0000, -12.0000,  -133.0000, 51.0000, -15.0000,  0, 0, 0
L -101.0000, 52.0000, -7.0000,  -123.0000, 51.0000, -12.0000,  0, 0, 0
L -91.0000, 52.0000, -3.0000,  -101.0000, 52.0000, -7.0000,  0, 0, 0
L -81.0000, 53.0000, -2.0000,  -91.0000, 52.0000, -3.0000,  0, 0, 0
L -71.0000, 52.0000, -1.0000,  -81.0000, 53.0000, -2.0000,  0, 0, 0
L -59.0000, 52.0000, -1.0000,  -71.0000, 52.0000, -1.0000,  0, 0, 0
L -54.0000, 50.0000, 5.0000,  -59.0000, 52.0000, -1.0000,  0, 0, 0
L -49.0000, 48.0000, 3.0000,  -54.0000, 50.0000, 5.0000,  0, 0, 0
L -44.0000, 46.0000, 3.0000,  -49.0000, 48.0000, 3.0000,  0, 0, 0
L -43.0000, 45.0000, 4.0000,  -44.0000, 46.0000, 3.0000,  0, 0, 0
L -43.0000, 43.0000, 4.0000,  -43.0000, 45.0000, 4.0000,  0, 0, 0
L -41.0000, 41.0000, 1.0000,  -43.0000, 43.0000, 4.0000,  0, 0, 0
L -40.0000, 40.0000, 0.0000,  -41.0000, 41.0000, 1.0000,  0, 0, 0
L -38.0000, 36.0000, -1.0000,  -40.0000, 40.0000, 0.0000,  0, 0, 0
L -37.0000, 32.0000, -3.0000,  -38.0000, 36.0000, -1.0000,  0, 0, 0
L -32.0000, 22.0000, -12.0000,  -37.0000, 32.0000, -3.0000,  0, 0, 0
L -31.0000, 20.0000, -11.0000,  -32.0000, 22.0000, -12.0000,  0, 0, 0
L -29.0000, 15.0000, -9.0000,  -31.0000, 20.0000, -11.0000,  0, 0, 0
L -28.0000, 5.0000, -12.0000,  -29.0000, 15.0000, -9.0000,  0, 0, 0
L -27.0000, 0.0000, -13.0000,  -28.0000, 5.0000, -12.0000,  0, 0, 0
L -399.0000, 148.0000, 20.0000,  -398.0000, 147.0000, 18.0000,  0, 0, 0
L -403.0000, 154.0000, 23.0000,  -399.0000, 148.0000, 20.0000,  0, 0, 0
L -404.0000, 155.0000, 23.0000,  -403.0000, 154.0000, 23.0000,  0, 0, 0
L -406.0000, 156.0000, 24.0000,  -404.0000, 155.0000, 23.0000,  0, 0, 0
L -409.0000, 160.0000, 24.0000,  -406.0000, 156.0000, 24.0000,  0, 0, 0
L -410.0000, 162.0000, 24.0000,  -409.0000, 160.0000, 24.0000,  0, 0, 0
L -409.0000, 167.0000, 24.0000,  -410.0000, 162.0000, 24.0000,  0, 0, 0
L -409.0000, 169.0000, 24.0000,  -409.0000, 167.0000, 24.0000,  0, 0, 0
L -410.0000, 170.0000, 24.0000,  -409.0000, 169.0000, 24.0000,  0, 0, 0
L -412.0000, 173.0000, 25.0000,  -410.0000, 170.0000, 24.0000,  0, 0, 0
L -413.0000, 174.0000, 25.0000,  -412.0000, 173.0000, 25.0000,  0, 0, 0
L -418.0000, 177.0000, 27.0000,  -413.0000, 174.0000, 25.0000,  0, 0, 0
L -420.0000, 178.0000, 27.0000,  -418.0000, 177.0000, 27.0000,  0, 0, 0
L -422.0000, 180.0000, 27.0000,  -420.0000, 178.0000, 27.0000,  0, 0, 0
L -450.0000, 219.0000, 33.0000,  -422.0000, 180.0000, 27.0000,  0, 0, 0
L -455.0000, 227.0000, 34.0000,  -450.0000, 219.0000, 33.0000,  0, 0, 0
L -461.0000, 238.0000, 36.0000,  -455.0000, 227.0000, 34.0000,  0, 0, 0
L -462.0000, 240.0000, 36.0000,  -461.0000, 238.0000, 36.0000,  0, 0, 0
L -464.0000, 242.0000, 37.0000,  -462.0000, 240.0000, 36.0000,  0, 0, 0
L -465.0000, 243.0000, 38.0000,  -464.0000, 242.0000, 37.0000,  0, 0, 0
L -467.0000, 244.0000, 38.0000,  -465.0000, 243.0000, 38.0000,  0, 0, 0
L -469.0000, 244.0000, 38.0000,  -467.0000, 244.0000, 38.0000,  0, 0, 0
L -476.0000, 246.0000, 40.0000,  -469.0000, 244.0000, 38.0000,  0, 0, 0
L -506.0000, 255.0000, 47.0000,  -476.0000, 246.0000, 40.0000,  0, 0, 0
L -547.0000, 253.0000, 135.0000,  -506.0000, 255.0000, 47.0000,  0, 0, 0
L -561.0000, 252.0000, 131.0000,  -547.0000, 253.0000, 135.0000,  0, 0, 0
L -583.0000, 253.0000, 134.0000,  -561.0000, 252.0000, 131.0000,  0, 0, 0
L -600.0000, 253.0000, 139.0000,  -583.0000, 253.0000, 134.0000,  0, 0, 0
L -602.0000, 253.0000, 139.0000,  -600.0000, 253.0000, 139.0000,  0, 0, 0
L -611.0000, 252.0000, 145.0000,  -602.0000, 253.0000, 139.0000,  0, 0, 0
L -625.0000, 250.0000, 151.0000,  -611.0000, 252.0000, 145.0000,  0, 0, 0
L -635.0000, 249.0000, 155.0000,  -625.0000, 250.0000, 151.0000,  0, 0, 0
L -650.0000, 248.0000, 160.0000,  -635.0000, 249.0000, 155.0000,  0, 0, 0
L -653.0000, 247.0000, 163.0000,  -650.0000, 248.0000, 160.0000,  0, 0, 0
L -661.0000, 244.0000, 167.0000,  -653.0000, 247.0000, 163.0000,  0, 0, 0
L -663.0000, 243.0000, 168.0000,  -661.0000, 244.0000, 167.0000,  0, 0, 0
L -668.0000, 242.0000, 169.0000,  -663.0000, 243.0000, 168.0000,  0, 0, 0
L -677.0000, 242.0000, 172.0000,  -668.0000, 242.0000, 169.0000,  0, 0, 0
L -709.0000, 242.0000, 181.0000,  -677.0000, 242.0000, 172.0000,  0, 0, 0
L -719.0000, 243.0000, 183.0000,  -709.0000, 242.0000, 181.0000,  0, 0, 0
L -749.0000, 245.0000, 190.0000,  -719.0000, 243.0000, 183.0000,  0, 0, 0
L -768.0000, 246.0000, 194.0000,  -749.0000, 245.0000, 190.0000,  0, 0, 0
L -801.0000, 248.0000, 200.0000,  -768.0000, 246.0000, 194.0000,  0, 0, 0
L -811.0000, 249.0000, 201.0000,  -801.0000, 248.0000, 200.0000,  0, 0, 0
L -830.0000, 252.0000, 205.0000,  -811.0000, 249.0000, 201.0000,  0, 0, 0
L -835.0000, 253.0000, 206.0000,  -830.0000, 252.0000, 205.0000,  0, 0, 0
L -866.0000, 260.0000, 211.0000,  -835.0000, 253.0000, 206.0000,  0, 0, 0
L -875.0000, 262.0000, 212.0000,  -866.0000, 260.0000, 211.0000,  0, 0, 0
L -876.0000, 262.0000, 212.0000,  -875.0000, 262.0000, 212.0000,  0, 0, 0
L -888.0000, 265.0000, 213.0000,  -876.0000, 262.0000, 212.0000,  0, 0, 0
L -889.0000, 264.0000, 213.0000,  -888.0000, 265.0000, 213.0000,  0, 0, 0
L -890.0000, 262.0000, 214.0000,  -889.0000, 264.0000, 213.0000,  0, 0, 0
L -891.0000, 259.0000, 215.0000,  -890.0000, 262.0000, 214.0000,  0, 0, 0
L -891.0000, 257.0000, 215.0000,  -891.0000, 259.0000, 215.0000,  0, 0, 0
L -892.0000, 256.0000, 216.0000,  -891.0000, 257.0000, 215.0000,  0, 0, 0
L -893.0000, 255.0000, 216.0000,  -892.0000, 256.0000, 216.0000,  0, 0, 0
L -902.0000, 254.0000, 217.0000,  -893.0000, 255.0000, 216.0000,  0, 0, 0
L -909.0000, 255.0000, 218.0000,  -902.0000, 254.0000, 217.0000,  0, 0, 0
L -910.0000, 255.0000, 218.0000,  -909.0000, 255.0000, 218.0000,  0, 0, 0
L -912.0000, 256.0000, 218.0000,  -910.0000, 255.0000, 218.0000,  0, 0, 0
L -914.0000, 256.0000, 219.0000,  -912.0000, 256.0000, 218.0000,  0, 0, 0
L -917.0000, 254.0000, 220.0000,  -914.0000, 256.0000, 219.0000,  0, 0, 0
L -919.0000, 253.0000, 221.0000,  -917.0000, 254.0000, 220.0000,  0, 0, 0
L -921.0000, 252.0000, 223.0000,  -919.0000, 253.0000, 221.0000,  0, 0, 0
L -922.0000, 251.0000, 224.0000,  -921.0000, 252.0000, 223.0000,  0, 0, 0
L -924.0000, 250.0000, 226.0000,  -922.0000, 251.0000, 224.0000,  0, 0, 0
L -925.0000, 249.0000, 226.0000,  -924.0000, 250.0000, 226.0000,  0, 0, 0
L -926.0000, 248.0000, 227.0000,  -925.0000, 249.0000, 226.0000,  0, 0, 0
L -928.0000, 247.0000, 228.0000,  -926.0000, 248.0000, 227.0000,  0, 0, 0
L -929.0000, 247.0000, 228.0000,  -928.0000, 247.0000, 228.0000,  0, 0, 0
L -942.0000, 245.0000, 230.0000,  -929.0000, 247.0000, 228.0000,  0, 0, 0
L -958.0000, 242.0000, 232.0000,  -942.0000, 245.0000, 230.0000,  0, 0, 0
L -962.0000, 242.0000, 233.0000,  -958.0000, 242.0000, 232.0000,  0, 0, 0
L -973.0000, 241.0000, 234.0000,  -962.0000, 242.0000, 233.0000,  0, 0, 0
L -976.0000, 240.0000, 234.0000,  -973.0000, 241.0000, 234.0000,  0, 0, 0
L -1004.0000, 231.0000, 215.0000,  -976.0000, 240.0000, 234.0000,  0, 0, 0
L -1010.0000, 228.0000, 211.0000,  -1004.0000, 231.0000, 215.0000,  0, 0, 0
L -1048.0000, 218.0000, 183.0000,  -1010.0000, 228.0000, 211.0000,  0, 0, 0
L -1054.0000, 215.0000, 180.0000,  -1048.0000, 218.0000, 183.0000,  0, 0, 0
L -1084.0000, 207.0000, 158.0000,  -1054.0000, 215.0000, 180.0000,  0, 0, 0
L -1094.0000, 204.0000, 151.0000,  -1084.0000, 207.0000, 158.0000,  0, 0, 0
L -1113.0000, 201.0000, 136.0000,  -1094.0000, 204.0000, 151.0000,  0, 0, 0
L -1122.0000, 199.0000, 133.0000,  -1113.0000, 201.0000, 136.0000,  0, 0, 0
L -1163.0000, 194.0000, 125.0000,  -1122.0000, 199.0000, 133.0000,  0, 0, 0
L -1173.0000, 194.0000, 123.0000,  -1163.0000, 194.0000, 125.0000,  0, 0, 0
L -1192.0000, 195.0000, 119.0000,  -1173.0000, 194.0000, 123.0000,  0, 0, 0
L -1194.0000, 195.0000, 118.0000,  -1192.0000, 195.0000, 119.0000,  0, 0, 0
L -1224.0000, 203.0000, 117.0000,  -1194.0000, 195.0000, 118.0000,  0, 0, 0
L -1325.0000, 243.0000, 202.0000,  -1224.0000, 203.0000, 117.0000,  0, 0, 0
L -1335.0000, 243.0000, 207.0000,  -1325.0000, 243.0000, 202.0000,  0, 0, 0
L -1353.0000, 242.0000, 217.0000,  -1335.0000, 243.0000, 207.0000,  0, 0, 0
L -1363.0000, 243.0000, 222.0000,  -1353.0000, 242.0000, 217.0000,  0, 0, 0
L -1373.0000, 244.0000, 226.0000,  -1363.0000, 243.0000, 222.0000,  0, 0, 0
L -1385.0000, 244.0000, 229.0000,  -1373.0000, 244.0000, 226.0000,  0, 0, 0
L -1388.0000, 268.0000, 212.0000,  -1385.0000, 244.0000, 229.0000,  0, 0, 0
L -1388.0000, 288.0000, 198.0000,  -1388.0000, 268.0000, 212.0000,  0, 0, 0
L -1389.0000, 384.0000, 142.0000,  -1388.0000, 288.0000, 198.0000,  0, 0, 0
L -1388.0000, 439.0000, 117.0000,  -1389.0000, 384.0000, 142.0000,  0, 0, 0
L -1388.0000, 441.0000, 117.0000,  -1388.0000, 439.0000, 117.0000,  0, 0, 0
L -1388.0000, 515.0000, 104.0000,  -1388.0000, 441.0000, 117.0000,  0, 0, 0
L -1388.0000, 531.0000, 104.0000,  -1388.0000, 515.0000, 104.0000,  0, 0, 0
L -1389.0000, 566.0000, 100.0000,  -1388.0000, 531.0000, 104.0000,  0, 0, 0
L -1388.0000, 609.0000, 89.0000,  -1389.0000, 566.0000, 100.0000,  0, 0, 0
L -1389.0000, 625.0000, 83.0000,  -1388.0000, 609.0000, 89.0000,  0, 0, 0
L -1389.0000, 678.0000, 52.0000,  -1389.0000, 625.0000, 83.0000,  0, 0, 0
L -1389.0000, 686.0000, 45.0000,  -1389.0000, 678.0000, 52.0000,  0, 0, 0
L -1389.0000, 702.0000, 33.0000,  -1389.0000, 686.0000, 45.0000,  0, 0, 0
L -1389.0000, 719.0000, 25.0000,  -1389.0000, 702.0000, 33.0000,  0, 0, 0
L -1389.0000, 720.0000, 24.0000,  -1389.0000, 719.0000, 25.0000,  0, 0, 0
L -1388.0000, 724.0000, 22.0000,  -1389.0000, 720.0000, 24.0000,  0, 0, 0
L -1388.0000, 728.0000, 20.0000,  -1388.0000, 724.0000, 22.0000,  0, 0, 0
L -1388.0000, 732.0000, 19.0000,  -1388.0000, 728.0000, 20.0000,  0, 0, 0
L -1388.0000, 734.0000, 18.0000,  -1388.0000, 732.0000, 19.0000,  0, 0, 0
L -1390.0000, 743.0000, 15.0000,  -1388.0000, 734.0000, 18.0000,  0, 0, 0
L -1390.0000, 746.0000, 13.0000,  -1390.0000, 743.0000, 15.0000,  0, 0, 0
L -1390.0000, 748.0000, 13.0000,  -1390.0000, 746.0000, 13.0000,  0, 0, 0
L -1389.0000, 756.0000, 9.0000,  -1390.0000, 748.0000, 13.0000,  0, 0, 0
L -1390.0000, 758.0000, 8.0000,  -1389.0000, 756.0000, 9.0000,  0, 0, 0
L -1392.0000, 772.0000, 5.0000,  -1390.0000, 758.0000, 8.0000,  0, 0, 0
L -1393.0000, 784.0000, 1.0000,  -1392.0000, 772.0000, 5.0000,  0, 0, 0
L -1391.0000, 789.0000, -2.0000,  -1393.0000, 784.0000, 1.0000,  0, 0, 0
L -1389.0000, 792.0000, -5.0000,  -1391.0000, 789.0000, -2.0000,  0, 0, 0
L -1388.0000, 794.0000, -7.0000,  -1389.0000, 792.0000, -5.0000,  0, 0, 0
L -1381.0000, 798.0000, -20.0000,  -1388.0000, 794.0000, -7.0000,  0, 0, 0
L -1370.0000, 806.0000, -10.0000,  -1381.0000, 798.0000, -20.0000,  0, 0, 0
L -1328.0000, 813.0000, 11.0000,  -1351.0000, 812.0000, 1.0000,  0, 0, 0
L -1318.0000, 813.0000, 14.0000,  -1328.0000, 813.0000, 11.0000,  0, 0, 0
L -1299.0000, 815.0000, 25.0000,  -1318.0000, 813.0000, 14.0000,  0, 0, 0
L -1297.0000, 815.0000, 26.0000,  -1299.0000, 815.0000, 25.0000,  0, 0, 0
L -1287.0000, 815.0000, 32.0000,  -1297.0000, 815.0000, 26.0000,  0, 0, 0
L -1277.0000, 815.0000, 37.0000,  -1287.0000, 815.0000, 32.0000,  0, 0, 0
L -1260.0000, 813.0000, 48.0000,  -1277.0000, 815.0000, 37.0000,  0, 0, 0
L -1250.0000, 813.0000, 53.0000,  -1260.0000, 813.0000, 48.0000,  0, 0, 0
L -1240.0000, 813.0000, 59.0000,  -1250.0000, 813.0000, 53.0000,  0, 0, 0
L -1231.0000, 813.0000, 67.0000,  -1240.0000, 813.0000, 59.0000,  0, 0, 0
L -1229.0000, 813.0000, 68.0000,  -1231.0000, 813.0000, 67.0000,  0, 0, 0
L -1219.0000, 811.0000, 72.0000,  -1229.0000, 813.0000, 68.0000,  0, 0, 0
L -1209.0000, 807.0000, 77.0000,  -1219.0000, 811.0000, 72.0000,  0, 0, 0
L -1207.0000, 807.0000, 79.0000,  -1209.0000, 807.0000, 77.0000,  0, 0, 0
L -1192.0000, 807.0000, 88.0000,  -1207.0000, 807.0000, 79.0000,  0, 0, 0
L -1189.0000, 807.0000, 91.0000,  -1192.0000, 807.0000, 88.0000,  0, 0, 0
L -1185.0000, 807.0000, 93.0000,  -1189.0000, 807.0000, 91.0000,  0, 0, 0
L -1162.0000, 812.0000, 99.0000,  -1185.0000, 807.0000, 93.0000,  0, 0, 0
L -1145.0000, 812.0000, 101.0000,  -1162.0000, 812.0000, 99.0000,  0, 0, 0
L -1143.0000, 812.0000, 101.0000,  -1145.0000, 812.0000, 101.0000,  0, 0, 0
L -1141.0000, 811.0000, 101.0000,  -1143.0000, 812.0000, 101.0000,  0, 0, 0
L -1139.0000, 811.0000, 102.0000,  -1141.0000, 811.0000, 101.0000,  0, 0, 0
L -1135.0000, 812.0000, 102.0000,  -1139.0000, 811.0000, 102.0000,  0, 0, 0
L -1131.0000, 812.0000, 102.0000,  -1135.0000, 812.0000, 102.0000,  0, 0, 0
L -1119.0000, 812.0000, 104.0000,  -1131.0000, 812.0000, 102.0000,  0, 0, 0
L -1113.0000, 811.0000, 104.0000,  -1119.0000, 812.0000, 104.0000,  0, 0, 0
L -1035.0000, 812.0000, 105.0000,  -1113.0000, 811.0000, 104.0000,  0, 0, 0
L -1017.0000, 813.0000, 105.0000,  -1035.0000, 812.0000, 105.0000,  0, 0, 0
L -978.0000, 813.0000, 106.0000,  -1017.0000, 813.0000, 105.0000,  0, 0, 0
L -956.0000, 814.0000, 103.0000,  -978.0000, 813.0000, 106.0000,  0, 0, 0
L -777.0000, 814.0000, 81.0000,  -956.0000, 814.0000, 103.0000,  0, 0, 0
L -770.0000, 814.0000, 81.0000,  -777.0000, 814.0000, 81.0000,  0, 0, 0
L -722.0000, 813.0000, 73.0000,  -770.0000, 814.0000, 81.0000,  0, 0, 0
L -672.0000, 812.0000, 64.0000,  -722.0000, 813.0000, 73.0000,  0, 0, 0
L -616.0000, 812.0000, 60.0000,  -672.0000, 812.0000, 64.0000,  0, 0, 0
L -593.0000, 814.0000, 61.0000,  -616.0000, 812.0000, 60.0000,  0, 0, 0
L -508.0000, 813.0000, 62.0000,  -593.0000, 814.0000, 61.0000,  0, 0, 0
L -473.0000, 811.0000, 58.0000,  -508.0000, 813.0000, 62.0000,  0, 0, 0
L -424.0000, 808.0000, 55.0000,  -473.0000, 811.0000, 58.0000,  0, 0, 0
L -308.0000, 809.0000, 45.0000,  -424.0000, 808.0000, 55.0000,  0, 0, 0
L -269.0000, 810.0000, 39.0000,  -308.0000, 809.0000, 45.0000,  0, 0, 0
L -239.0000, 810.0000, 33.0000,  -269.0000, 810.0000, 39.0000,  0, 0, 0
L -210.0000, 808.0000, 27.0000,  -239.0000, 810.0000, 33.0000,  0, 0, 0
L -170.0000, 807.0000, 15.0000,  -210.0000, 808.0000, 27.0000,  0, 0, 0
L -161.0000, 807.0000, 14.0000,  -170.0000, 807.0000, 15.0000,  0, 0, 0
L -157.0000, 807.0000, 13.0000,  -161.0000, 807.0000, 14.0000,  0, 0, 0
L -149.0000, 810.0000, 12.0000,  -157.0000, 807.0000, 13.0000,  0, 0, 0
L -118.0000, 853.0000, 13.0000,  -149.0000, 810.0000, 12.0000,  0, 0, 0
L -94.0000, 894.0000, 9.0000,  -118.0000, 853.0000, 13.0000,  0, 0, 0
L -86.0000, 958.0000, 24.0000,  -94.0000, 894.0000, 9.0000,  0, 0, 0
L -86.0000, 984.0000, 19.0000,  -86.0000, 958.0000, 24.0000,  0, 0, 0
L -82.0000, 1028.0000, 19.0000,  -86.0000, 984.0000, 19.0000,  0, 0, 0
L -82.0000, 1030.0000, 19.0000,  -82.0000, 1028.0000, 19.0000,  0, 0, 0
L -91.0000, 1049.0000, 21.0000,  -82.0000, 1030.0000, 19.0000,  0, 0, 0
L -105.0000, 1081.0000, 26.0000,  -91.0000, 1049.0000, 21.0000,  0, 0, 0
L -116.0000, 1100.0000, 29.0000,  -105.0000, 1081.0000, 26.0000,  0, 0, 0
L -127.0000, 1118.0000, 31.0000,  -116.0000, 1100.0000, 29.0000,  0, 0, 0
L -129.0000, 1122.0000, 31.0000,  -127.0000, 1118.0000, 31.0000,  0, 0, 0
L -130.0000, 1125.0000, 31.0000,  -129.0000, 1122.0000, 31.0000,  0, 0, 0
L -134.0000, 1135.0000, 31.0000,  -130.0000, 1125.0000, 31.0000,  0, 0, 0
L -168.0000, 1204.0000, 44.0000,  -134.0000, 1135.0000, 31.0000,  0, 0, 0
L -177.0000, 1211.0000, 46.0000,  -168.0000, 1204.0000, 44.0000,  0, 0, 0
L -184.0000, 1216.0000, 48.0000,  -177.0000, 1211.0000, 46.0000,  0, 0, 0
L -192.0000, 1221.0000, 51.0000,  -184.0000, 1216.0000, 48.0000,  0, 0, 0
L -194.0000, 1222.0000, 52.0000,  -192.0000, 1221.0000, 51.0000,  0, 0, 0
L -202.0000, 1227.0000, 56.0000,  -194.0000, 1222.0000, 52.0000,  0, 0, 0
L -204.0000, 1228.0000, 58.0000,  -202.0000, 1227.0000, 56.0000,  0, 0, 0
L -213.0000, 1232.0000, 62.0000,  -204.0000, 1228.0000, 58.0000,  0, 0, 0
L -215.0000, 1233.0000, 62.0000,  -213.0000, 1232.0000, 62.0000,  0, 0, 0
L -217.0000, 1234.0000, 61.0000,  -215.0000, 1233.0000, 62.0000,  0, 0, 0
L -221.0000, 1235.0000, 61.0000,  -217.0000, 1234.0000, 61.0000,  0, 0, 0
L -250.0000, 1242.0000, 56.0000,  -221.0000, 1235.0000, 61.0000,  0, 0, 0
L -259.0000, 1244.0000, 55.0000,  -250.0000, 1242.0000, 56.0000,  0, 0, 0
L -261.0000, 1245.0000, 56.0000,  -259.0000, 1244.0000, 55.0000,  0, 0, 0
L -271.0000, 1246.0000, 59.0000,  -261.0000, 1245.0000, 56.0000,  0, 0, 0
L -315.0000, 1244.0000, 64.0000,  -271.0000, 1246.0000, 59.0000,  0, 0, 0
L -336.0000, 1245.0000, 65.0000,  -315.0000, 1244.0000, 64.0000,  0, 0, 0
L -399.0000, 1246.0000, 57.0000,  -336.0000, 1245.0000, 65.0000,  0, 0, 0
L -413.0000, 1246.0000, 56.0000,  -399.0000, 1246.0000, 57.0000,  0, 0, 0
L -438.0000, 1241.0000, 54.0000,  -413.0000, 1246.0000, 56.0000,  0, 0, 0
L -471.0000, 1239.0000, 48.0000,  -438.0000, 1241.0000, 54.0000,  0, 0, 0
L -498.0000, 1238.0000, 48.0000,  -471.0000, 1239.0000, 48.0000,  0, 0, 0
L -508.0000, 1237.0000, 46.0000,  -498.0000, 1238.0000, 48.0000,  0, 0, 0
L -562.0000, 1231.0000, 50.0000,  -508.0000, 1237.0000, 46.0000,  0, 0, 0
L -563.0000, 1231.0000, 50.0000,  -562.0000, 1231.0000, 50.0000,  0, 0, 0
L -564.0000, 1233.0000, 50.0000,  -563.0000, 1231.0000, 50.0000,  0, 0, 0
L -565.0000, 1234.0000, 50.0000,  -564.0000, 1233.0000, 50.0000,  0, 0, 0
L -565.0000, 1236.0000, 51.0000,  -565.0000, 1234.0000, 50.0000,  0, 0, 0
L -566.0000, 1238.0000, 51.0000,  -565.0000, 1236.0000, 51.0000,  0, 0, 0
L -566.0000, 1250.0000, 53.0000,  -566.0000, 1238.0000, 51.0000,  0, 0, 0
L -565.0000, 1256.0000, 54.0000,  -566.0000, 1250.0000, 53.0000,  0, 0, 0
L -563.0000, 1267.0000, 53.0000,  -565.0000, 1256.0000, 54.0000,  0, 0, 0
L -561.0000, 1276.0000, 52.0000,  -563.0000, 1267.0000, 53.0000,  0, 0, 0
L -551.0000, 1295.0000, 52.0000,  -561.0000, 1276.0000, 52.0000,  0, 0, 0
L -483.0000, 1319.0000, 54.0000,  -551.0000, 1295.0000, 52.0000,  0, 0, 0
L -466.0000, 1321.0000, 53.0000,  -483.0000, 1319.0000, 54.0000,  0, 0, 0
L -450.0000, 1323.0000, 53.0000,  -466.0000, 1321.0000, 53.0000,  0, 0, 0
L -447.0000, 1323.0000, 53.0000,  -450.0000, 1323.0000, 53.0000,  0, 0, 0
L -438.0000, 1325.0000, 54.0000,  -447.0000, 1323.0000, 53.0000,  0, 0, 0
L -428.0000, 1326.0000, 54.0000,  -438.0000, 1325.0000, 54.0000,  0, 0, 0
L -425.0000, 1326.0000, 54.0000,  -428.0000, 1326.0000, 54.0000,  0, 0, 0
L -412.0000, 1328.0000, 55.0000,  -425.0000, 1326.0000, 54.0000,  0, 0, 0
L -403.0000, 1329.0000, 55.0000,  -412.0000, 1328.0000, 55.0000,  0, 0, 0
L -401.0000, 1329.0000, 55.0000,  -403.0000, 1329.0000, 55.0000,  0, 0, 0
L -313.0000, 1337.0000, 67.0000,  -401.0000, 1329.0000, 55.0000,  0, 0, 0
L -305.0000, 1335.0000, 65.0000,  -313.0000, 1337.0000, 67.0000,  0, 0, 0
L -294.0000, 1335.0000, 67.0000,  -305.0000, 1335.0000, 65.0000,  0, 0, 0
L -249.0000, 1329.0000, 66.0000,  -294.0000, 1335.0000, 67.0000,  0, 0, 0
L -240.0000, 1327.0000, 64.0000,  -249.0000, 1329.0000, 66.0000,  0, 0, 0
L -238.0000, 1326.0000, 64.0000,  -240.0000, 1327.0000, 64.0000,  0, 0, 0
L -231.0000, 1325.0000, 64.0000,  -238.0000, 1326.0000, 64.0000,  0, 0, 0
L -226.0000, 1325.0000, 64.0000,  -231.0000, 1325.0000, 64.0000,  0, 0, 0
L -219.0000, 1321.0000, 62.0000,  -226.0000, 1325.0000, 64.0000,  0, 0, 0
L -217.0000, 1321.0000, 62.0000,  -219.0000, 1321.0000, 62.0000,  0, 0, 0
L -212.0000, 1320.0000, 62.0000,  -217.0000, 1321.0000, 62.0000,  0, 0, 0
L -208.0000, 1319.0000, 62.0000,  -212.0000, 1320.0000, 62.0000,  0, 0, 0
L -206.0000, 1318.0000, 62.0000,  -208.0000, 1319.0000, 62.0000,  0, 0, 0
L -205.0000, 1318.0000, 62.0000,  -206.0000, 1318.0000, 62.0000,  0, 0, 0
L -200.0000, 1315.0000, 59.0000,  -205.0000, 1318.0000, 62.0000,  0, 0, 0
L -198.0000, 1314.0000, 58.0000,  -200.0000, 1315.0000, 59.0000,  0, 0, 0
L -183.0000, 1307.0000, 54.0000,  -198.0000, 1314.0000, 58.0000,  0, 0, 0
L -179.0000, 1305.0000, 54.0000,  -183.0000, 1307.0000, 54.0000,  0, 0, 0
L -177.0000, 1304.0000, 53.0000,  -179.0000, 1305.0000, 54.0000,  0, 0, 0
L -164.0000, 1295.0000, 47.0000,  -177.0000, 1304.0000, 53.0000,  0, 0, 0
L -156.0000, 1290.0000, 42.0000,  -164.0000, 1295.0000, 47.0000,  0, 0, 0
L -147.0000, 1285.0000, 45.0000,  -156.0000, 1290.0000, 42.0000,  0, 0, 0
L -146.0000, 1284.0000, 45.0000,  -147.0000, 1285.0000, 45.0000,  0, 0, 0
L -144.0000, 1283.0000, 45.0000,  -146.0000, 1284.0000, 45.0000,  0, 0, 0
L -143.0000, 1281.0000, 44.0000,  -144.0000, 1283.0000, 45.0000,  0, 0, 0
L -137.0000, 1274.0000, 39.0000,  -143.0000, 1281.0000, 44.0000,  0, 0, 0
L -134.0000, 1271.0000, 39.0000,  -137.0000, 1274.0000, 39.0000,  0, 0, 0
L -132.0000, 1270.0000, 39.0000,  -134.0000, 1271.0000, 39.0000,  0, 0, 0
L -128.0000, 1265.0000, 38.0000,  -132.0000, 1270.0000, 39.0000,  0, 0, 0
L -126.0000, 1264.0000, 38.0000,  -128.0000, 1265.0000, 38.0000,  0, 0, 0
L -125.0000, 1263.0000, 39.0000,  -126.0000, 1264.0000, 38.0000,  0, 0, 0
L -122.0000, 1261.0000, 40.0000,  -125.0000, 1263.0000, 39.0000,  0, 0, 0
L -120.0000, 1260.0000, 40.0000,  -122.0000, 1261.0000, 40.0000,  0, 0, 0
L -113.0000, 1254.0000, 42.0000,  -120.0000, 1260.0000, 40.0000,  0, 0, 0
L -111.0000, 1253.0000, 43.0000,  -113.0000, 1254.0000, 42.0000,  0, 0, 0
L -110.0000, 1252.0000, 44.0000,  -111.0000, 1253.0000, 43.0000,  0, 0, 0
L -108.0000, 1251.0000, 44.0000,  -110.0000, 1252.0000, 44.0000,  0, 0, 0
L -107.0000, 1250.0000, 44.0000,  -108.0000, 1251.0000, 44.0000,  0, 0, 0
L -108.0000, 1247.0000, 41.0000,  -107.0000, 1250.0000, 44.0000,  0, 0, 0
L -109.0000, 1246.0000, 40.0000,  -108.0000, 1247.0000, 41.0000,  0, 0, 0
L -103.0000, 1241.0000, 42.0000,  -109.0000, 1246.0000, 40.0000,  0, 0, 0
L -99.0000, 1236.0000, 43.0000,  -103.0000, 1241.0000, 42.0000,  0, 0, 0
L -96.0000, 1233.0000, 43.0000,  -99.0000, 1236.0000, 43.0000,  0, 0, 0
L -86.0000, 1216.0000, 40.0000,  -96.0000, 1233.0000, 43.0000,  0, 0, 0
L -84.0000, 1213.0000, 40.0000,  -86.0000, 1216.0000, 40.0000,  0, 0, 0
L -79.0000, 1208.0000, 40.0000,  -84.0000, 1213.0000, 40.0000,  0, 0, 0
L -76.0000, 1204.0000, 40.0000,  -79.0000, 1208.0000, 40.0000,  0, 0, 0
L -72.0000, 1198.0000, 38.0000,  -76.0000, 1204.0000, 40.0000,  0, 0, 0
L -71.0000, 1196.0000, 38.0000,  -72.0000, 1198.0000, 38.0000,  0, 0, 0
L -69.0000, 1193.0000, 38.0000,  -71.0000, 1196.0000, 38.0000,  0, 0, 0
L -67.0000, 1191.0000, 37.0000,  -69.0000, 1193.0000, 38.0000,  0, 0, 0
L -55.0000, 1174.0000, 34.0000,  -67.0000, 1191.0000, 37.0000,  0, 0, 0
L -49.0000, 1156.0000, 35.0000,  -55.0000, 1174.0000, 34.0000,  0, 0, 0
L -35.0000, 1116.0000, 37.0000,  -49.0000, 1156.0000, 35.0000,  0, 0, 0
L -31.0000, 1107.0000, 36.0000,  -35.0000, 1116.0000, 37.0000,  0, 0, 0
L -11.0000, 1050.0000, 25.0000,  -31.0000, 1107.0000, 36.0000,  0, 0, 0
L 5.0000, 987.0000, 23.0000,  -11.0000, 1050.0000, 25.0000,  0, 0, 0
L 22.0000, 937.0000, 16.0000,  5.0000, 987.0000, 23.0000,  0, 0, 0
L 31.0000, 899.0000, 5.0000,  22.0000, 937.0000, 16.0000,  0, 0, 0
L 32.0000, 897.0000, 4.0000,  31.0000, 899.0000, 5.0000,  0, 0, 0
L 50.0000, 852.0000, 7.0000,  32.0000, 897.0000, 4.0000,  0, 0, 0
L 54.0000, 837.0000, 8.0000,  50.0000, 852.0000, 7.0000,  0, 0, 0
L 55.0000, 827.0000, 8.0000,  54.0000, 837.0000, 8.0000,  0, 0, 0
L 56.0000, 820.0000, 8.0000,  55.0000, 827.0000, 8.0000,  0, 0, 0
L 56.0000, 813.0000, 12.0000,  56.0000, 820.0000, 8.0000,  0, 0, 0
L 57.0000, 790.0000, 15.0000,  56.0000, 813.0000, 12.0000,  0, 0, 0
L 56.0000, 771.0000, 17.0000,  57.0000, 790.0000, 15.0000,  0, 0, 0
L 56.0000, 719.0000, 26.0000,  56.0000, 771.0000, 17.0000,  0, 0, 0
L 56.0000, 717.0000, 26.0000,  56.0000, 719.0000, 26.0000,  0, 0, 0
L 55.0000, 715.0000, 26.0000,  56.0000, 717.0000, 26.0000,  0, 0, 0
L 55.0000, 713.0000, 28.0000,  55.0000, 715.0000, 26.0000,  0, 0, 0
L 55.0000, 712.0000, 28.0000,  55.0000, 713.0000, 28.0000,  0, 0, 0
L 56.0000, 660.0000, 38.0000,  55.0000, 712.0000, 28.0000,  0, 0, 0
L 56.0000, 658.0000, 38.0000,  56.0000, 660.0000, 38.0000,  0, 0, 0
L 55.0000, 655.0000, 38.0000,  56.0000, 658.0000, 38.0000,  0, 0, 0
L 55.0000, 653.0000, 39.0000,  55.0000, 655.0000, 38.0000,  0, 0, 0
L 56.0000, 650.0000, 40.0000,  55.0000, 653.0000, 39.0000,  0, 0, 0
L 56.0000, 614.0000, 41.0000,  56.0000, 650.0000, 40.0000,  0, 0, 0
L 57.0000, 595.0000, 41.0000,  56.0000, 614.0000, 41.0000,  0, 0, 0
L 59.0000, 552.0000, 32.0000,  57.0000, 595.0000, 41.0000,  0, 0, 0
L 60.0000, 506.0000, 23.0000,  59.0000, 552.0000, 32.0000,  0, 0, 0
L 59.0000, 463.0000, 6.0000,  60.0000, 506.0000, 23.0000,  0, 0, 0
L 60.0000, 422.0000, 1.0000,  59.0000, 463.0000, 6.0000,  0, 0, 0
L 60.0000, 420.0000, 0.0000,  60.0000, 422.0000, 1.0000,  0, 0, 0
L 56.0000, 379.0000, -10.0000,  60.0000, 420.0000, 0.0000,  0, 0, 0
L 53.0000, 344.0000, -15.0000,  56.0000, 379.0000, -10.0000,  0, 0, 0
L 53.0000, 322.0000, -17.0000,  53.0000, 344.0000, -15.0000,  0, 0, 0
L 55.0000, 288.0000, -17.0000,  53.0000, 322.0000, -17.0000,  0, 0, 0
L 56.0000, 248.0000, -23.0000,  55.0000, 288.0000, -17.0000,  0, 0, 0
L 59.0000, 199.0000, -29.0000,  56.0000, 248.0000, -23.0000,  0, 0, 0
L 60.0000, 180.0000, -34.0000,  59.0000, 199.0000, -29.0000,  0, 0, 0
L 60.0000, 129.0000, -34.0000,  60.0000, 180.0000, -34.0000,  0, 0, 0
L 60.0000, 97.0000, -25.0000,  60.0000, 129.0000, -34.0000,  0, 0, 0
L 59.0000, 89.0000, -24.0000,  60.0000, 97.0000, -25.0000,  0, 0, 0
L 59.0000, 88.0000, -24.0000,  59.0000, 89.0000, -24.0000,  0, 0, 0
L 59.0000, 72.0000, -20.0000,  59.0000, 88.0000, -24.0000,  0, 0, 0
L 59.0000, 70.0000, -19.0000,  59.0000, 72.0000, -20.0000,  0, 0, 0
L 59.0000, 66.0000, -19.0000,  59.0000, 70.0000, -19.0000,  0, 0, 0
L 65.0000, 54.0000, -19.0000,  59.0000, 66.0000, -19.0000,  0, 0, 0
L 65.0000, 52.0000, -20.0000,  65.0000, 54.0000, -19.0000,  0, 0, 0
L 61.0000, 42.0000, -24.0000,  65.0000, 52.0000, -20.0000,  0, 0, 0
L 60.0000, 40.0000, -21.0000,  61.0000, 42.0000, -24.0000,  0, 0, 0
L 55.0000, 31.0000, -6.0000,  60.0000, 40.0000, -21.0000,  0, 0, 0
L 50.0000, 23.0000, -2.0000,  55.0000, 31.0000, -6.0000,  0, 0, 0
L 48.0000, 21.0000, -2.0000,  50.0000, 23.0000, -2.0000,  0, 0, 0
L 48.0000, 19.0000, -3.0000,  48.0000, 21.0000, -2.0000,  0, 0, 0
L -12.0000, 254.0000, -126.0000,  -22.0000, 255.0000, -125.0000,  204, 0, 204
L -22.0000, 255.0000, -125.0000,  -40.0000, 256.0000, -124.0000,  204, 0, 204
L -40.0000, 256.0000, -124.0000,  -45.0000, 258.0000, -123.0000,  204, 0, 204
L -45.0000, 258.0000, -123.0000,  -48.0000, 259.0000, -123.0000,  204, 0, 204
L -48.0000, 259.0000, -123.0000,  -54.0000, 262.0000, -123.0000,  204, 0, 204
L -54.0000, 262.0000, -123.0000,  -55.0000, 263.0000, -123.0000,  204, 0, 204
L -55.0000, 263.0000, -123.0000,  -57.0000, 264.0000, -123.0000,  204, 0, 204
L -57.0000, 264.0000, -123.0000,  -61.0000, 267.0000, -123.0000,  204, 0, 204
L -61.0000, 267.0000, -123.0000,  -63.0000, 269.0000, -123.0000,  204, 0, 204
L -63.0000, 269.0000, -123.0000,  -68.0000, 275.0000, -123.0000,  204, 0, 204
L -68.0000, 275.0000, -123.0000,  -69.0000, 276.0000, -123.0000,  204, 0, 204
L -69.0000, 276.0000, -123.0000,  -71.0000, 279.0000, -123.0000,  204, 0, 204
L -71.0000, 279.0000, -123.0000,  -72.0000, 281.0000, -123.0000,  204, 0, 204
L -72.0000, 281.0000, -123.0000,  -73.0000, 282.0000, -122.0000,  204, 0, 204
L -73.0000, 282.0000, -122.0000,  -75.0000, 285.0000, -120.0000,  204, 0, 204
L -75.0000, 285.0000, -120.0000,  -77.0000, 291.0000, -121.0000,  204, 0, 204
L -77.0000, 291.0000, -121.0000,  -77.0000, 302.0000, -121.0000,  204, 0, 204
L -77.0000, 302.0000, -121.0000,  -77.0000, 303.0000, -122.0000,  204, 0, 204
L -77.0000, 303.0000, -122.0000,  -77.0000, 322.0000, -124.0000,  204, 0, 204
L -77.0000, 322.0000, -124.0000,  -76.0000, 329.0000, -124.0000,  204, 0, 204
L -76.0000, 329.0000, -124.0000,  -76.0000, 339.0000, -124.0000,  204, 0, 204
L -76.0000, 339.0000, -124.0000,  -80.0000, 347.0000, -121.0000,  204, 0, 204
L -80.0000, 347.0000, -121.0000,  -86.0000, 356.0000, -124.0000,  204, 0, 204
L -86.0000, 356.0000, -124.0000,  -89.0000, 361.0000, -124.0000,  204, 0, 204
L -89.0000, 361.0000, -124.0000,  -91.0000, 361.0000, -124.0000,  204, 0, 204
L -91.0000, 361.0000, -124.0000,  -103.0000, 356.0000, -124.0000,  204, 0, 204
L -103.0000, 356.0000, -124.0000,  -107.0000, 353.0000, -120.0000,  204, 0, 204
L -107.0000, 353.0000, -120.0000,  -107.0000, 352.0000, -119.0000,  204, 0, 204
L -107.0000, 352.0000, -119.0000,  -106.0000, 350.0000, -119.0000,  204, 0, 204
L -106.0000, 350.0000, -119.0000,  -107.0000, 347.0000, -119.0000,  204, 0, 204
L -107.0000, 347.0000, -119.0000,  -108.0000, 347.0000, -117.0000,  204, 0, 204
L -108.0000, 347.0000, -117.0000,  -114.0000, 347.0000, -116.0000,  204, 0, 204
L -114.0000, 347.0000, -116.0000,  -116.0000, 346.0000, -117.0000,  204, 0, 204
L -116.0000, 346.0000, -117.0000,  -125.0000, 347.0000, -116.0000,  204, 0, 204
L -125.0000, 347.0000, -116.0000,  -128.0000, 347.0000, -116.0000,  204, 0, 204
L -128.0000, 347.0000, -116.0000,  -130.0000, 347.0000, -117.0000,  204, 0, 204
L -130.0000, 347.0000, -117.0000,  -146.0000, 344.0000, -115.0000,  204, 0, 204
L -146.0000, 344.0000, -115.0000,  -148.0000, 344.0000, -115.0000,  204, 0, 204
L -148.0000, 344.0000, -115.0000,  -157.0000, 343.0000, -113.0000,  204, 0, 204
L -157.0000, 343.0000, -113.0000,  -167.0000, 343.0000, -114.0000,  204, 0, 204
L -167.0000, 343.0000, -114.0000,  -177.0000, 343.0000, -114.0000,  204, 0, 204
L -177.0000, 343.0000, -114.0000,  -187.0000, 343.0000, -113.0000,  204, 0, 204
L -187.0000, 343.0000, -113.0000,  -197.0000, 343.0000, -114.0000,  204, 0, 204
L -197.0000, 343.0000, -114.0000,  -202.0000, 343.0000, -113.0000,  204, 0, 204
L -202.0000, 343.0000, -113.0000,  -208.0000, 344.0000, -113.0000,  204, 0, 204
L -208.0000, 344.0000, -113.0000,  -214.0000, 345.0000, -114.0000,  204, 0, 204
L -214.0000, 345.0000, -114.0000,  -219.0000, 346.0000, -115.0000,  204, 0, 204
L -219.0000, 346.0000, -115.0000,  -221.0000, 347.0000, -114.0000,  204, 0, 204
L -221.0000, 347.0000, -114.0000,  -230.0000, 350.0000, -116.0000,  204, 0, 204
L -230.0000, 350.0000, -116.0000,  -234.0000, 351.0000, -116.0000,  204, 0, 204
L -234.0000, 351.0000, -116.0000,  -236.0000, 352.0000, -116.0000,  204, 0, 204
L -236.0000, 352.0000, -116.0000,  -240.0000, 352.0000, -116.0000,  204, 0, 204
L -240.0000, 352.0000, -116.0000,  -245.0000, 352.0000, -114.0000,  204, 0, 204
L -245.0000, 352.0000, -114.0000,  -246.0000, 352.0000, -112.0000,  204, 0, 204
L -246.0000, 352.0000, -112.0000,  -256.0000, 348.0000, -115.0000,  204, 0, 204
L -256.0000, 348.0000, -115.0000,  -263.0000, 345.0000, -115.0000,  204, 0, 204
L -263.0000, 345.0000, -115.0000,  -270.0000, 343.0000, -115.0000,  204, 0, 204
L -270.0000, 343.0000, -115.0000,  -279.0000, 346.0000, -116.0000,  204, 0, 204
L -279.0000, 346.0000, -116.0000,  -281.0000, 347.0000, -115.0000,  204, 0, 204
L -281.0000, 347.0000, -115.0000,  -281.0000, 348.0000, -115.0000,  204, 0, 204
L -281.0000, 348.0000, -115.0000,  -283.0000, 354.0000, -113.0000,  204, 0, 204
L -283.0000, 354.0000, -113.0000,  -284.0000, 357.0000, -113.0000,  204, 0, 204
L -284.0000, 357.0000, -113.0000,  -284.0000, 360.0000, -113.0000,  204, 0, 204
L -284.0000, 360.0000, -113.0000,  -285.0000, 366.0000, -113.0000,  204, 0, 204
L -285.0000, 366.0000, -113.0000,  -287.0000, 399.0000, -115.0000,  204, 0, 204
L -287.0000, 399.0000, -115.0000,  -287.0000, 401.0000, -117.0000,  204, 0, 204
L -287.0000, 401.0000, -117.0000,  -288.0000, 403.0000, -118.0000,  204, 0, 204
L -288.0000, 403.0000, -118.0000,  -289.0000, 406.0000, -123.0000,  204, 0, 204
L -289.0000, 406.0000, -123.0000,  -291.0000, 409.0000, -123.0000,  204, 0, 204
L -291.0000, 409.0000, -123.0000,  -293.0000, 409.0000, -123.0000,  204, 0, 204
L -293.0000, 409.0000, -123.0000,  -302.0000, 407.0000, -120.0000,  204, 0, 204
L -302.0000, 407.0000, -120.0000,  -310.0000, 405.0000, -114.0000,  204, 0, 204
L -310.0000, 405.0000, -114.0000,  -321.0000, 404.0000, -104.0000,  204, 0, 204
L -321.0000, 404.0000, -104.0000,  -337.0000, 403.0000, -91.0000,  204, 0, 204
L -337.0000, 403.0000, -91.0000,  -338.0000, 403.0000, -91.0000,  204, 0, 204
L -338.0000, 403.0000, -91.0000,  -342.0000, 401.0000, -87.0000,  204, 0, 204
L -342.0000, 401.0000, -87.0000,  -345.0000, 400.0000, -84.0000,  204, 0, 204
L -345.0000, 400.0000, -84.0000,  -347.0000, 399.0000, -83.0000,  204, 0, 204
L -347.0000, 399.0000, -83.0000,  -357.0000, 392.0000, -79.0000,  204, 0, 204
L -357.0000, 392.0000, -79.0000,  -358.0000, 391.0000, -78.0000,  204, 0, 204
L -358.0000, 391.0000, -78.0000,  -362.0000, 390.0000, -76.0000,  204, 0, 204
L -362.0000, 390.0000, -76.0000,  -369.0000, 389.0000, -73.0000,  204, 0, 204
L -369.0000, 389.0000, -73.0000,  -374.0000, 388.0000, -71.0000,  204, 0, 204
L -374.0000, 388.0000, -71.0000,  -376.0000, 388.0000, -70.0000,  204, 0, 204
L -376.0000, 388.0000, -70.0000,  -383.0000, 387.0000, -66.0000,  204, 0, 204
L -383.0000, 387.0000, -66.0000,  -383.0000, 386.0000, -66.0000,  204, 0, 204
L -383.0000, 386.0000, -66.0000,  -387.0000, 386.0000, -64.0000,  204, 0, 204
L -387.0000, 386.0000, -64.0000,  -399.0000, 391.0000, -59.0000,  204, 0, 204
L -399.0000, 391.0000, -59.0000,  -407.0000, 396.0000, -55.0000,  204, 0, 204
L -407.0000, 396.0000, -55.0000,  -424.0000, 405.0000, -38.0000,  204, 0, 204
L -424.0000, 405.0000, -38.0000,  -425.0000, 405.0000, -37.0000,  204, 0, 204
L -425.0000, 405.0000, -37.0000,  -429.0000, 405.0000, -35.0000,  204, 0, 204
L -429.0000, 405.0000, -35.0000,  -439.0000, 401.0000, -35.0000,  204, 0, 204
L -439.0000, 401.0000, -35.0000,  -441.0000, 400.0000, -34.0000,  204, 0, 204
L -441.0000, 400.0000, -34.0000,  -446.0000, 397.0000, -33.0000,  204, 0, 204
L -446.0000, 397.0000, -33.0000,  -447.0000, 395.0000, -33.0000,  204, 0, 204
L -447.0000, 395.0000, -33.0000,  -448.0000, 394.0000, -33.0000,  204, 0, 204
L -448.0000, 394.0000, -33.0000,  -465.3000, 376.7000, -35.6000,  204, 0, 204
L -455.0000, 387.0000, -34.0000,  -456.0000, 386.0000, -34.0000,  204, 0, 204
L -456.0000, 448.9000, -34.0000,  -455.0000, 447.0000, -34.0000,  204, 0, 204
L -455.0000, 447.0000, -34.0000,  -448.0000, 440.0000, -33.0000,  204, 0, 204
L -448.0000, 440.0000, -33.0000,  -439.0000, 433.0000, -35.0000,  204, 0, 204
L -439.0000, 433.0000, -35.0000,  -436.0000, 431.0000, -35.0000,  204, 0, 204
L -436.0000, 431.0000, -35.0000,  -432.0000, 430.0000, -35.0000,  204, 0, 204
L -432.0000, 430.0000, -35.0000,  -430.0000, 429.0000, -35.0000,  204, 0, 204
L -430.0000, 429.0000, -35.0000,  -412.0000, 424.0000, -42.0000,  204, 0, 204
L -412.0000, 424.0000, -42.0000,  -410.0000, 424.0000, -43.0000,  204, 0, 204
L -410.0000, 424.0000, -43.0000,  -405.0000, 422.0000, -46.0000,  204, 0, 204
L -405.0000, 422.0000, -46.0000,  -403.0000, 421.0000, -47.0000,  204, 0, 204
L -403.0000, 421.0000, -47.0000,  -401.0000, 420.0000, -49.0000,  204, 0, 204
L -401.0000, 420.0000, -49.0000,  -393.0000, 414.0000, -53.0000,  204, 0, 204
L -393.0000, 414.0000, -53.0000,  -389.0000, 412.0000, -56.0000,  204, 0, 204
L -389.0000, 412.0000, -56.0000,  -387.0000, 411.0000, -57.0000,  204, 0, 204
L -387.0000, 411.0000, -57.0000,  -378.0000, 406.0000, -69.0000,  204, 0, 204
L -378.0000, 406.0000, -69.0000,  -376.0000, 406.0000, -69.0000,  204, 0, 204
L -376.0000, 406.0000, -69.0000,  -369.0000, 409.0000, -74.0000,  204, 0, 204
L -369.0000, 409.0000, -74.0000,  -368.0000, 410.0000, -75.0000,  204, 0, 204
L -368.0000, 410.0000, -75.0000,  -351.0000, 419.0000, -88.0000,  204, 0, 204
L -351.0000, 419.0000, -88.0000,  -344.0000, 423.0000, -92.0000,  204, 0, 204
L -344.0000, 423.0000, -92.0000,  -342.0000, 423.0000, -93.0000,  204, 0, 204
L -342.0000, 423.0000, -93.0000,  -335.0000, 426.0000, -97.0000,  204, 0, 204
L -335.0000, 426.0000, -97.0000,  -333.0000, 426.0000, -97.0000,  204, 0, 204
L -333.0000, 426.0000, -97.0000,  -325.0000, 427.0000, -102.0000,  204, 0, 204
L -325.0000, 427.0000, -102.0000,  -323.0000, 427.0000, -103.0000,  204, 0, 204
L -323.0000, 427.0000, -103.0000,  -309.0000, 428.0000, -114.0000,  204, 0, 204
L -309.0000, 428.0000, -114.0000,  -303.0000, 429.0000, -119.0000,  204, 0, 204
L -303.0000, 429.0000, -119.0000,  -294.0000, 430.0000, -123.0000,  204, 0, 204
L -294.0000, 430.0000, -123.0000,  -281.0000, 432.0000, -122.0000,  204, 0, 204
L -281.0000, 432.0000, -122.0000,  -280.0000, 433.0000, -121.0000,  204, 0, 204
L -280.0000, 433.0000, -121.0000,  -273.0000, 440.0000, -118.0000,  204, 0, 204
L -273.0000, 440.0000, -118.0000,  -265.0000, 449.0000, -124.0000,  204, 0, 204
L -265.0000, 449.0000, -124.0000,  -266.0000, 451.0000, -124.0000,  204, 0, 204
L -266.0000, 451.0000, -124.0000,  -266.0000, 454.0000, -124.0000,  204, 0, 204
L -266.0000, 454.0000, -124.0000,  -268.0000, 458.0000, -124.0000,  204, 0, 204
L -268.0000, 458.0000, -124.0000,  -270.0000, 466.0000, -123.0000,  204, 0, 204
L -270.0000, 466.0000, -123.0000,  -271.0000, 468.0000, -123.0000,  204, 0, 204
L -271.0000, 468.0000, -123.0000,  -271.0000, 474.0000, -123.0000,  204, 0, 204
L -271.0000, 474.0000, -123.0000,  -272.0000, 476.0000, -123.0000,  204, 0, 204
L -272.0000, 476.0000, -123.0000,  -271.0000, 483.0000, -123.0000,  204, 0, 204
L -271.0000, 483.0000, -123.0000,  -271.0000, 484.0000, -123.0000,  204, 0, 204
L -271.0000, 484.0000, -123.0000,  -269.0000, 485.0000, -122.0000,  204, 0, 204
L -269.0000, 485.0000, -122.0000,  -268.0000, 486.0000, -120.0000,  204, 0, 204
L -268.0000, 486.0000, -120.0000,  -266.0000, 486.0000, -119.0000,  204, 0, 204
L -266.0000, 486.0000, -119.0000,  -257.0000, 488.0000, -118.0000,  204, 0, 204
L -257.0000, 488.0000, -118.0000,  -242.0000, 488.0000, -118.0000,  204, 0, 204
L -242.0000, 488.0000, -118.0000,  -233.0000, 488.0000, -115.0000,  204, 0, 204
L -233.0000, 488.0000, -115.0000,  -226.0000, 489.0000, -114.0000,  204, 0, 204
L -226.0000, 489.0000, -114.0000,  -216.0000, 490.0000, -113.0000,  204, 0, 204
L -216.0000, 490.0000, -113.0000,  -206.0000, 491.0000, -111.0000,  204, 0, 204
L -206.0000, 491.0000, -111.0000,  -197.0000, 491.0000, -113.0000,  204, 0, 204
L -197.0000, 491.0000, -113.0000,  -187.0000, 491.0000, -113.0000,  204, 0, 204
L -187.0000, 491.0000, -113.0000,  -179.0000, 489.0000, -115.0000,  204, 0, 204
L -179.0000, 489.0000, -115.0000,  -165.0000, 488.0000, -119.0000,  204, 0, 204
L -165.0000, 488.0000, -119.0000,  -157.0000, 487.0000, -122.0000,  204, 0, 204
L -157.0000, 487.0000, -122.0000,  -150.0000, 487.0000, -122.0000,  204, 0, 204
L -150.0000, 487.0000, -122.0000,  -140.0000, 487.0000, -123.0000,  204, 0, 204
L -140.0000, 487.0000, -123.0000,  -130.0000, 488.0000, -117.0000,  204, 0, 204
L -130.0000, 488.0000, -117.0000,  -120.0000, 489.0000, -116.0000,  204, 0, 204
L -120.0000, 489.0000, -116.0000,  -111.0000, 490.0000, -116.0000,  204, 0, 204
L -111.0000, 490.0000, -116.0000,  -99.0000, 491.0000, -114.0000,  204, 0, 204
L -99.0000, 491.0000, -114.0000,  -89.0000, 492.0000, -113.0000,  204, 0, 204
L -89.0000, 492.0000, -113.0000,  -76.0000, 492.0000, -114.0000,  204, 0, 204
L -76.0000, 492.0000, -114.0000,  -66.0000, 493.0000, -111.0000,  204, 0, 204
L -66.0000, 493.0000, -111.0000,  -47.0000, 493.0000, -112.0000,  204, 0, 204
L -47.0000, 493.0000, -112.0000,  -17.0000, 494.0000, -114.0000,  204, 0, 204
L -17.0000, 494.0000, -114.0000,  -7.0000, 494.0000, -113.0000,  204, 0, 204
L -7.0000, 494.0000, -113.0000,  3.0000, 494.0000, -113.0000,  204, 0, 204
L 3.0000, 494.0000, -113.0000,  4.0000, 494.0000, -112.0000,  204, 0, 204
L 4.0000, 494.0000, -112.0000,  6.0000, 493.0000, -112.0000,  204, 0, 204
L 6.0000, 493.0000, -112.0000,  8.0000, 493.0000, -112.0000,  204, 0, 204
L 8.0000, 493.0000, -112.0000,  10.0000, 492.0000, -112.0000,  204, 0, 204
L 10.0000, 492.0000, -112.0000,  11.0000, 492.0000, -112.0000,  204, 0, 204
L 11.0000, 492.0000, -112.0000,  13.0000, 491.0000, -112.0000,  204, 0, 204
L 13.0000, 491.0000, -112.0000,  14.0000, 490.0000, -111.0000,  204, 0, 204
L 14.0000, 490.0000, -111.0000,  15.0000, 489.0000, -112.0000,  204, 0, 204
L 15.0000, 489.0000, -112.0000,  18.0000, 486.0000, -112.0000,  204, 0, 204
L 18.0000, 486.0000, -112.0000,  21.0000, 482.0000, -110.0000,  204, 0, 204
L 21.0000, 482.0000, -110.0000,  21.0000, 480.0000, -110.0000,  204, 0, 204
L 21.0000, 480.0000, -110.0000,  20.0000, 465.0000, -113.0000,  204, 0, 204
L 20.0000, 465.0000, -113.0000,  20.0000, 457.0000, -111.0000,  204, 0, 204
L 20.0000, 457.0000, -111.0000,  17.0000, 437.0000, -112.0000,  204, 0, 204
L 17.0000, 437.0000, -112.0000,  16.0000, 432.0000, -114.0000,  204, 0, 204
L 16.0000, 432.0000, -114.0000,  16.0000, 430.0000, -114.0000,  204, 0, 204
L 16.0000, 430.0000, -114.0000,  15.0000, 407.0000, -114.0000,  204, 0, 204
L 15.0000, 407.0000, -114.0000,  14.0000, 403.0000, -115.0000,  204, 0, 204
L 14.0000, 403.0000, -115.0000,  13.0000, 401.0000, -115.0000,  204, 0, 204
L 13.0000, 401.0000, -115.0000,  11.0000, 394.0000, -119.0000,  204, 0, 204
L 11.0000, 394.0000, -119.0000,  8.0000, 387.0000, -119.0000,  204, 0, 204
L 8.0000, 387.0000, -119.0000,  5.0000, 374.0000, -124.0000,  204, 0, 204
L 5.0000, 374.0000, -124.0000,  4.0000, 372.0000, -124.0000,  204, 0, 204
L 4.0000, 372.0000, -124.0000,  3.0000, 371.0000, -124.0000,  204, 0, 204
L 3.0000, 371.0000, -124.0000,  1.0000, 368.0000, -123.0000,  204, 0, 204
L 1.0000, 368.0000, -123.0000,  1.0000, 367.0000, -123.0000,  204, 0, 204
L 1.0000, 367.0000, -123.0000,  -1.0000, 356.0000, -123.0000,  204, 0, 204
L -1.0000, 356.0000, -123.0000,  -2.0000, 354.0000, -123.0000,  204, 0, 204
L -2.0000, 354.0000, -123.0000,  -2.0000, 352.0000, -123.0000,  204, 0, 204
L -2.0000, 352.0000, -123.0000,  -3.0000, 351.0000, -123.0000,  204, 0, 204
L -3.0000, 351.0000, -123.0000,  -4.0000, 349.0000, -123.0000,  204, 0, 204
L -4.0000, 349.0000, -123.0000,  -10.0000, 350.0000, -123.0000,  204, 0, 204
L -10.0000, 350.0000, -123.0000,  -14.0000, 351.0000, -123.0000,  204, 0, 204
L -14.0000, 351.0000, -123.0000,  -16.0000, 350.0000, -121.0000,  204, 0, 204
L -16.0000, 350.0000, -121.0000,  -23.0000, 348.0000, -118.0000,  204, 0, 204
L -23.0000, 348.0000, -118.0000,  -26.0000, 347.0000, -117.0000,  204, 0, 204
L -26.0000, 347.0000, -117.0000,  -33.0000, 345.0000, -116.0000,  204, 0, 204
L -33.0000, 345.0000, -116.0000,  -43.0000, 342.0000, -119.0000,  204, 0, 204
L -43.0000, 342.0000, -119.0000,  -44.0000, 341.0000, -124.0000,  204, 0, 204
L -44.0000, 341.0000, -124.0000,  -48.0000, 337.0000, -124.0000,  204, 0, 204
L -48.0000, 337.0000, -124.0000,  -48.0000, 335.0000, -124.0000,  204, 0, 204
L -48.0000, 335.0000, -124.0000,  -49.0000, 325.0000, -124.0000,  204, 0, 204
L -49.0000, 325.0000, -124.0000,  -48.0000, 306.0000, -124.0000,  204, 0, 204
L -48.0000, 306.0000, -124.0000,  -48.0000, 304.0000, -124.0000,  204, 0, 204
L -48.0000, 304.0000, -124.0000,  -43.0000, 288.0000, -123.0000,  204, 0, 204
L -43.0000, 288.0000, -123.0000,  -41.0000, 285.0000, -123.0000,  204, 0, 204
L -41.0000, 285.0000, -123.0000,  -38.0000, 283.0000, -122.0000,  204, 0, 204
L -38.0000, 283.0000, -122.0000,  -29.0000, 276.0000, -123.0000,  204, 0, 204
L -29.0000, 276.0000, -123.0000,  -21.0000, 274.0000, -123.0000,  204, 0, 204
L -21.0000, 274.0000, -123.0000,  -2.0000, 272.0000, -123.0000,  204, 0, 204
L -2.0000, 272.0000, -123.0000,  -0.0000, 272.0000, -123.0000,  204, 0, 204
L -0.0000, 272.0000, -123.0000,  4.0000, 270.0000, -123.0000,  204, 0, 204
L 4.0000, 270.0000, -123.0000,  7.0000, 268.0000, -123.0000,  204, 0, 204
L 7.0000, 268.0000, -123.0000,  10.0000, 265.0000, -123.0000,  204, 0, 204
L 10.0000, 265.0000, -123.0000,  15.0000, 258.0000, -123.0000,  204, 0, 204
L 15.0000, 258.0000, -123.0000,  16.0000, 257.0000, -123.0000,  204, 0, 204
L 16.0000, 257.0000, -123.0000,  17.0000, 255.0000, -123.0000,  204, 0, 204
L -569.7000, 292.1000, -35.2000,  -572.0000, 284.0000, -31.0000,  204, 0, 204
L -572.0000, 284.0000, -31.0000,  -573.0000, 282.0000, -32.0000,  204, 0, 204
L -573.0000, 282.0000, -32.0000,  -574.0000, 279.0000, -34.0000,  204, 0, 204
L -574.0000, 279.0000, -34.0000,  -578.0000, 275.0000, -34.0000,  204, 0, 204
L -578.0000, 275.0000, -34.0000,  -580.0000, 274.0000, -34.0000,  204, 0, 204
L -580.0000, 274.0000, -34.0000,  -582.0000, 272.0000, -34.0000,  204, 0, 204
L -582.0000, 272.0000, -34.0000,  -584.0000, 271.0000, -34.0000,  204, 0, 204
L -584.0000, 271.0000, -34.0000,  -585.0000, 270.0000, -34.0000,  204, 0, 204
L -585.0000, 270.0000, -34.0000,  -587.0000, 269.0000, -34.0000,  204, 0, 204
L -587.0000, 269.0000, -34.0000,  -588.0000, 269.0000, -34.0000,  204, 0, 204
L -588.0000, 269.0000, -34.0000,  -592.0000, 267.0000, -34.0000,  204, 0, 204
L -592.0000, 267.0000, -34.0000,  -601.0000, 264.0000, -36.0000,  204, 0, 204
L -601.0000, 264.0000, -36.0000,  -603.0000, 263.0000, -36.0000,  204, 0, 204
L -603.0000, 263.0000, -36.0000,  -607.0000, 262.0000, -36.0000,  204, 0, 204
L -607.0000, 262.0000, -36.0000,  -608.0000, 261.0000, -36.0000,  204, 0, 204
L -608.0000, 261.0000, -36.0000,  -612.0000, 257.0000, -35.0000,  204, 0, 204
L -612.0000, 257.0000, -35.0000,  -614.0000, 256.0000, -36.0000,  204, 0, 204
L -614.0000, 256.0000, -36.0000,  -616.0000, 254.0000, -36.0000,  204, 0, 204
L -616.0000, 254.0000, -36.0000,  -618.0000, 253.0000, -36.0000,  204, 0, 204
L -618.0000, 253.0000, -36.0000,  -620.0000, 251.0000, -36.0000,  204, 0, 204
L -620.0000, 251.0000, -36.0000,  -622.0000, 248.0000, -34.0000,  204, 0, 204
L -622.0000, 248.0000, -34.0000,  -623.0000, 247.0000, -33.0000,  204, 0, 204
L -623.0000, 247.0000, -33.0000,  -624.0000, 245.0000, -32.0000,  204, 0, 204
L -624.0000, 245.0000, -32.0000,  -625.0000, 244.0000, -30.0000,  204, 0, 204
L -625.0000, 244.0000, -30.0000,  -627.0000, 241.0000, -30.0000,  204, 0, 204
L -627.0000, 241.0000, -30.0000,  -628.0000, 238.0000, -29.0000,  204, 0, 204
L -628.0000, 238.0000, -29.0000,  -630.0000, 233.0000, -28.0000,  204, 0, 204
L -630.0000, 233.0000, -28.0000,  -631.0000, 232.0000, -28.0000,  204, 0, 204
L -631.0000, 232.0000, -28.0000,  -632.0000, 229.0000, -26.0000,  204, 0, 204
L -632.0000, 229.0000, -26.0000,  -633.0000, 224.0000, -23.0000,  204, 0, 204
L -633.0000, 224.0000, -23.0000,  -634.0000, 222.0000, -23.0000,  204, 0, 204
L -634.0000, 222.0000, -23.0000,  -634.0000, 216.0000, -22.0000,  204, 0, 204
L -634.0000, 216.0000, -22.0000,  -636.0000, 215.0000, -22.0000,  204, 0, 204
L -636.0000, 215.0000, -22.0000,  -637.0000, 213.0000, -22.0000,  204, 0, 204
L -637.0000, 213.0000, -22.0000,  -635.0000, 209.0000, -22.0000,  204, 0, 204
L -635.0000, 209.0000, -22.0000,  -634.0000, 206.0000, -22.0000,  204, 0, 204
L -634.0000, 206.0000, -22.0000,  -632.0000, 200.0000, -23.0000,  204, 0, 204
L -632.0000, 200.0000, -23.0000,  -631.0000, 198.0000, -23.0000,  204, 0, 204
L -631.0000, 198.0000, -23.0000,  -629.0000, 197.0000, -23.0000,  204, 0, 204
L -629.0000, 197.0000, -23.0000,  -623.0000, 193.0000, -23.0000,  204, 0, 204
L -623.0000, 193.0000, -23.0000,  -621.0000, 192.0000, -23.0000,  204, 0, 204
L -621.0000, 192.0000, -23.0000,  -614.0000, 189.0000, -20.0000,  204, 0, 204
L -614.0000, 189.0000, -20.0000,  -613.0000, 188.0000, -19.0000,  204, 0, 204
L -613.0000, 188.0000, -19.0000,  -609.0000, 186.0000, -19.0000,  204, 0, 204
L -609.0000, 186.0000, -19.0000,  -607.0000, 185.0000, -18.0000,  204, 0, 204
L -607.0000, 185.0000, -18.0000,  -604.0000, 184.0000, -17.0000,  204, 0, 204
L -604.0000, 184.0000, -17.0000,  -598.0000, 182.0000, -16.0000,  204, 0, 204
L -598.0000, 182.0000, -16.0000,  -572.0000, 177.0000, -6.0000,  204, 0, 204
L -572.0000, 177.0000, -6.0000,  -560.0000, 175.0000, -1.0000,  204, 0, 204
L -560.0000, 175.0000, -1.0000,  -558.0000, 175.0000, -1.0000,  204, 0, 204
L -558.0000, 175.0000, -1.0000,  -557.0000, 174.0000, -1.0000,  204, 0, 204
L -557.0000, 174.0000, -1.0000,  -554.0000, 173.0000, 1.0000,  204, 0, 204
L -554.0000, 173.0000, 1.0000,  -551.0000, 171.0000, -0.0000,  204, 0, 204
L -551.0000, 171.0000, -0.0000,  -549.0000, 170.0000, -0.0000,  204, 0, 204
L -549.0000, 170.0000, -0.0000,  -547.0000, 168.0000, -1.0000,  204, 0, 204
L -547.0000, 168.0000, -1.0000,  -546.0000, 167.0000, -2.0000,  204, 0, 204
L -546.0000, 167.0000, -2.0000,  -541.0000, 163.0000, -2.0000,  204, 0, 204
L -541.0000, 163.0000, -2.0000,  -531.0000, 153.0000, -1.0000,  204, 0, 204
L -531.0000, 153.0000, -1.0000,  -524.0000, 146.0000, 2.0000,  204, 0, 204
L -524.0000, 146.0000, 2.0000,  -514.0000, 136.0000, 3.0000,  204, 0, 204
L -514.0000, 136.0000, 3.0000,  -507.0000, 129.0000, 3.0000,  204, 0, 204
L -507.0000, 129.0000, 3.0000,  -506.0000, 127.0000, 3.0000,  204, 0, 204
L -491.0000, 145.0000, 3.0000,  -505.0000, 159.0000, 3.0000,  204, 0, 204
L -505.0000, 159.0000, 3.0000,  -512.0000, 166.0000, 0.0000,  204, 0, 204
L -512.0000, 166.0000, 0.0000,  -527.0000, 181.0000, -0.0000,  204, 0, 204
L -527.0000, 181.0000, -0.0000,  -528.0000, 182.0000, -1.0000,  204, 0, 204
L -528.0000, 182.0000, -1.0000,  -531.0000, 185.0000, -1.0000,  204, 0, 204
L -531.0000, 185.0000, -1.0000,  -536.0000, 188.0000, -2.0000,  204, 0, 204
L -536.0000, 188.0000, -2.0000,  -538.0000, 189.0000, -2.0000,  204, 0, 204
L -538.0000, 189.0000, -2.0000,  -544.0000, 193.0000, -1.0000,  204, 0, 204
L -544.0000, 193.0000, -1.0000,  -546.0000, 194.0000, -1.0000,  204, 0, 204
L -546.0000, 194.0000, -1.0000,  -551.0000, 195.0000, -1.0000,  204, 0, 204
L -551.0000, 195.0000, -1.0000,  -566.0000, 198.0000, -2.0000,  204, 0, 204
L -566.0000, 198.0000, -2.0000,  -573.0000, 198.0000, -5.0000,  204, 0, 204
L -573.0000, 198.0000, -5.0000,  -583.0000, 198.0000, -8.0000,  204, 0, 204
L -583.0000, 198.0000, -8.0000,  -590.0000, 199.0000, -10.0000,  204, 0, 204
L -590.0000, 199.0000, -10.0000,  -592.0000, 199.0000, -10.0000,  204, 0, 204
L -592.0000, 199.0000, -10.0000,  -602.0000, 200.0000, -15.0000,  204, 0, 204
L -602.0000, 200.0000, -15.0000,  -604.0000, 200.0000, -20.0000,  204, 0, 204
L -604.0000, 200.0000, -20.0000,  -605.0000, 202.0000, -20.0000,  204, 0, 204
L -605.0000, 202.0000, -20.0000,  -610.0000, 209.0000, -24.0000,  204, 0, 204
L -610.0000, 209.0000, -24.0000,  -611.0000, 211.0000, -24.0000,  204, 0, 204
L -611.0000, 211.0000, -24.0000,  -613.0000, 214.0000, -23.0000,  204, 0, 204
L -613.0000, 214.0000, -23.0000,  -614.0000, 216.0000, -24.0000,  204, 0, 204
L -614.0000, 216.0000, -24.0000,  -614.0000, 218.0000, -24.0000,  204, 0, 204
L -614.0000, 218.0000, -24.0000,  -617.0000, 227.0000, -25.0000,  204, 0, 204
L -617.0000, 227.0000, -25.0000,  -616.0000, 229.0000, -27.0000,  204, 0, 204
L -616.0000, 229.0000, -27.0000,  -615.0000, 230.0000, -28.0000,  204, 0, 204
L -615.0000, 230.0000, -28.0000,  -608.0000, 237.0000, -29.0000,  204, 0, 204
L -608.0000, 237.0000, -29.0000,  -607.0000, 238.0000, -29.0000,  204, 0, 204
L -607.0000, 238.0000, -29.0000,  -604.0000, 240.0000, -31.0000,  204, 0, 204
L -604.0000, 240.0000, -31.0000,  -603.0000, 241.0000, -32.0000,  204, 0, 204
L -603.0000, 241.0000, -32.0000,  -601.0000, 242.0000, -32.0000,  204, 0, 204
L -601.0000, 242.0000, -32.0000,  -599.0000, 243.0000, -31.0000,  204, 0, 204
L -599.0000, 243.0000, -31.0000,  -595.0000, 245.0000, -31.0000,  204, 0, 204
L -595.0000, 245.0000, -31.0000,  -586.0000, 249.0000, -35.0000,  204, 0, 204
L -586.0000, 249.0000, -35.0000,  -576.0000, 252.0000, -35.0000,  204, 0, 204
L -576.0000, 252.0000, -35.0000,  -568.0000, 256.0000, -35.0000,  204, 0, 204
L -568.0000, 256.0000, -35.0000,  -567.0000, 257.0000, -35.0000,  204, 0, 204
L -567.0000, 257.0000, -35.0000,  -560.0000, 261.0000, -34.0000,  204, 0, 204
L -560.0000, 261.0000, -34.0000,  -558.0000, 262.0000, -34.0000,  204, 0, 204
L -558.0000, 262.0000, -34.0000,  -556.0000, 263.0000, -33.0000,  204, 0, 204
L -556.0000, 263.0000, -33.0000,  -553.0000, 265.0000, -33.0000,  204, 0, 204
L -553.0000, 265.0000, -33.0000,  -552.0000, 266.0000, -33.0000,  204, 0, 204
L -552.0000, 266.0000, -33.0000,  -551.0000, 268.0000, -33.0000,  204, 0, 204
L -551.0000, 268.0000, -33.0000,  -550.0000, 269.0000, -32.0000,  204, 0, 204
L -550.0000, 269.0000, -32.0000,  -549.0000, 270.0000, -32.0000,  204, 0, 204
L -549.0000, 270.0000, -32.0000,  -548.0000, 272.0000, -32.0000,  204, 0, 204
L -548.0000, 272.0000, -32.0000,  -548.0000, 274.0000, -32.0000,  204, 0, 204
L -548.0000, 274.0000, -32.0000,  -547.0000, 276.0000, -32.0000,  204, 0, 204
L -547.0000, 276.0000, -32.0000,  -547.0000, 282.0000, -33.0000,  204, 0, 204
L -547.0000, 282.0000, -33.0000,  -547.0000, 283.0000, -34.0000,  204, 0, 204
L -547.0000, 283.0000, -34.0000,  -546.0000, 286.0000, -35.0000,  204, 0, 204
L -546.0000, 286.0000, -35.0000,  -546.0000, 288.0000, -35.0000,  204, 0, 204
L -546.0000, 288.0000, -35.0000,  -542.0000, 298.0000, -34.0000,  204, 0, 204
L -542.0000, 298.0000, -34.0000,  -540.0000, 303.0000, -33.0000,  204, 0, 204
L -540.0000, 303.0000, -33.0000,  -539.0000, 305.0000, -33.0000,  204, 0, 204
L -539.0000, 305.0000, -33.0000,  -537.0000, 308.0000, -33.0000,  204, 0, 204
L -537.0000, 308.0000, -33.0000,  -536.0000, 310.0000, -32.0000,  204, 0, 204
L -536.0000, 310.0000, -32.0000,  -535.0000, 311.0000, -33.0000,  204, 0, 204
L -535.0000, 311.0000, -33.0000,  -534.0000, 313.0000, -33.0000,  204, 0, 204
L -534.0000, 313.0000, -33.0000,  -532.0000, 315.0000, -32.0000,  204, 0, 204
L -532.0000, 315.0000, -32.0000,  -526.0000, 323.0000, -32.0000,  204, 0, 204
L -526.0000, 323.0000, -32.0000,  -523.0000, 326.0000, -34.0000,  204, 0, 204
L -523.0000, 326.0000, -34.0000,  -518.9000, 332.3000, -35.6000,  204, 0, 204
L -569.0000, 531.5000, -75.0000,  -569.0000, 548.0000, -74.0000,  178, 102, 255
L -569.0000, 548.0000, -74.0000,  -570.0000, 566.0000, -63.0000,  178, 102, 255
L -570.0000, 566.0000, -63.0000,  -570.0000, 578.0000, -57.0000,  178, 102, 255
L -570.0000, 578.0000, -57.0000,  -571.0000, 582.0000, -56.0000,  178, 102, 255
L -571.0000, 582.0000, -56.0000,  -571.0000, 583.0000, -56.0000,  178, 102, 255
L -571.0000, 583.0000, -56.0000,  -572.0000, 585.0000, -54.0000,  178, 102, 255
L -572.0000, 585.0000, -54.0000,  -573.0000, 588.0000, -52.0000,  178, 102, 255
L -573.0000, 588.0000, -52.0000,  -576.0000, 595.0000, -49.0000,  178, 102, 255
L -576.0000, 595.0000, -49.0000,  -576.0000, 596.0000, -48.0000,  178, 102, 255
L -576.0000, 596.0000, -48.0000,  -577.0000, 598.0000, -47.0000,  178, 102, 255
L -577.0000, 598.0000, -47.0000,  -578.0000, 599.0000, -46.0000,  178, 102, 255
L -578.0000, 599.0000, -46.0000,  -580.0000, 600.0000, -43.0000,  178, 102, 255
L -580.0000, 600.0000, -43.0000,  -581.0000, 601.0000, -43.0000,  178, 102, 255
L -581.0000, 601.0000, -43.0000,  -590.0000, 604.0000, -37.0000,  178, 102, 255
L -590.0000, 604.0000, -37.0000,  -591.0000, 605.0000, -36.0000,  178, 102, 255
L -591.0000, 605.0000, -36.0000,  -593.0000, 605.0000, -35.0000,  178, 102, 255
L -593.0000, 605.0000, -35.0000,  -602.0000, 606.0000, -30.0000,  178, 102, 255
L -602.0000, 606.0000, -30.0000,  -614.0000, 607.0000, -25.0000,  178, 102, 255
L -614.0000, 607.0000, -25.0000,  -624.0000, 607.0000, -21.0000,  178, 102, 255
L -624.0000, 607.0000, -21.0000,  -628.0000, 607.0000, -20.0000,  178, 102, 255
L -628.0000, 607.0000, -20.0000,  -637.0000, 606.0000, -20.0000,  178, 102, 255
L -637.0000, 606.0000, -20.0000,  -639.0000, 605.0000, -21.0000,  178, 102, 255
L -639.0000, 605.0000, -21.0000,  -648.0000, 603.0000, -21.0000,  178, 102, 255
L -648.0000, 603.0000, -21.0000,  -657.0000, 601.0000, -22.0000,  178, 102, 255
L -657.0000, 601.0000, -22.0000,  -659.0000, 601.0000, -22.0000,  178, 102, 255
L -659.0000, 601.0000, -22.0000,  -662.0000, 600.0000, -22.0000,  178, 102, 255
L -662.0000, 600.0000, -22.0000,  -664.0000, 599.0000, -21.0000,  178, 102, 255
L -664.0000, 599.0000, -21.0000,  -666.0000, 598.0000, -21.0000,  178, 102, 255
L -666.0000, 598.0000, -21.0000,  -668.0000, 597.0000, -20.0000,  178, 102, 255
L -668.0000, 597.0000, -20.0000,  -669.0000, 596.0000, -19.0000,  178, 102, 255
L -669.0000, 596.0000, -19.0000,  -672.0000, 591.0000, -14.0000,  178, 102, 255
L -672.0000, 591.0000, -14.0000,  -673.0000, 589.0000, -13.0000,  178, 102, 255
L -673.0000, 589.0000, -13.0000,  -676.0000, 581.0000, -11.0000,  178, 102, 255
L -676.0000, 581.0000, -11.0000,  -676.0000, 579.0000, -11.0000,  178, 102, 255
L -676.0000, 579.0000, -11.0000,  -678.0000, 574.0000, -11.0000,  178, 102, 255
L -678.0000, 574.0000, -11.0000,  -680.0000, 564.0000, -10.0000,  178, 102, 255
L -680.0000, 564.0000, -10.0000,  -681.0000, 560.0000, -8.0000,  178, 102, 255
L -681.0000, 560.0000, -8.0000,  -681.0000, 559.0000, -8.0000,  178, 102, 255
L -681.0000, 559.0000, -8.0000,  -682.0000, 556.0000, -8.0000,  178, 102, 255
L -682.0000, 556.0000, -8.0000,  -682.0000, 555.0000, -9.0000,  178, 102, 255
L -682.0000, 555.0000, -9.0000,  -682.0000, 552.0000, -11.0000,  178, 102, 255
L -682.0000, 552.0000, -11.0000,  -683.0000, 551.0000, -12.0000,  178, 102, 255
L -683.0000, 551.0000, -12.0000,  -683.0000, 548.0000, -15.0000,  178, 102, 255
L -683.0000, 548.0000, -15.0000,  -684.0000, 546.0000, -18.0000,  178, 102, 255
L -684.0000, 546.0000, -18.0000,  -684.0000, 543.0000, -23.0000,  178, 102, 255
L -684.0000, 543.0000, -23.0000,  -684.0000, 541.0000, -23.0000,  178, 102, 255
L -684.0000, 541.0000, -23.0000,  -685.0000, 522.0000, -21.0000,  178, 102, 255
L -685.0000, 522.0000, -21.0000,  -684.0000, 514.0000, -21.0000,  178, 102, 255
L -684.0000, 514.0000, -21.0000,  -684.0000, 512.0000, -21.0000,  178, 102, 255
L -684.0000, 512.0000, -21.0000,  -683.0000, 510.0000, -20.0000,  178, 102, 255
L -683.0000, 510.0000, -20.0000,  -683.0000, 501.0000, -20.0000,  178, 102, 255
L -683.0000, 501.0000, -20.0000,  -684.0000, 497.0000, -20.0000,  178, 102, 255
L -684.0000, 497.0000, -20.0000,  -685.0000, 493.0000, -21.0000,  178, 102, 255
L -685.0000, 493.0000, -21.0000,  -687.0000, 490.0000, -22.0000,  178, 102, 255
L -687.0000, 490.0000, -22.0000,  -687.0000, 488.0000, -22.0000,  178, 102, 255
L -687.0000, 488.0000, -22.0000,  -690.0000, 484.0000, -21.0000,  178, 102, 255
L -690.0000, 484.0000, -21.0000,  -691.0000, 483.0000, -21.0000,  178, 102, 255
L -691.0000, 483.0000, -21.0000,  -693.0000, 480.0000, -21.0000,  178, 102, 255
L -693.0000, 480.0000, -21.0000,  -695.0000, 477.0000, -20.0000,  178, 102, 255
L -695.0000, 477.0000, -20.0000,  -696.0000, 476.0000, -20.0000,  178, 102, 255
L -696.0000, 476.0000, -20.0000,  -698.0000, 475.0000, -20.0000,  178, 102, 255
L -698.0000, 475.0000, -20.0000,  -699.0000, 475.0000, -20.0000,  178, 102, 255
L -699.0000, 475.0000, -20.0000,  -701.0000, 474.0000, -20.0000,  178, 102, 255
L -701.0000, 474.0000, -20.0000,  -703.0000, 474.0000, -20.0000,  178, 102, 255
L -703.0000, 474.0000, -20.0000,  -723.0000, 472.0000, -20.0000,  178, 102, 255
L -723.0000, 472.0000, -20.0000,  -727.0000, 472.0000, -20.0000,  178, 102, 255
L -727.0000, 472.0000, -20.0000,  -737.0000, 473.0000, -22.0000,  178, 102, 255
L -737.0000, 473.0000, -22.0000,  -743.0000, 474.0000, -23.0000,  178, 102, 255
L -743.0000, 474.0000, -23.0000,  -754.0000, 474.0000, -22.0000,  178, 102, 255
L -754.0000, 474.0000, -22.0000,  -763.0000, 473.0000, -19.0000,  178, 102, 255
L -763.0000, 473.0000, -19.0000,  -771.0000, 473.0000, -20.0000,  178, 102, 255
L -771.0000, 473.0000, -20.0000,  -780.0000, 472.0000, -20.0000,  178, 102, 255
L -780.0000, 472.0000, -20.0000,  -800.0000, 470.0000, -26.0000,  178, 102, 255
L -800.0000, 470.0000, -26.0000,  -809.0000, 470.0000, -28.0000,  178, 102, 255
L -809.0000, 470.0000, -28.0000,  -823.0000, 470.0000, -27.0000,  178, 102, 255
L -823.0000, 470.0000, -27.0000,  -830.0000, 471.0000, -27.0000,  178, 102, 255
L -830.0000, 471.0000, -27.0000,  -855.0000, 471.0000, -26.0000,  178, 102, 255
L -855.0000, 471.0000, -26.0000,  -858.0000, 471.0000, -25.0000,  178, 102, 255
L -858.0000, 471.0000, -25.0000,  -859.0000, 471.0000, -26.0000,  178, 102, 255
L -859.0000, 471.0000, -26.0000,  -862.0000, 470.0000, -26.0000,  178, 102, 255
L -862.0000, 470.0000, -26.0000,  -884.0000, 470.0000, -26.0000,  178, 102, 255
L -884.0000, 470.0000, -26.0000,  -885.0000, 471.0000, -26.0000,  178, 102, 255
L -885.0000, 471.0000, -26.0000,  -894.0000, 470.0000, -26.0000,  178, 102, 255
L -894.0000, 470.0000, -26.0000,  -898.0000, 470.0000, -20.0000,  178, 102, 255
L -898.0000, 470.0000, -20.0000,  -909.0000, 467.0000, -9.0000,  178, 102, 255
L -909.0000, 467.0000, -9.0000,  -918.0000, 464.0000, -7.0000,  178, 102, 255
L -918.0000, 464.0000, -7.0000,  -921.0000, 464.0000, -6.0000,  178, 102, 255
L -921.0000, 464.0000, -6.0000,  -928.0000, 463.0000, -4.0000,  178, 102, 255
L -928.0000, 463.0000, -4.0000,  -930.0000, 463.0000, -3.0000,  178, 102, 255
L -930.0000, 463.0000, -3.0000,  -939.0000, 462.0000, -3.0000,  178, 102, 255
L -939.0000, 462.0000, -3.0000,  -949.0000, 462.0000, -1.0000,  178, 102, 255
L -949.0000, 462.0000, -1.0000,  -968.0000, 461.0000, -2.0000,  178, 102, 255
L -968.0000, 461.0000, -2.0000,  -973.0000, 462.0000, -2.0000,  178, 102, 255
L -973.0000, 462.0000, -2.0000,  -974.0000, 462.0000, -3.0000,  178, 102, 255
L -974.0000, 462.0000, -3.0000,  -979.0000, 463.0000, -3.0000,  178, 102, 255
L -979.0000, 463.0000, -3.0000,  -983.0000, 464.0000, -4.0000,  178, 102, 255
L -983.0000, 464.0000, -4.0000,  -984.0000, 465.0000, -4.0000,  178, 102, 255
L -984.0000, 465.0000, -4.0000,  -986.0000, 466.0000, -5.0000,  178, 102, 255
L -986.0000, 466.0000, -5.0000,  -988.0000, 467.0000, -5.0000,  178, 102, 255
L -988.0000, 467.0000, -5.0000,  -989.0000, 466.0000, -5.0000,  178, 102, 255
L -989.0000, 466.0000, -5.0000,  -991.0000, 466.0000, -5.0000,  178, 102, 255
L -991.0000, 466.0000, -5.0000,  -993.0000, 468.0000, -6.0000,  178, 102, 255
L -993.0000, 468.0000, -6.0000,  -999.0000, 475.0000, -6.0000,  178, 102, 255
L -999.0000, 475.0000, -6.0000,  -1000.0000, 477.0000, -6.0000,  178, 102, 255
L -1000.0000, 477.0000, -6.0000,  -1001.0000, 478.0000, -6.0000,  178, 102, 255
L -1001.0000, 478.0000, -6.0000,  -1003.0000, 482.0000, -7.0000,  178, 102, 255
L -1003.0000, 482.0000, -7.0000,  -1004.0000, 486.0000, -6.0000,  178, 102, 255
L -1004.0000, 486.0000, -6.0000,  -1005.0000, 488.0000, -6.0000,  178, 102, 255
L -1005.0000, 488.0000, -6.0000,  -1007.0000, 495.0000, -6.0000,  178, 102, 255
L -1007.0000, 495.0000, -6.0000,  -1008.0000, 497.0000, -6.0000,  178, 102, 255
L -1008.0000, 497.0000, -6.0000,  -1019.0000, 513.0000, -27.0000,  178, 102, 255
L -1019.0000, 513.0000, -27.0000,  -1021.0000, 512.0000, -28.0000,  178, 102, 255
L -1021.0000, 512.0000, -28.0000,  -1025.0000, 510.0000, -29.0000,  178, 102, 255
L -1025.0000, 510.0000, -29.0000,  -1027.0000, 510.0000, -29.0000,  178, 102, 255
L -1027.0000, 510.0000, -29.0000,  -1033.0000, 508.0000, -29.0000,  178, 102, 255
L -1033.0000, 508.0000, -29.0000,  -1036.0000, 509.0000, -29.0000,  178, 102, 255
L -1036.0000, 509.0000, -29.0000,  -1046.0000, 508.0000, -28.0000,  178, 102, 255
L -1046.0000, 508.0000, -28.0000,  -1054.0000, 506.0000, -26.0000,  178, 102, 255
L -1054.0000, 506.0000, -26.0000,  -1056.0000, 506.0000, -25.0000,  178, 102, 255
L -1056.0000, 506.0000, -25.0000,  -1066.0000, 501.0000, -15.0000,  178, 102, 255
L -1066.0000, 501.0000, -15.0000,  -1075.0000, 498.0000, -9.0000,  178, 102, 255
L -1075.0000, 498.0000, -9.0000,  -1077.0000, 498.0000, -8.0000,  178, 102, 255
L -1077.0000, 498.0000, -8.0000,  -1081.0000, 497.0000, -5.0000,  178, 102, 255
L -1081.0000, 497.0000, -5.0000,  -1083.0000, 497.0000, -4.0000,  178, 102, 255
L -1083.0000, 497.0000, -4.0000,  -1091.0000, 496.0000, 4.0000,  178, 102, 255
L -1091.0000, 496.0000, 4.0000,  -1099.0000, 496.0000, 9.0000,  178, 102, 255
L -1099.0000, 496.0000, 9.0000,  -1109.0000, 495.0000, 15.0000,  178, 102, 255
L -1109.0000, 495.0000, 15.0000,  -1115.0000, 495.0000, 18.0000,  178, 102, 255
L -1115.0000, 495.0000, 18.0000,  -1116.0000, 495.0000, 19.0000,  178, 102, 255
L -1116.0000, 495.0000, 19.0000,  -1118.0000, 495.0000, 20.0000,  178, 102, 255
L -1118.0000, 495.0000, 20.0000,  -1119.0000, 494.0000, 21.0000,  178, 102, 255
L -1119.0000, 494.0000, 21.0000,  -1121.0000, 493.0000, 23.0000,  178, 102, 255
L -1121.0000, 493.0000, 23.0000,  -1123.0000, 492.0000, 23.0000,  178, 102, 255
L -1123.0000, 492.0000, 23.0000,  -1126.0000, 488.0000, 26.0000,  178, 102, 255
L -1126.0000, 488.0000, 26.0000,  -1127.0000, 482.0000, 29.0000,  178, 102, 255
L -1148.0000, 504.0000, 32.0000,  -1127.0000, 512.0000, 24.0000,  178, 102, 255
L -1127.0000, 512.0000, 24.0000,  -1125.0000, 513.0000, 23.0000,  178, 102, 255
L -1125.0000, 513.0000, 23.0000,  -1116.0000, 516.0000, 20.0000,  178, 102, 255
L -1116.0000, 516.0000, 20.0000,  -1106.0000, 518.0000, 17.0000,  178, 102, 255
L -1106.0000, 518.0000, 17.0000,  -1097.0000, 521.0000, 10.0000,  178, 102, 255
L -1097.0000, 521.0000, 10.0000,  -1095.0000, 521.0000, 10.0000,  178, 102, 255
L -1095.0000, 521.0000, 10.0000,  -1086.0000, 522.0000, 5.0000,  178, 102, 255
L -1086.0000, 522.0000, 5.0000,  -1076.0000, 524.0000, -3.0000,  178, 102, 255
L -1076.0000, 524.0000, -3.0000,  -1071.0000, 525.0000, -5.0000,  178, 102, 255
L -1071.0000, 525.0000, -5.0000,  -1062.0000, 528.0000, -10.0000,  178, 102, 255
L -1062.0000, 528.0000, -10.0000,  -1044.0000, 532.0000, -25.0000,  178, 102, 255
L -1044.0000, 532.0000, -25.0000,  -1035.0000, 534.0000, -28.0000,  178, 102, 255
L -1035.0000, 534.0000, -28.0000,  -1025.0000, 537.0000, -27.0000,  178, 102, 255
L -1025.0000, 537.0000, -27.0000,  -1024.0000, 537.0000, -26.0000,  178, 102, 255
L -1024.0000, 537.0000, -26.0000,  -1021.0000, 538.0000, -26.0000,  178, 102, 255
L -1021.0000, 538.0000, -26.0000,  -1017.0000, 540.0000, -26.0000,  178, 102, 255
L -1017.0000, 540.0000, -26.0000,  -1012.0000, 543.0000, -26.0000,  178, 102, 255
L -1012.0000, 543.0000, -26.0000,  -1005.0000, 548.0000, -26.0000,  178, 102, 255
L -1005.0000, 548.0000, -26.0000,  -1004.0000, 549.0000, -26.0000,  178, 102, 255
L -1004.0000, 549.0000, -26.0000,  -1002.0000, 552.0000, -25.0000,  178, 102, 255
L -1002.0000, 552.0000, -25.0000,  -1001.0000, 553.0000, -23.0000,  178, 102, 255
L -1001.0000, 553.0000, -23.0000,  -995.0000, 561.0000, -21.0000,  178, 102, 255
L -995.0000, 561.0000, -21.0000,  -990.0000, 569.0000, -27.0000,  178, 102, 255
L -990.0000, 569.0000, -27.0000,  -989.0000, 570.0000, -28.0000,  178, 102, 255
L -989.0000, 570.0000, -28.0000,  -988.0000, 572.0000, -28.0000,  178, 102, 255
L -988.0000, 572.0000, -28.0000,  -988.0000, 574.0000, -28.0000,  178, 102, 255
L -988.0000, 574.0000, -28.0000,  -988.0000, 581.0000, -27.0000,  178, 102, 255
L -988.0000, 581.0000, -27.0000,  -990.0000, 588.0000, -26.0000,  178, 102, 255
L -990.0000, 588.0000, -26.0000,  -991.0000, 590.0000, -26.0000,  178, 102, 255
L -991.0000, 590.0000, -26.0000,  -993.0000, 596.0000, -26.0000,  178, 102, 255
L -993.0000, 596.0000, -26.0000,  -997.0000, 610.0000, -26.0000,  178, 102, 255
L -997.0000, 610.0000, -26.0000,  -999.0000, 618.0000, -26.0000,  178, 102, 255
L -999.0000, 618.0000, -26.0000,  -999.0000, 620.0000, -26.0000,  178, 102, 255
L -999.0000, 620.0000, -26.0000,  -998.0000, 635.0000, -26.0000,  178, 102, 255
L -998.0000, 635.0000, -26.0000,  -996.0000, 645.0000, -26.0000,  178, 102, 255
L -996.0000, 645.0000, -26.0000,  -996.0000, 646.0000, -26.0000,  178, 102, 255
L -996.0000, 646.0000, -26.0000,  -994.0000, 650.0000, -26.0000,  178, 102, 255
L -994.0000, 650.0000, -26.0000,  -990.0000, 656.0000, -26.0000,  178, 102, 255
L -990.0000, 656.0000, -26.0000,  -986.0000, 660.0000, -26.0000,  178, 102, 255
L -986.0000, 660.0000, -26.0000,  -985.0000, 661.0000, -25.0000,  178, 102, 255
L -985.0000, 661.0000, -25.0000,  -983.0000, 661.0000, -23.0000,  178, 102, 255
L -983.0000, 661.0000, -23.0000,  -977.0000, 664.0000, -21.0000,  178, 102, 255
L -977.0000, 664.0000, -21.0000,  -975.0000, 665.0000, -21.0000,  178, 102, 255
L -975.0000, 665.0000, -21.0000,  -971.0000, 665.0000, -21.0000,  178, 102, 255
L -971.0000, 665.0000, -21.0000,  -963.0000, 666.0000, -23.0000,  178, 102, 255
L -963.0000, 666.0000, -23.0000,  -961.0000, 666.0000, -22.0000,  178, 102, 255
L -961.0000, 666.0000, -22.0000,  -960.0000, 666.0000, -20.0000,  178, 102, 255
L -960.0000, 666.0000, -20.0000,  -958.0000, 665.0000, -18.0000,  178, 102, 255
L -958.0000, 665.0000, -18.0000,  -956.0000, 665.0000, -18.0000,  178, 102, 255
L -956.0000, 665.0000, -18.0000,  -946.0000, 663.0000, -19.0000,  178, 102, 255
L -946.0000, 663.0000, -19.0000,  -945.0000, 663.0000, -19.0000,  178, 102, 255
L -945.0000, 663.0000, -19.0000,  -935.0000, 663.0000, -21.0000,  178, 102, 255
L -935.0000, 663.0000, -21.0000,  -926.0000, 663.0000, -18.0000,  178, 102, 255
L -926.0000, 663.0000, -18.0000,  -914.0000, 663.0000, -17.0000,  178, 102, 255
L -914.0000, 663.0000, -17.0000,  -902.0000, 663.0000, -12.0000,  178, 102, 255
L -902.0000, 663.0000, -12.0000,  -892.0000, 663.0000, -12.0000,  178, 102, 255
L -892.0000, 663.0000, -12.0000,  -891.0000, 662.0000, -12.0000,  178, 102, 255
L -891.0000, 662.0000, -12.0000,  -867.0000, 663.0000, -17.0000,  178, 102, 255
L -867.0000, 663.0000, -17.0000,  -865.0000, 663.0000, -14.0000,  178, 102, 255
L -865.0000, 663.0000, -14.0000,  -863.0000, 664.0000, -13.0000,  178, 102, 255
L -863.0000, 664.0000, -13.0000,  -857.0000, 665.0000, -10.0000,  178, 102, 255
L -857.0000, 665.0000, -10.0000,  -848.0000, 667.0000, -11.0000,  178, 102, 255
L -848.0000, 667.0000, -11.0000,  -846.0000, 667.0000, -10.0000,  178, 102, 255
L -846.0000, 667.0000, -10.0000,  -837.0000, 668.0000, -7.0000,  178, 102, 255
L -837.0000, 668.0000, -7.0000,  -835.0000, 668.0000, -7.0000,  178, 102, 255
L -835.0000, 668.0000, -7.0000,  -829.0000, 668.0000, -6.0000,  178, 102, 255
L -829.0000, 668.0000, -6.0000,  -827.0000, 668.0000, -6.0000,  178, 102, 255
L -827.0000, 668.0000, -6.0000,  -818.0000, 667.0000, -3.0000,  178, 102, 255
L -818.0000, 667.0000, -3.0000,  -808.0000, 666.0000, 1.0000,  178, 102, 255
L -808.0000, 666.0000, 1.0000,  -805.0000, 666.0000, 2.0000,  178, 102, 255
L -805.0000, 666.0000, 2.0000,  -803.0000, 666.0000, 3.0000,  178, 102, 255
L -803.0000, 666.0000, 3.0000,  -789.0000, 666.0000, 7.0000,  178, 102, 255
L -789.0000, 666.0000, 7.0000,  -779.0000, 667.0000, 7.0000,  178, 102, 255
L -779.0000, 667.0000, 7.0000,  -760.0000, 667.0000, 7.0000,  178, 102, 255
L -760.0000, 667.0000, 7.0000,  -737.0000, 666.0000, 5.0000,  178, 102, 255
L -737.0000, 666.0000, 5.0000,  -711.0000, 666.0000, 2.0000,  178, 102, 255
L -711.0000, 666.0000, 2.0000,  -710.0000, 665.0000, 2.0000,  178, 102, 255
L -710.0000, 665.0000, 2.0000,  -704.0000, 665.0000, -0.0000,  178, 102, 255
L -704.0000, 665.0000, -0.0000,  -702.0000, 664.0000, -1.0000,  178, 102, 255
L -702.0000, 664.0000, -1.0000,  -701.0000, 663.0000, -3.0000,  178, 102, 255
L -701.0000, 663.0000, -3.0000,  -699.0000, 663.0000, -4.0000,  178, 102, 255
L -699.0000, 663.0000, -4.0000,  -697.0000, 662.0000, -6.0000,  178, 102, 255
L -697.0000, 662.0000, -6.0000,  -695.0000, 660.0000, -10.0000,  178, 102, 255
L -695.0000, 660.0000, -10.0000,  -692.0000, 658.0000, -14.0000,  178, 102, 255
L -692.0000, 658.0000, -14.0000,  -689.0000, 656.0000, -19.0000,  178, 102, 255
L -689.0000, 656.0000, -19.0000,  -687.0000, 654.0000, -20.0000,  178, 102, 255
L -687.0000, 654.0000, -20.0000,  -680.0000, 647.0000, -14.0000,  178, 102, 255
L -680.0000, 647.0000, -14.0000,  -672.0000, 639.0000, -8.0000,  178, 102, 255
L -672.0000, 639.0000, -8.0000,  -670.0000, 638.0000, -7.0000,  178, 102, 255
L -670.0000, 638.0000, -7.0000,  -654.0000, 627.0000, -23.0000,  178, 102, 255
L -654.0000, 627.0000, -23.0000,  -652.0000, 627.0000, -26.0000,  178, 102, 255
L -652.0000, 627.0000, -26.0000,  -650.0000, 627.0000, -26.0000,  178, 102, 255
L -650.0000, 627.0000, -26.0000,  -641.0000, 627.0000, -23.0000,  178, 102, 255
L -641.0000, 627.0000, -23.0000,  -639.0000, 627.0000, -22.0000,  178, 102, 255
L -639.0000, 627.0000, -22.0000,  -630.0000, 628.0000, -19.0000,  178, 102, 255
L -630.0000, 628.0000, -19.0000,  -620.0000, 628.0000, -24.0000,  178, 102, 255
L -620.0000, 628.0000, -24.0000,  -606.0000, 627.0000, -28.0000,  178, 102, 255
L -606.0000, 627.0000, -28.0000,  -597.0000, 627.0000, -33.0000,  178, 102, 255
L -597.0000, 627.0000, -33.0000,  -593.0000, 626.0000, -34.0000,  178, 102, 255
L -593.0000, 626.0000, -34.0000,  -591.0000, 626.0000, -35.0000,  178, 102, 255
L -591.0000, 626.0000, -35.0000,  -582.0000, 624.0000, -39.0000,  178, 102, 255
L -582.0000, 624.0000, -39.0000,  -572.0000, 621.0000, -41.0000,  178, 102, 255
L -572.0000, 621.0000, -41.0000,  -571.0000, 621.0000, -42.0000,  178, 102, 255
L -571.0000, 621.0000, -42.0000,  -569.0000, 620.0000, -42.0000,  178, 102, 255
L -569.0000, 620.0000, -42.0000,  -568.0000, 619.0000, -42.0000,  178, 102, 255
L -568.0000, 619.0000, -42.0000,  -564.0000, 617.0000, -42.0000,  178, 102, 255
L -564.0000, 617.0000, -42.0000,  -563.0000, 615.0000, -42.0000,  178, 102, 255
L -563.0000, 615.0000, -42.0000,  -561.0000, 614.0000, -43.0000,  178, 102, 255
L -561.0000, 614.0000, -43.0000,  -560.0000, 613.0000, -43.0000,  178, 102, 255
L -560.0000, 613.0000, -43.0000,  -557.0000, 610.0000, -44.0000,  178, 102, 255
L -557.0000, 610.0000, -44.0000,  -556.0000, 608.0000, -45.0000,  178, 102, 255
L -556.0000, 608.0000, -45.0000,  -555.0000, 607.0000, -46.0000,  178, 102, 255
L -555.0000, 607.0000, -46.0000,  -554.0000, 606.0000, -48.0000,  178, 102, 255
L -554.0000, 606.0000, -48.0000,  -553.0000, 604.0000, -48.0000,  178, 102, 255
L -553.0000, 604.0000, -48.0000,  -552.0000, 603.0000, -49.0000,  178, 102, 255
L -552.0000, 603.0000, -49.0000,  -552.0000, 601.0000, -49.0000,  178, 102, 255
L -552.0000, 601.0000, -49.0000,  -551.0000, 599.0000, -50.0000,  178, 102, 255
L -551.0000, 599.0000, -50.0000,  -551.0000, 597.0000, -51.0000,  178, 102, 255
L -551.0000, 597.0000, -51.0000,  -548.0000, 590.0000, -54.0000,  178, 102, 255
L -548.0000, 590.0000, -54.0000,  -548.0000, 587.0000, -54.0000,  178, 102, 255
L -548.0000, 587.0000, -54.0000,  -547.0000, 582.0000, -55.0000,  178, 102, 255
L -547.0000, 582.0000, -55.0000,  -547.0000, 578.0000, -55.0000,  178, 102, 255
L -547.0000, 578.0000, -55.0000,  -546.0000, 576.0000, -56.0000,  178, 102, 255
L -546.0000, 576.0000, -56.0000,  -546.0000, 571.0000, -59.0000,  178, 102, 255
L -546.0000, 571.0000, -59.0000,  -546.0000, 569.0000, -61.0000,  178, 102, 255
L -546.0000, 569.0000, -61.0000,  -545.0000, 563.0000, -63.0000,  178, 102, 255
L -545.0000, 563.0000, -63.0000,  -545.0000, 557.0000, -65.0000,  178, 102, 255
L -545.0000, 557.0000, -65.0000,  -545.0000, 556.0000, -65.0000,  178, 102, 255
L -545.0000, 556.0000, -65.0000,  -544.0000, 553.0000, -65.0000,  178, 102, 255
L -544.0000, 553.0000, -65.0000,  -542.0000, 544.0000, -75.1000,  178, 102, 255
L -1127.0000, 482.0000, 29.0000,  -1129.0000, 476.0000, 29.0000,  178, 102, 255
L -1129.0000, 476.0000, 29.0000,  -1131.0000, 468.0000, 29.0000,  178, 102, 255
L -1131.0000, 468.0000, 29.0000,  -1131.9000, 441.4000, 26.4000,  178, 102, 255
L -1307.0000, 316.0000, -13.0000,  -1309.0000, 313.0000, -12.0000,  102, 0, 204
L -1309.0000, 313.0000, -12.0000,  -1310.0000, 312.0000, -12.0000,  102, 0, 204
L -1310.0000, 312.0000, -12.0000,  -1311.0000, 310.0000, -12.0000,  102, 0, 204
L -1311.0000, 310.0000, -12.0000,  -1311.0000, 299.0000, -12.0000,  102, 0, 204
L -1311.0000, 299.0000, -12.0000,  -1310.0000, 292.0000, -10.0000,  102, 0, 204
L -1310.0000, 292.0000, -10.0000,  -1310.0000, 282.0000, -7.0000,  102, 0, 204
L -1310.0000, 282.0000, -7.0000,  -1309.0000, 274.0000, -6.0000,  102, 0, 204
L -1309.0000, 274.0000, -6.0000,  -1308.0000, 267.0000, -6.0000,  102, 0, 204
L -1308.0000, 267.0000, -6.0000,  -1308.0000, 265.0000, -7.0000,  102, 0, 204
L -1308.0000, 265.0000, -7.0000,  -1308.0000, 263.0000, -7.0000,  102, 0, 204
L -1308.0000, 263.0000, -7.0000,  -1308.0000, 261.0000, -6.0000,  102, 0, 204
L -1308.0000, 261.0000, -6.0000,  -1307.0000, 259.0000, -5.0000,  102, 0, 204
L -1307.0000, 259.0000, -5.0000,  -1307.0000, 258.0000, -3.0000,  102, 0, 204
L -1307.0000, 258.0000, -3.0000,  -1306.0000, 256.0000, -2.0000,  102, 0, 204
L -1306.0000, 256.0000, -2.0000,  -1305.0000, 252.0000, -2.0000,  102, 0, 204
L -1305.0000, 252.0000, -2.0000,  -1304.0000, 251.0000, -3.0000,  102, 0, 204
L -1304.0000, 251.0000, -3.0000,  -1301.0000, 245.0000, -4.0000,  102, 0, 204
L -1301.0000, 245.0000, -4.0000,  -1299.0000, 244.0000, -4.0000,  102, 0, 204
L -1299.0000, 244.0000, -4.0000,  -1298.0000, 243.0000, -3.0000,  102, 0, 204
L -1298.0000, 243.0000, -3.0000,  -1297.0000, 241.0000, -2.0000,  102, 0, 204
L -1297.0000, 241.0000, -2.0000,  -1294.0000, 238.0000, -0.0000,  102, 0, 204
L -1294.0000, 238.0000, -0.0000,  -1293.0000, 236.0000, 1.0000,  102, 0, 204
L -1293.0000, 236.0000, 1.0000,  -1298.0000, 232.0000, 1.0000,  102, 0, 204
L -1298.0000, 232.0000, 1.0000,  -1296.0000, 230.0000, 3.0000,  102, 0, 204
L -1296.0000, 230.0000, 3.0000,  -1295.0000, 228.0000, 9.0000,  102, 0, 204
L -1295.0000, 228.0000, 9.0000,  -1293.0000, 228.0000, 12.0000,  102, 0, 204
L -1293.0000, 228.0000, 12.0000,  -1289.0000, 229.0000, 15.0000,  102, 0, 204
L -1289.0000, 229.0000, 15.0000,  -1287.0000, 228.0000, 19.0000,  102, 0, 204
L -1287.0000, 228.0000, 19.0000,  -1286.0000, 227.0000, 24.0000,  102, 0, 204
L -1286.0000, 227.0000, 24.0000,  -1283.0000, 224.0000, 26.0000,  102, 0, 204
L -1283.0000, 224.0000, 26.0000,  -1281.0000, 224.0000, 26.0000,  102, 0, 204
L -1281.0000, 224.0000, 26.0000,  -1275.0000, 224.0000, 28.0000,  102, 0, 204
L -1275.0000, 224.0000, 28.0000,  -1273.0000, 223.0000, 28.0000,  102, 0, 204
L -1273.0000, 223.0000, 28.0000,  -1271.0000, 223.0000, 29.0000,  102, 0, 204
L -1271.0000, 223.0000, 29.0000,  -1269.0000, 222.0000, 29.0000,  102, 0, 204
L -1269.0000, 222.0000, 29.0000,  -1268.0000, 221.0000, 29.0000,  102, 0, 204
L -1268.0000, 221.0000, 29.0000,  -1266.0000, 220.0000, 30.0000,  102, 0, 204
L -1266.0000, 220.0000, 30.0000,  -1265.0000, 218.0000, 30.0000,  102, 0, 204
L -1265.0000, 218.0000, 30.0000,  -1277.0000, 207.0000, 31.0000,  102, 0, 204
L -1277.0000, 207.0000, 31.0000,  -1281.0000, 202.0000, 32.0000,  102, 0, 204
L -1281.0000, 202.0000, 32.0000,  -1282.0000, 200.0000, 32.0000,  102, 0, 204
L -1282.0000, 200.0000, 32.0000,  -1284.0000, 196.0000, 33.0000,  102, 0, 204
L -1284.0000, 196.0000, 33.0000,  -1284.0000, 195.0000, 33.0000,  102, 0, 204
L -1284.0000, 195.0000, 33.0000,  -1285.0000, 193.0000, 33.0000,  102, 0, 204
L -1285.0000, 193.0000, 33.0000,  -1284.0000, 185.0000, 34.0000,  102, 0, 204
L -1284.0000, 185.0000, 34.0000,  -1284.0000, 183.0000, 34.0000,  102, 0, 204
L -1284.0000, 183.0000, 34.0000,  -1283.0000, 181.0000, 35.0000,  102, 0, 204
L -1283.0000, 181.0000, 35.0000,  -1282.0000, 175.0000, 34.0000,  102, 0, 204
L -1282.0000, 175.0000, 34.0000,  -1282.0000, 172.0000, 34.0000,  102, 0, 204
L -1282.0000, 172.0000, 34.0000,  -1282.0000, 170.0000, 33.0000,  102, 0, 204
L -1282.0000, 170.0000, 33.0000,  -1282.0000, 168.0000, 33.0000,  102, 0, 204
L -1282.0000, 168.0000, 33.0000,  -1283.0000, 165.0000, 33.0000,  102, 0, 204
L -1283.0000, 165.0000, 33.0000,  -1283.0000, 158.0000, 33.0000,  102, 0, 204
L -1283.0000, 158.0000, 33.0000,  -1268.0000, 146.0000, 33.0000,  102, 0, 204
L -1268.0000, 146.0000, 33.0000,  -1265.0000, 144.0000, 34.0000,  102, 0, 204
L -1265.0000, 144.0000, 34.0000,  -1263.0000, 141.0000, 35.0000,  102, 0, 204
L -1263.0000, 141.0000, 35.0000,  -1245.0000, 118.0000, 35.0000,  102, 0, 204
L -1245.0000, 118.0000, 35.0000,  -1242.0000, 115.0000, 36.0000,  102, 0, 204
L -1242.0000, 115.0000, 36.0000,  -1240.0000, 112.0000, 36.0000,  102, 0, 204
L -1240.0000, 112.0000, 36.0000,  -1237.0000, 110.0000, 37.0000,  102, 0, 204
L -1237.0000, 110.0000, 37.0000,  -1236.0000, 108.0000, 37.0000,  102, 0, 204
L -1236.0000, 108.0000, 37.0000,  -1234.0000, 107.0000, 37.0000,  102, 0, 204
L -1234.0000, 107.0000, 37.0000,  -1232.0000, 105.0000, 37.0000,  102, 0, 204
L -1232.0000, 105.0000, 37.0000,  -1227.0000, 101.0000, 38.0000,  102, 0, 204
L -1227.0000, 101.0000, 38.0000,  -1225.0000, 101.0000, 38.0000,  102, 0, 204
L -1225.0000, 101.0000, 38.0000,  -1222.0000, 99.0000, 39.0000,  102, 0, 204
L -1222.0000, 99.0000, 39.0000,  -1213.0000, 95.0000, 36.0000,  102, 0, 204
L -1213.0000, 95.0000, 36.0000,  -1204.0000, 91.0000, 36.0000,  102, 0, 204
L -1204.0000, 91.0000, 36.0000,  -1203.0000, 90.0000, 36.0000,  102, 0, 204
L -1203.0000, 90.0000, 36.0000,  -1196.0000, 86.0000, 37.0000,  102, 0, 204
L -1196.0000, 86.0000, 37.0000,  -1185.0000, 77.0000, 37.0000,  102, 0, 204
L -1185.0000, 77.0000, 37.0000,  -1184.0000, 76.0000, 36.0000,  102, 0, 204
L -1184.0000, 76.0000, 36.0000,  -1179.0000, 72.0000, 36.0000,  102, 0, 204
L -1179.0000, 72.0000, 36.0000,  -1177.0000, 69.0000, 36.0000,  102, 0, 204
L -1177.0000, 69.0000, 36.0000,  -1176.0000, 68.0000, 36.0000,  102, 0, 204
L -1176.0000, 68.0000, 36.0000,  -1176.0000, 66.0000, 36.0000,  102, 0, 204
L -1176.0000, 66.0000, 36.0000,  -1175.0000, 65.0000, 36.0000,  102, 0, 204
L -1175.0000, 65.0000, 36.0000,  -1175.0000, 63.0000, 36.0000,  102, 0, 204
L -1175.0000, 63.0000, 36.0000,  -1174.0000, 60.0000, 36.0000,  102, 0, 204
L -1174.0000, 60.0000, 36.0000,  -1173.0000, 54.0000, 36.0000,  102, 0, 204
L -1173.0000, 54.0000, 36.0000,  -1174.0000, 37.0000, 37.0000,  102, 0, 204
L -1174.0000, 37.0000, 37.0000,  -1174.0000, 33.0000, 39.0000,  102, 0, 204
L -1174.0000, 33.0000, 39.0000,  -1175.0000, 28.0000, 41.0000,  102, 0, 204
L -1175.0000, 28.0000, 41.0000,  -1176.0000, 26.0000, 42.0000,  102, 0, 204
L -1176.0000, 26.0000, 42.0000,  -1176.0000, 24.0000, 44.0000,  102, 0, 204
L -1176.0000, 24.0000, 44.0000,  -1185.0000, 15.0000, 46.0000,  102, 0, 204
L -1185.0000, 15.0000, 46.0000,  -1186.0000, 14.0000, 47.0000,  102, 0, 204
L -1186.0000, 14.0000, 47.0000,  -1189.0000, 12.0000, 47.0000,  102, 0, 204
L -1189.0000, 12.0000, 47.0000,  -1190.0000, 11.0000, 48.0000,  102, 0, 204
L -1190.0000, 11.0000, 48.0000,  -1192.0000, 9.0000, 49.0000,  102, 0, 204
L -1192.0000, 9.0000, 49.0000,  -1195.0000, 7.0000, 50.0000,  102, 0, 204
L -1195.0000, 7.0000, 50.0000,  -1197.0000, 6.0000, 50.0000,  102, 0, 204
L -1197.0000, 6.0000, 50.0000,  -1206.0000, 3.0000, 53.0000,  102, 0, 204
L -1206.0000, 3.0000, 53.0000,  -1208.0000, 3.0000, 54.0000,  102, 0, 204
L -1208.0000, 3.0000, 54.0000,  -1211.0000, 3.0000, 54.0000,  102, 0, 204
L -1211.0000, 3.0000, 54.0000,  -1217.0000, 2.0000, 56.0000,  102, 0, 204
L -1217.0000, 2.0000, 56.0000,  -1227.0000, 1.0000, 60.0000,  102, 0, 204
L -1227.0000, 1.0000, 60.0000,  -1229.0000, 1.0000, 61.0000,  102, 0, 204
L -1229.0000, 1.0000, 61.0000,  -1230.0000, 0.0000, 62.0000,  102, 0, 204
L -1230.0000, 0.0000, 62.0000,  -1233.0000, -1.0000, 64.0000,  102, 0, 204
L -1233.0000, -1.0000, 64.0000,  -1238.0000, -3.0000, 67.0000,  102, 0, 204
L -1238.0000, -3.0000, 67.0000,  -1240.0000, -4.0000, 68.0000,  102, 0, 204
L -1240.0000, -4.0000, 68.0000,  -1241.0000, -4.0000, 68.0000,  102, 0, 204
L -1241.0000, -4.0000, 68.0000,  -1242.0000, -5.0000, 69.0000,  102, 0, 204
L -1242.0000, -5.0000, 69.0000,  -1244.0000, -6.0000, 70.0000,  102, 0, 204
L -1244.0000, -6.0000, 70.0000,  -1246.0000, -8.0000, 70.0000,  102, 0, 204
L -1246.0000, -8.0000, 70.0000,  -1251.0000, -12.0000, 73.0000,  102, 0, 204
L -1251.0000, -12.0000, 73.0000,  -1252.0000, -13.0000, 74.0000,  102, 0, 204
L -1252.0000, -13.0000, 74.0000,  -1254.0000, -14.0000, 75.0000,  102, 0, 204
L -1254.0000, -14.0000, 75.0000,  -1255.0000, -15.0000, 75.0000,  102, 0, 204
L -1255.0000, -15.0000, 75.0000,  -1257.0000, -15.0000, 76.0000,  102, 0, 204
L -1257.0000, -15.0000, 76.0000,  -1258.0000, -15.0000, 76.0000,  102, 0, 204
L -1258.0000, -15.0000, 76.0000,  -1260.0000, -16.0000, 76.0000,  102, 0, 204
L -1260.0000, -16.0000, 76.0000,  -1262.0000, -16.0000, 76.0000,  102, 0, 204
L -1262.0000, -16.0000, 76.0000,  -1272.0000, -16.0000, 79.0000,  102, 0, 204
L -1272.0000, -16.0000, 79.0000,  -1280.0000, -15.0000, 81.0000,  102, 0, 204
L -1280.0000, -15.0000, 81.0000,  -1282.0000, -15.0000, 82.0000,  102, 0, 204
L -1282.0000, -15.0000, 82.0000,  -1283.0000, -14.0000, 82.0000,  102, 0, 204
L -1283.0000, -14.0000, 82.0000,  -1286.0000, -13.0000, 83.0000,  102, 0, 204
L -1286.0000, -13.0000, 83.0000,  -1297.0000, -7.0000, 86.0000,  102, 0, 204
L -1297.0000, -7.0000, 86.0000,  -1300.0000, -5.0000, 87.0000,  102, 0, 204
L -1300.0000, -5.0000, 87.0000,  -1305.0000, -2.0000, 90.0000,  102, 0, 204
L -1305.0000, -2.0000, 90.0000,  -1306.0000, -0.0000, 91.0000,  102, 0, 204
L -1306.0000, -0.0000, 91.0000,  -1311.0000, 5.0000, 95.0000,  102, 0, 204
L -1311.0000, 5.0000, 95.0000,  -1312.0000, 6.0000, 95.0000,  102, 0, 204
L -1312.0000, 6.0000, 95.0000,  -1313.0000, 8.0000, 95.0000,  102, 0, 204
L -1313.0000, 8.0000, 95.0000,  -1314.0000, 11.0000, 96.0000,  102, 0, 204
L -1314.0000, 11.0000, 96.0000,  -1317.0000, 23.0000, 99.0000,  102, 0, 204
L -1317.0000, 23.0000, 99.0000,  -1318.0000, 25.0000, 100.0000,  102, 0, 204
L -1318.0000, 25.0000, 100.0000,  -1318.0000, 27.0000, 100.0000,  102, 0, 204
L -1318.0000, 27.0000, 100.0000,  -1318.0000, 29.0000, 101.0000,  102, 0, 204
L -1318.0000, 29.0000, 101.0000,  -1319.0000, 35.0000, 103.0000,  102, 0, 204
L -1319.0000, 35.0000, 103.0000,  -1320.0000, 38.0000, 104.0000,  102, 0, 204
L -1320.0000, 38.0000, 104.0000,  -1321.0000, 42.0000, 108.0000,  102, 0, 204
L -1321.0000, 42.0000, 108.0000,  -1321.0000, 44.0000, 109.0000,  102, 0, 204
L -1321.0000, 44.0000, 109.0000,  -1322.0000, 48.0000, 110.0000,  102, 0, 204
L -1322.0000, 48.0000, 110.0000,  -1322.0000, 49.0000, 111.0000,  102, 0, 204
L -1322.0000, 49.0000, 111.0000,  -1323.0000, 51.0000, 111.0000,  102, 0, 204
L -1323.0000, 51.0000, 111.0000,  -1324.0000, 53.0000, 112.0000,  102, 0, 204
L -1324.0000, 53.0000, 112.0000,  -1324.0000, 54.0000, 113.0000,  102, 0, 204
L -1324.0000, 54.0000, 113.0000,  -1330.0000, 67.0000, 117.0000,  102, 0, 204
L -1330.0000, 67.0000, 117.0000,  -1331.0000, 70.0000, 119.0000,  102, 0, 204
L -1331.0000, 70.0000, 119.0000,  -1332.0000, 75.0000, 121.0000,  102, 0, 204
L -1332.0000, 75.0000, 121.0000,  -1333.0000, 78.0000, 121.0000,  102, 0, 204
L -1333.0000, 78.0000, 121.0000,  -1333.0000, 79.0000, 122.0000,  102, 0, 204
L -1333.0000, 79.0000, 122.0000,  -1333.0000, 92.0000, 127.0000,  102, 0, 204
L -1333.0000, 92.0000, 127.0000,  -1330.0000, 98.0000, 129.0000,  102, 0, 204
L -1330.0000, 98.0000, 129.0000,  -1328.0000, 104.0000, 131.0000,  102, 0, 204
L -1328.0000, 104.0000, 131.0000,  -1326.0000, 107.0000, 132.0000,  102, 0, 204
L -1326.0000, 107.0000, 132.0000,  -1323.0000, 109.0000, 133.0000,  102, 0, 204
L -1323.0000, 109.0000, 133.0000,  -1322.0000, 111.0000, 134.0000,  102, 0, 204
L -1322.0000, 111.0000, 134.0000,  -1317.0000, 120.0000, 136.0000,  102, 0, 204
L -1317.0000, 120.0000, 136.0000,  -1315.0000, 122.0000, 138.0000,  178, 102, 255
L -1315.0000, 122.0000, 138.0000,  -1313.0000, 123.0000, 138.0000,  178, 102, 255
L -1313.0000, 123.0000, 138.0000,  -1312.0000, 123.0000, 138.0000,  178, 102, 255
L -1312.0000, 123.0000, 138.0000,  -1310.0000, 123.0000, 139.0000,  178, 102, 255
L -1310.0000, 123.0000, 139.0000,  -1308.0000, 123.0000, 139.0000,  178, 102, 255
L -1308.0000, 123.0000, 139.0000,  -1299.0000, 123.0000, 142.0000,  178, 102, 255
L -1299.0000, 123.0000, 142.0000,  -1289.0000, 124.0000, 146.0000,  178, 102, 255
L -1289.0000, 124.0000, 146.0000,  -1285.0000, 123.0000, 147.0000,  178, 102, 255
L -1285.0000, 123.0000, 147.0000,  -1283.0000, 123.0000, 147.0000,  178, 102, 255
L -1283.0000, 123.0000, 147.0000,  -1282.0000, 122.0000, 148.0000,  178, 102, 255
L -1282.0000, 122.0000, 148.0000,  -1278.0000, 121.0000, 149.0000,  178, 102, 255
L -1278.0000, 121.0000, 149.0000,  -1276.0000, 121.0000, 149.0000,  178, 102, 255
L -1276.0000, 121.0000, 149.0000,  -1274.0000, 125.0000, 149.0000,  178, 102, 255
L -1274.0000, 125.0000, 149.0000,  -1273.0000, 126.0000, 150.0000,  178, 102, 255
L -1273.0000, 126.0000, 150.0000,  -1271.0000, 127.0000, 150.0000,  178, 102, 255
L -1271.0000, 127.0000, 150.0000,  -1269.0000, 127.0000, 152.0000,  178, 102, 255
L -1269.0000, 127.0000, 152.0000,  -1268.0000, 125.0000, 152.0000,  178, 102, 255
L -1268.0000, 125.0000, 152.0000,  -1267.0000, 124.0000, 152.0000,  178, 102, 255
L -1267.0000, 124.0000, 152.0000,  -1265.0000, 122.0000, 154.0000,  178, 102, 255
L -1265.0000, 122.0000, 154.0000,  -1263.0000, 122.0000, 154.0000,  178, 102, 255
L -1263.0000, 122.0000, 154.0000,  -1261.0000, 123.0000, 155.0000,  178, 102, 255
L -1261.0000, 123.0000, 155.0000,  -1260.0000, 121.0000, 155.0000,  178, 102, 255
L -1260.0000, 121.0000, 155.0000,  -1259.0000, 120.0000, 155.0000,  178, 102, 255
L -1259.0000, 120.0000, 155.0000,  -1252.0000, 113.0000, 158.0000,  178, 102, 255
L -1252.0000, 113.0000, 158.0000,  -1252.0000, 112.0000, 158.0000,  178, 102, 255
L -1252.0000, 112.0000, 158.0000,  -1248.0000, 105.0000, 161.0000,  178, 102, 255
L -1248.0000, 105.0000, 161.0000,  -1247.0000, 104.0000, 161.0000,  178, 102, 255
L -1247.0000, 104.0000, 161.0000,  -1246.0000, 103.0000, 162.0000,  178, 102, 255
L -1246.0000, 103.0000, 162.0000,  -1242.0000, 97.0000, 165.0000,  178, 102, 255
L -1242.0000, 97.0000, 165.0000,  -1241.0000, 96.0000, 165.0000,  178, 102, 255
L -1241.0000, 96.0000, 165.0000,  -1240.0000, 91.0000, 168.0000,  178, 102, 255
L -1240.0000, 91.0000, 168.0000,  -1239.0000, 89.0000, 168.0000,  178, 102, 255
L -1239.0000, 89.0000, 168.0000,  -1240.0000, 77.0000, 173.0000,  178, 102, 255
L -1240.0000, 77.0000, 173.0000,  -1240.0000, 76.0000, 173.0000,  178, 102, 255
L -1240.0000, 76.0000, 173.0000,  -1241.0000, 72.0000, 174.0000,  178, 102, 255
L -1241.0000, 72.0000, 174.0000,  -1243.0000, 68.0000, 174.0000,  178, 102, 255
L -1243.0000, 68.0000, 174.0000,  -1245.0000, 61.0000, 175.0000,  178, 102, 255
L -1245.0000, 61.0000, 175.0000,  -1249.0000, 52.0000, 182.0000,  178, 102, 255
L -1249.0000, 52.0000, 182.0000,  -1250.0000, 51.0000, 183.0000,  178, 102, 255
L -1250.0000, 51.0000, 183.0000,  -1251.0000, 50.0000, 183.0000,  178, 102, 255
L -1251.0000, 50.0000, 183.0000,  -1252.0000, 48.0000, 183.0000,  178, 102, 255
L -1252.0000, 48.0000, 183.0000,  -1254.0000, 47.0000, 183.0000,  178, 102, 255
L -1254.0000, 47.0000, 183.0000,  -1256.0000, 45.0000, 183.0000,  178, 102, 255
L -1256.0000, 45.0000, 183.0000,  -1258.0000, 44.0000, 183.0000,  178, 102, 255
L -1258.0000, 44.0000, 183.0000,  -1259.0000, 44.0000, 183.0000,  178, 102, 255
L -1259.0000, 44.0000, 183.0000,  -1261.0000, 43.0000, 183.0000,  178, 102, 255
L -1261.0000, 43.0000, 183.0000,  -1262.0000, 42.0000, 183.0000,  178, 102, 255
L -1262.0000, 42.0000, 183.0000,  -1266.0000, 41.0000, 183.0000,  178, 102, 255
L -1266.0000, 41.0000, 183.0000,  -1276.0000, 37.0000, 187.0000,  178, 102, 255
L -1276.0000, 37.0000, 187.0000,  -1284.0000, 35.0000, 189.0000,  178, 102, 255
L -1284.0000, 35.0000, 189.0000,  -1290.0000, 35.0000, 192.0000,  178, 102, 255
L -1290.0000, 35.0000, 192.0000,  -1291.0000, 35.0000, 192.0000,  178, 102, 255
L -1291.0000, 35.0000, 192.0000,  -1293.0000, 36.0000, 192.0000,  178, 102, 255
L -1293.0000, 36.0000, 192.0000,  -1295.0000, 36.0000, 192.0000,  178, 102, 255
L -1295.0000, 36.0000, 192.0000,  -1301.0000, 39.0000, 194.0000,  178, 102, 255
L -1301.0000, 39.0000, 194.0000,  -1308.0000, 41.0000, 197.0000,  178, 102, 255
L -1308.0000, 41.0000, 197.0000,  -1311.0000, 43.0000, 198.0000,  178, 102, 255
L -1311.0000, 43.0000, 198.0000,  -1319.0000, 48.0000, 200.0000,  178, 102, 255
L -1319.0000, 48.0000, 200.0000,  -1327.0000, 53.0000, 205.0000,  178, 102, 255
L -1327.0000, 53.0000, 205.0000,  -1335.0000, 58.0000, 212.0000,  178, 102, 255
L -1335.0000, 58.0000, 212.0000,  -1337.0000, 59.0000, 212.0000,  178, 102, 255
L -1337.0000, 59.0000, 212.0000,  -1338.0000, 60.0000, 214.0000,  178, 102, 255
L -1338.0000, 60.0000, 214.0000,  -1340.0000, 61.0000, 215.0000,  178, 102, 255
L -1340.0000, 61.0000, 215.0000,  -1342.0000, 61.0000, 216.0000,  178, 102, 255
L -1342.0000, 61.0000, 216.0000,  -1344.0000, 61.0000, 218.0000,  178, 102, 255
L -1344.0000, 61.0000, 218.0000,  -1351.0000, 61.0000, 221.0000,  178, 102, 255
L -1351.0000, 61.0000, 221.0000,  -1353.0000, 60.0000, 222.0000,  178, 102, 255
L -1353.0000, 60.0000, 222.0000,  -1354.0000, 60.0000, 223.0000,  178, 102, 255
L -1354.0000, 60.0000, 223.0000,  -1356.0000, 59.0000, 224.0000,  178, 102, 255
L -1356.0000, 59.0000, 224.0000,  -1357.0000, 57.0000, 225.0000,  178, 102, 255
L -1357.0000, 57.0000, 225.0000,  -1358.0000, 56.0000, 226.0000,  178, 102, 255
L -1358.0000, 56.0000, 226.0000,  -1360.0000, 52.0000, 229.0000,  178, 102, 255
L -1360.0000, 52.0000, 229.0000,  -1362.0000, 49.0000, 231.0000,  178, 102, 255
L -1362.0000, 49.0000, 231.0000,  -1363.0000, 45.0000, 234.0000,  178, 102, 255
L -1363.0000, 45.0000, 234.0000,  -1364.0000, 43.0000, 235.0000,  178, 102, 255
L -1364.0000, 43.0000, 235.0000,  -1364.0000, 42.0000, 236.0000,  178, 102, 255
L -1364.0000, 42.0000, 236.0000,  -1365.0000, 40.0000, 237.0000,  178, 102, 255
L -1365.0000, 40.0000, 237.0000,  -1364.0000, 25.0000, 244.0000,  178, 102, 255
L -1364.0000, 25.0000, 244.0000,  -1364.0000, 23.0000, 245.0000,  178, 102, 255
L -1364.0000, 23.0000, 245.0000,  -1363.0000, 22.0000, 246.0000,  178, 102, 255
L -1363.0000, 22.0000, 246.0000,  -1362.0000, 20.0000, 248.0000,  178, 102, 255
L -1362.0000, 20.0000, 248.0000,  -1358.0000, 12.0000, 248.0000,  178, 102, 255
L -1358.0000, 12.0000, 248.0000,  -1358.0000, 10.0000, 248.0000,  178, 102, 255
L -1358.0000, 10.0000, 248.0000,  -1350.0000, 8.0000, 248.0000,  178, 102, 255
L -1353.0000, 84.0000, 220.0000,  -1334.0000, 82.0000, 213.0000,  178, 102, 255
L -1334.0000, 82.0000, 213.0000,  -1324.0000, 81.0000, 211.0000,  178, 102, 255
L -1324.0000, 81.0000, 211.0000,  -1323.0000, 80.0000, 211.0000,  178, 102, 255
L -1323.0000, 80.0000, 211.0000,  -1321.0000, 80.0000, 211.0000,  178, 102, 255
L -1321.0000, 80.0000, 211.0000,  -1316.0000, 78.0000, 210.0000,  178, 102, 255
L -1316.0000, 78.0000, 210.0000,  -1310.0000, 74.0000, 209.0000,  178, 102, 255
L -1310.0000, 74.0000, 209.0000,  -1308.0000, 74.0000, 209.0000,  178, 102, 255
L -1308.0000, 74.0000, 209.0000,  -1307.0000, 72.0000, 209.0000,  178, 102, 255
L -1307.0000, 72.0000, 209.0000,  -1306.0000, 71.0000, 209.0000,  178, 102, 255
L -1306.0000, 71.0000, 209.0000,  -1304.0000, 70.0000, 209.0000,  178, 102, 255
L -1304.0000, 70.0000, 209.0000,  -1303.0000, 69.0000, 208.0000,  178, 102, 255
L -1303.0000, 69.0000, 208.0000,  -1300.0000, 66.0000, 208.0000,  178, 102, 255
L -1300.0000, 66.0000, 208.0000,  -1299.0000, 65.0000, 207.0000,  178, 102, 255
L -1299.0000, 65.0000, 207.0000,  -1291.0000, 60.0000, 197.0000,  178, 102, 255
L -1291.0000, 60.0000, 197.0000,  -1289.0000, 60.0000, 195.0000,  178, 102, 255
L -1289.0000, 60.0000, 195.0000,  -1287.0000, 60.0000, 192.0000,  178, 102, 255
L -1287.0000, 60.0000, 192.0000,  -1277.0000, 61.0000, 188.0000,  178, 102, 255
L -1277.0000, 61.0000, 188.0000,  -1275.0000, 61.0000, 185.0000,  178, 102, 255
L -1275.0000, 61.0000, 185.0000,  -1274.0000, 62.0000, 184.0000,  178, 102, 255
L -1274.0000, 62.0000, 184.0000,  -1272.0000, 64.0000, 180.0000,  178, 102, 255
L -1272.0000, 64.0000, 180.0000,  -1271.0000, 66.0000, 180.0000,  178, 102, 255
L -1271.0000, 66.0000, 180.0000,  -1270.0000, 67.0000, 179.0000,  178, 102, 255
L -1270.0000, 67.0000, 179.0000,  -1270.0000, 70.0000, 178.0000,  178, 102, 255
L -1270.0000, 70.0000, 178.0000,  -1269.0000, 72.0000, 177.0000,  178, 102, 255
L -1269.0000, 72.0000, 177.0000,  -1269.0000, 77.0000, 177.0000,  178, 102, 255
L -1269.0000, 77.0000, 177.0000,  -1268.0000, 79.0000, 177.0000,  178, 102, 255
L -1268.0000, 79.0000, 177.0000,  -1268.0000, 80.0000, 177.0000,  178, 102, 255
L -1268.0000, 80.0000, 177.0000,  -1268.0000, 90.0000, 173.0000,  178, 102, 255
L -1268.0000, 90.0000, 173.0000,  -1267.0000, 98.0000, 166.0000,  178, 102, 255
L -1267.0000, 98.0000, 166.0000,  -1267.0000, 100.0000, 163.0000,  178, 102, 255
L -1267.0000, 100.0000, 163.0000,  -1268.0000, 102.0000, 159.0000,  178, 102, 255
L -1268.0000, 102.0000, 159.0000,  -1269.0000, 102.0000, 157.0000,  178, 102, 255
L -1269.0000, 102.0000, 157.0000,  -1271.0000, 102.0000, 157.0000,  178, 102, 255
L -1271.0000, 102.0000, 157.0000,  -1276.0000, 103.0000, 155.0000,  178, 102, 255
L -1276.0000, 103.0000, 155.0000,  -1288.0000, 103.0000, 152.0000,  178, 102, 255
L -1288.0000, 103.0000, 152.0000,  -1295.0000, 103.0000, 145.0000,  178, 102, 255
L -1295.0000, 103.0000, 145.0000,  -1297.0000, 102.0000, 143.0000,  178, 102, 255
L -1297.0000, 102.0000, 143.0000,  -1299.0000, 102.0000, 141.0000,  178, 102, 255
L -1299.0000, 102.0000, 141.0000,  -1308.0000, 99.0000, 136.0000,  178, 102, 255
L -1308.0000, 99.0000, 136.0000,  -1310.0000, 98.0000, 134.0000,  178, 102, 255
L -1310.0000, 98.0000, 134.0000,  -1311.0000, 97.0000, 132.0000,  102, 0, 204
L -1311.0000, 97.0000, 132.0000,  -1311.0000, 95.0000, 130.0000,  102, 0, 204
L -1311.0000, 95.0000, 130.0000,  -1310.0000, 88.0000, 128.0000,  102, 0, 204
L -1310.0000, 88.0000, 128.0000,  -1310.0000, 86.0000, 127.0000,  102, 0, 204
L -1310.0000, 86.0000, 127.0000,  -1309.0000, 78.0000, 126.0000,  102, 0, 204
L -1309.0000, 78.0000, 126.0000,  -1309.0000, 76.0000, 125.0000,  102, 0, 204
L -1309.0000, 76.0000, 125.0000,  -1308.0000, 73.0000, 123.0000,  102, 0, 204
L -1308.0000, 73.0000, 123.0000,  -1308.0000, 71.0000, 121.0000,  102, 0, 204
L -1308.0000, 71.0000, 121.0000,  -1308.0000, 68.0000, 117.0000,  102, 0, 204
L -1308.0000, 68.0000, 117.0000,  -1307.0000, 66.0000, 115.0000,  102, 0, 204
L -1307.0000, 66.0000, 115.0000,  -1307.0000, 65.0000, 114.0000,  102, 0, 204
L -1307.0000, 65.0000, 114.0000,  -1304.0000, 58.0000, 112.0000,  102, 0, 204
L -1304.0000, 58.0000, 112.0000,  -1303.0000, 56.0000, 111.0000,  102, 0, 204
L -1303.0000, 56.0000, 111.0000,  -1303.0000, 55.0000, 111.0000,  102, 0, 204
L -1303.0000, 55.0000, 111.0000,  -1302.0000, 49.0000, 110.0000,  102, 0, 204
L -1302.0000, 49.0000, 110.0000,  -1301.0000, 47.0000, 109.0000,  102, 0, 204
L -1301.0000, 47.0000, 109.0000,  -1301.0000, 46.0000, 108.0000,  102, 0, 204
L -1301.0000, 46.0000, 108.0000,  -1301.0000, 43.0000, 107.0000,  102, 0, 204
L -1301.0000, 43.0000, 107.0000,  -1300.0000, 42.0000, 106.0000,  102, 0, 204
L -1300.0000, 42.0000, 106.0000,  -1300.0000, 38.0000, 105.0000,  102, 0, 204
L -1300.0000, 38.0000, 105.0000,  -1299.0000, 36.0000, 104.0000,  102, 0, 204
L -1299.0000, 36.0000, 104.0000,  -1299.0000, 34.0000, 104.0000,  102, 0, 204
L -1299.0000, 34.0000, 104.0000,  -1298.0000, 32.0000, 103.0000,  102, 0, 204
L -1298.0000, 32.0000, 103.0000,  -1298.0000, 31.0000, 103.0000,  102, 0, 204
L -1298.0000, 31.0000, 103.0000,  -1297.0000, 29.0000, 102.0000,  102, 0, 204
L -1297.0000, 29.0000, 102.0000,  -1296.0000, 28.0000, 101.0000,  102, 0, 204
L -1296.0000, 28.0000, 101.0000,  -1295.0000, 26.0000, 100.0000,  102, 0, 204
L -1295.0000, 26.0000, 100.0000,  -1294.0000, 25.0000, 100.0000,  102, 0, 204
L -1294.0000, 25.0000, 100.0000,  -1293.0000, 24.0000, 99.0000,  102, 0, 204
L -1293.0000, 24.0000, 99.0000,  -1292.0000, 22.0000, 99.0000,  102, 0, 204
L -1292.0000, 22.0000, 99.0000,  -1288.0000, 17.0000, 96.0000,  102, 0, 204
L -1288.0000, 17.0000, 96.0000,  -1287.0000, 16.0000, 95.0000,  102, 0, 204
L -1287.0000, 16.0000, 95.0000,  -1285.0000, 15.0000, 93.0000,  102, 0, 204
L -1285.0000, 15.0000, 93.0000,  -1284.0000, 14.0000, 92.0000,  102, 0, 204
L -1284.0000, 14.0000, 92.0000,  -1282.0000, 14.0000, 92.0000,  102, 0, 204
L -1282.0000, 14.0000, 92.0000,  -1273.0000, 10.0000, 88.0000,  102, 0, 204
L -1273.0000, 10.0000, 88.0000,  -1262.0000, 5.0000, 77.0000,  102, 0, 204
L -1262.0000, 5.0000, 77.0000,  -1260.0000, 5.0000, 74.0000,  102, 0, 204
L -1260.0000, 5.0000, 74.0000,  -1259.0000, 6.0000, 72.0000,  102, 0, 204
L -1259.0000, 6.0000, 72.0000,  -1249.0000, 8.0000, 68.0000,  102, 0, 204
L -1249.0000, 8.0000, 68.0000,  -1247.0000, 8.0000, 67.0000,  102, 0, 204
L -1247.0000, 8.0000, 67.0000,  -1229.0000, 15.0000, 62.0000,  102, 0, 204
L -1229.0000, 15.0000, 62.0000,  -1227.0000, 16.0000, 62.0000,  102, 0, 204
L -1227.0000, 16.0000, 62.0000,  -1220.0000, 20.0000, 59.0000,  102, 0, 204
L -1220.0000, 20.0000, 59.0000,  -1219.0000, 21.0000, 59.0000,  102, 0, 204
L -1219.0000, 21.0000, 59.0000,  -1216.0000, 22.0000, 57.0000,  102, 0, 204
L -1216.0000, 22.0000, 57.0000,  -1215.0000, 23.0000, 56.0000,  102, 0, 204
L -1215.0000, 23.0000, 56.0000,  -1213.0000, 24.0000, 54.0000,  102, 0, 204
L -1213.0000, 24.0000, 54.0000,  -1207.0000, 31.0000, 53.0000,  102, 0, 204
L -1207.0000, 31.0000, 53.0000,  -1206.0000, 32.0000, 52.0000,  102, 0, 204
L -1206.0000, 32.0000, 52.0000,  -1205.0000, 34.0000, 51.0000,  102, 0, 204
L -1205.0000, 34.0000, 51.0000,  -1204.0000, 35.0000, 50.0000,  102, 0, 204
L -1204.0000, 35.0000, 50.0000,  -1203.0000, 36.0000, 48.0000,  102, 0, 204
L -1203.0000, 36.0000, 48.0000,  -1202.0000, 38.0000, 47.0000,  102, 0, 204
L -1202.0000, 38.0000, 47.0000,  -1201.0000, 39.0000, 47.0000,  102, 0, 204
L -1201.0000, 39.0000, 47.0000,  -1196.0000, 48.0000, 40.0000,  102, 0, 204
L -1196.0000, 48.0000, 40.0000,  -1196.0000, 50.0000, 38.0000,  102, 0, 204
L -1196.0000, 50.0000, 38.0000,  -1195.0000, 52.0000, 36.0000,  102, 0, 204
L -1195.0000, 52.0000, 36.0000,  -1197.0000, 56.0000, 36.0000,  102, 0, 204
L -1197.0000, 56.0000, 36.0000,  -1198.0000, 57.0000, 36.0000,  102, 0, 204
L -1198.0000, 57.0000, 36.0000,  -1199.0000, 59.0000, 37.0000,  102, 0, 204
L -1199.0000, 59.0000, 37.0000,  -1200.0000, 60.0000, 38.0000,  102, 0, 204
L -1200.0000, 60.0000, 38.0000,  -1203.0000, 62.0000, 39.0000,  102, 0, 204
L -1203.0000, 62.0000, 39.0000,  -1204.0000, 63.0000, 39.0000,  102, 0, 204
L -1204.0000, 63.0000, 39.0000,  -1208.0000, 65.0000, 39.0000,  102, 0, 204
L -1208.0000, 65.0000, 39.0000,  -1211.0000, 67.0000, 40.0000,  102, 0, 204
L -1211.0000, 67.0000, 40.0000,  -1236.0000, 77.0000, 37.0000,  102, 0, 204
L -1236.0000, 77.0000, 37.0000,  -1238.0000, 78.0000, 38.0000,  102, 0, 204
L -1238.0000, 78.0000, 38.0000,  -1241.0000, 79.0000, 39.0000,  102, 0, 204
L -1241.0000, 79.0000, 39.0000,  -1243.0000, 80.0000, 39.0000,  102, 0, 204
L -1243.0000, 80.0000, 39.0000,  -1246.0000, 82.0000, 40.0000,  102, 0, 204
L -1246.0000, 82.0000, 40.0000,  -1247.0000, 84.0000, 40.0000,  102, 0, 204
L -1247.0000, 84.0000, 40.0000,  -1252.0000, 87.0000, 40.0000,  102, 0, 204
L -1252.0000, 87.0000, 40.0000,  -1253.0000, 88.0000, 40.0000,  102, 0, 204
L -1253.0000, 88.0000, 40.0000,  -1254.0000, 90.0000, 40.0000,  102, 0, 204
L -1254.0000, 90.0000, 40.0000,  -1259.0000, 95.0000, 38.0000,  102, 0, 204
L -1259.0000, 95.0000, 38.0000,  -1260.0000, 97.0000, 37.0000,  102, 0, 204
L -1260.0000, 97.0000, 37.0000,  -1265.0000, 104.0000, 36.0000,  102, 0, 204
L -1265.0000, 104.0000, 36.0000,  -1266.0000, 106.0000, 36.0000,  102, 0, 204
L -1266.0000, 106.0000, 36.0000,  -1267.0000, 107.0000, 36.0000,  102, 0, 204
L -1267.0000, 107.0000, 36.0000,  -1269.0000, 112.0000, 36.0000,  102, 0, 204
L -1269.0000, 112.0000, 36.0000,  -1271.0000, 115.0000, 36.0000,  102, 0, 204
L -1271.0000, 115.0000, 36.0000,  -1273.0000, 117.0000, 37.0000,  102, 0, 204
L -1273.0000, 117.0000, 37.0000,  -1275.0000, 121.0000, 36.0000,  102, 0, 204
L -1275.0000, 121.0000, 36.0000,  -1277.0000, 123.0000, 36.0000,  102, 0, 204
L -1277.0000, 123.0000, 36.0000,  -1283.0000, 132.0000, 37.0000,  102, 0, 204
L -1283.0000, 132.0000, 37.0000,  -1284.0000, 133.0000, 37.0000,  102, 0, 204
L -1284.0000, 133.0000, 37.0000,  -1285.0000, 135.0000, 35.0000,  102, 0, 204
L -1285.0000, 135.0000, 35.0000,  -1285.0000, 137.0000, 34.0000,  102, 0, 204
L -1285.0000, 137.0000, 34.0000,  -1286.0000, 142.0000, 33.0000,  102, 0, 204
L -1286.0000, 142.0000, 33.0000,  -1287.0000, 145.0000, 33.0000,  102, 0, 204
L -1287.0000, 145.0000, 33.0000,  -1288.0000, 147.0000, 33.0000,  102, 0, 204
L -1288.0000, 147.0000, 33.0000,  -1289.0000, 150.0000, 33.0000,  102, 0, 204
L -1289.0000, 150.0000, 33.0000,  -1291.0000, 151.0000, 33.0000,  102, 0, 204
L -1291.0000, 151.0000, 33.0000,  -1293.0000, 151.0000, 33.0000,  102, 0, 204
L -1293.0000, 151.0000, 33.0000,  -1311.0000, 153.0000, 33.0000,  102, 0, 204
L -1311.0000, 153.0000, 33.0000,  -1320.0000, 153.0000, 33.0000,  102, 0, 204
L -1320.0000, 153.0000, 33.0000,  -1323.0000, 152.0000, 33.0000,  102, 0, 204
L -1323.0000, 152.0000, 33.0000,  -1325.0000, 152.0000, 33.0000,  102, 0, 204
L -1325.0000, 152.0000, 33.0000,  -1332.0000, 149.0000, 33.0000,  102, 0, 204
L -1332.0000, 149.0000, 33.0000,  -1333.0000, 148.0000, 33.0000,  102, 0, 204
L -1333.0000, 148.0000, 33.0000,  -1336.0000, 146.0000, 33.0000,  102, 0, 204
L -1336.0000, 146.0000, 33.0000,  -1351.0000, 134.0000, 27.0000,  102, 0, 204
L -1351.0000, 134.0000, 27.0000,  -1355.0000, 131.0000, 26.0000,  102, 0, 204
L -1355.0000, 131.0000, 26.0000,  -1356.0000, 130.0000, 25.0000,  102, 0, 204
L -1356.0000, 130.0000, 25.0000,  -1371.0000, 119.0000, 15.0000,  102, 0, 204
L -1371.0000, 119.0000, 15.0000,  -1372.0000, 118.0000, 15.0000,  102, 0, 204
L -1372.0000, 118.0000, 15.0000,  -1376.0000, 115.0000, 13.0000,  102, 0, 204
L -1376.0000, 115.0000, 13.0000,  -1377.0000, 113.0000, 10.0000,  102, 0, 204
L -1377.0000, 113.0000, 10.0000,  -1378.0000, 112.0000, 10.0000,  102, 0, 204
L -1378.0000, 112.0000, 10.0000,  -1383.0000, 104.0000, 4.0000,  102, 0, 204
L -1383.0000, 104.0000, 4.0000,  -1388.0000, 95.0000, -1.0000,  102, 0, 204
L -1388.0000, 95.0000, -1.0000,  -1389.0000, 93.0000, -3.0000,  102, 0, 204
L -1389.0000, 93.0000, -3.0000,  -1391.0000, 90.0000, -7.0000,  102, 0, 204
L -1391.0000, 90.0000, -7.0000,  -1396.0000, 85.0000, -10.0000,  102, 0, 204
L -1396.0000, 85.0000, -10.0000,  -1399.0000, 82.0000, -10.0000,  102, 0, 204
L -1399.0000, 82.0000, -10.0000,  -1401.0000, 80.0000, -12.0000,  102, 0, 204
L -1401.0000, 80.0000, -12.0000,  -1404.0000, 78.0000, -12.0000,  102, 0, 204
L -1404.0000, 78.0000, -12.0000,  -1407.0000, 75.0000, -12.0000,  102, 0, 204
L -1407.0000, 75.0000, -12.0000,  -1410.0000, 74.0000, -11.0000,  102, 0, 204
L -1410.0000, 74.0000, -11.0000,  -1414.0000, 73.0000, -11.0000,  102, 0, 204
L -1414.0000, 73.0000, -11.0000,  -1415.0000, 72.0000, -11.0000,  102, 0, 204
L -1415.0000, 72.0000, -11.0000,  -1417.0000, 72.0000, -11.0000,  102, 0, 204
L -1417.0000, 72.0000, -11.0000,  -1419.0000, 72.0000, -12.0000,  102, 0, 204
L -1419.0000, 72.0000, -12.0000,  -1421.0000, 71.0000, -12.0000,  102, 0, 204
L -1421.0000, 71.0000, -12.0000,  -1422.0000, 72.0000, -12.0000,  102, 0, 204
L -1422.0000, 72.0000, -12.0000,  -1429.0000, 80.0000, -12.0000,  102, 0, 204
L -1429.0000, 80.0000, -12.0000,  -1436.0000, 91.0000, -12.0000,  102, 0, 204
L -1436.0000, 91.0000, -12.0000,  -1439.0000, 96.0000, -11.0000,  102, 0, 204
L -1439.0000, 96.0000, -11.0000,  -1446.0000, 112.0000, -10.0000,  102, 0, 204
L -1446.0000, 112.0000, -10.0000,  -1447.0000, 114.0000, -10.0000,  102, 0, 204
L -1447.0000, 114.0000, -10.0000,  -1453.0000, 132.0000, -8.0000,  102, 0, 204
L -1453.0000, 132.0000, -8.0000,  -1453.0000, 133.0000, -8.0000,  102, 0, 204
L -1453.0000, 133.0000, -8.0000,  -1454.0000, 134.0000, -8.0000,  102, 0, 204
L -1454.0000, 134.0000, -8.0000,  -1454.0000, 135.0000, -8.0000,  102, 0, 204
L -1454.0000, 135.0000, -8.0000,  -1456.0000, 137.0000, -8.0000,  102, 0, 204
L -1456.0000, 137.0000, -8.0000,  -1459.0000, 139.0000, -6.0000,  102, 0, 204
L -1459.0000, 139.0000, -6.0000,  -1460.0000, 140.0000, -6.0000,  102, 0, 204
L -1460.0000, 140.0000, -6.0000,  -1462.0000, 141.0000, -5.0000,  102, 0, 204
L -1462.0000, 141.0000, -5.0000,  -1463.0000, 142.0000, -4.0000,  102, 0, 204
L -1463.0000, 142.0000, -4.0000,  -1465.0000, 143.0000, -4.0000,  102, 0, 204
L -1465.0000, 143.0000, -4.0000,  -1468.0000, 144.0000, -4.0000,  102, 0, 204
L -1468.0000, 144.0000, -4.0000,  -1472.0000, 144.0000, -4.0000,  102, 0, 204
L -1472.0000, 144.0000, -4.0000,  -1483.0000, 144.0000, 2.0000,  102, 0, 204
L -1483.0000, 144.0000, 2.0000,  -1486.0000, 144.0000, 3.0000,  102, 0, 204
L -1486.0000, 144.0000, 3.0000,  -1487.0000, 144.0000, 3.0000,  102, 0, 204
L -1487.0000, 144.0000, 3.0000,  -1489.0000, 145.0000, 3.0000,  102, 0, 204
L -1489.0000, 145.0000, 3.0000,  -1490.0000, 146.0000, 4.0000,  102, 0, 204
L -1490.0000, 146.0000, 4.0000,  -1492.0000, 147.0000, 4.0000,  102, 0, 204
L -1492.0000, 147.0000, 4.0000,  -1493.0000, 148.0000, 5.0000,  102, 0, 204
L -1493.0000, 148.0000, 5.0000,  -1499.0000, 156.0000, 8.0000,  102, 0, 204
L -1499.0000, 156.0000, 8.0000,  -1500.0000, 157.0000, 9.0000,  102, 0, 204
L -1500.0000, 157.0000, 9.0000,  -1501.0000, 158.0000, 9.0000,  102, 0, 204
L -1501.0000, 158.0000, 9.0000,  -1503.0000, 159.0000, 10.0000,  102, 0, 204
L -1503.0000, 159.0000, 10.0000,  -1504.0000, 160.0000, 11.0000,  102, 0, 204
L -1504.0000, 160.0000, 11.0000,  -1509.0000, 165.0000, 12.0000,  102, 0, 204
L -1509.0000, 165.0000, 12.0000,  -1510.0000, 166.0000, 13.0000,  102, 0, 204
L -1510.0000, 166.0000, 13.0000,  -1513.0000, 168.0000, 13.0000,  102, 0, 204
L -1513.0000, 168.0000, 13.0000,  -1517.0000, 172.0000, 13.0000,  102, 0, 204
L -1517.0000, 172.0000, 13.0000,  -1525.0000, 181.0000, 13.0000,  102, 0, 204
L -1525.0000, 181.0000, 13.0000,  -1526.0000, 182.0000, 13.0000,  102, 0, 204
L -1526.0000, 182.0000, 13.0000,  -1527.0000, 184.0000, 13.0000,  102, 0, 204
L -1527.0000, 184.0000, 13.0000,  -1529.0000, 186.0000, 13.0000,  102, 0, 204
L -1529.0000, 186.0000, 13.0000,  -1530.0000, 189.0000, 13.0000,  102, 0, 204
L -1530.0000, 189.0000, 13.0000,  -1532.0000, 192.0000, 13.0000,  102, 0, 204
L -1532.0000, 192.0000, 13.0000,  -1532.0000, 193.0000, 13.0000,  102, 0, 204
L -1532.0000, 193.0000, 13.0000,  -1533.0000, 195.0000, 13.0000,  102, 0, 204
L -1533.0000, 195.0000, 13.0000,  -1535.0000, 195.0000, 13.0000,  102, 0, 204
L -1535.0000, 195.0000, 13.0000,  -1537.0000, 196.0000, 13.0000,  102, 0, 204
L -1537.0000, 196.0000, 13.0000,  -1538.0000, 198.0000, 13.0000,  102, 0, 204
L -1538.0000, 198.0000, 13.0000,  -1537.0000, 199.0000, 13.0000,  102, 0, 204
L -1537.0000, 199.0000, 13.0000,  -1531.0000, 212.0000, 13.0000,  102, 0, 204
L -1531.0000, 212.0000, 13.0000,  -1525.0000, 220.0000, 13.0000,  102, 0, 204
L -1525.0000, 220.0000, 13.0000,  -1523.0000, 225.0000, 13.0000,  102, 0, 204
L -1523.0000, 225.0000, 13.0000,  -1522.0000, 227.0000, 13.0000,  102, 0, 204
L -1522.0000, 227.0000, 13.0000,  -1517.0000, 232.0000, 14.0000,  102, 0, 204
L -1517.0000, 232.0000, 14.0000,  -1516.0000, 233.0000, 14.0000,  102, 0, 204
L -1516.0000, 233.0000, 14.0000,  -1512.0000, 237.0000, 13.0000,  102, 0, 204
L -1512.0000, 237.0000, 13.0000,  -1508.0000, 240.0000, 12.0000,  102, 0, 204
L -1508.0000, 240.0000, 12.0000,  -1506.0000, 242.0000, 11.0000,  102, 0, 204
L -1506.0000, 242.0000, 11.0000,  -1497.0000, 249.0000, 1.0000,  102, 0, 204
L -1497.0000, 249.0000, 1.0000,  -1497.0000, 250.0000, -0.0000,  102, 0, 204
L -1497.0000, 250.0000, -0.0000,  -1496.0000, 252.0000, 1.0000,  102, 0, 204
L -1496.0000, 252.0000, 1.0000,  -1496.0000, 254.0000, 2.0000,  102, 0, 204
L -1496.0000, 254.0000, 2.0000,  -1495.0000, 255.0000, 2.0000,  102, 0, 204
L -1495.0000, 255.0000, 2.0000,  -1493.0000, 256.0000, 2.0000,  102, 0, 204
L -1493.0000, 256.0000, 2.0000,  -1485.0000, 261.0000, -2.0000,  102, 0, 204
L -1485.0000, 261.0000, -2.0000,  -1482.0000, 263.0000, -1.0000,  102, 0, 204
L -1482.0000, 263.0000, -1.0000,  -1481.0000, 264.0000, -1.0000,  102, 0, 204
L -1481.0000, 264.0000, -1.0000,  -1479.0000, 265.0000, -1.0000,  102, 0, 204
L -1479.0000, 265.0000, -1.0000,  -1477.0000, 268.0000, -2.0000,  102, 0, 204
L -1477.0000, 268.0000, -2.0000,  -1469.0000, 276.0000, -3.0000,  102, 0, 204
L -1469.0000, 276.0000, -3.0000,  -1463.0000, 283.0000, -6.0000,  102, 0, 204
L -1463.0000, 283.0000, -6.0000,  -1456.0000, 290.0000, -7.0000,  102, 0, 204
L -1456.0000, 290.0000, -7.0000,  -1432.0000, 315.0000, -8.0000,  102, 0, 204
L -1432.0000, 315.0000, -8.0000,  -1431.0000, 316.0000, -9.0000,  102, 0, 204
L -1431.0000, 316.0000, -9.0000,  -1415.0000, 332.0000, -9.0000,  102, 0, 204
L -1415.0000, 332.0000, -9.0000,  -1413.0000, 333.0000, -8.0000,  102, 0, 204
L -1413.0000, 333.0000, -8.0000,  -1412.0000, 334.0000, -8.0000,  102, 0, 204
L -1412.0000, 334.0000, -8.0000,  -1410.0000, 334.0000, -8.0000,  102, 0, 204
L -1410.0000, 334.0000, -8.0000,  -1408.0000, 335.0000, -8.0000,  102, 0, 204
L -1408.0000, 335.0000, -8.0000,  -1406.0000, 335.0000, -8.0000,  102, 0, 204
L -1406.0000, 335.0000, -8.0000,  -1404.0000, 339.0000, -8.0000,  102, 0, 204
L -1404.0000, 339.0000, -8.0000,  -1403.0000, 340.0000, -8.0000,  102, 0, 204
L -1403.0000, 340.0000, -8.0000,  -1398.0000, 345.0000, -9.0000,  102, 0, 204
L -1398.0000, 345.0000, -9.0000,  -1397.0000, 345.0000, -8.0000,  102, 0, 204
L -1397.0000, 345.0000, -8.0000,  -1395.0000, 344.0000, -8.0000,  102, 0, 204
L -1395.0000, 344.0000, -8.0000,  -1394.0000, 343.0000, -7.0000,  102, 0, 204
L -1394.0000, 343.0000, -7.0000,  -1385.0000, 339.0000, -7.0000,  102, 0, 204
L -1385.0000, 339.0000, -7.0000,  -1381.0000, 335.0000, -7.0000,  102, 0, 204
L -1381.0000, 335.0000, -7.0000,  -1379.0000, 332.0000, -7.0000,  102, 0, 204
L -1379.0000, 332.0000, -7.0000,  -1373.0000, 324.0000, -7.0000,  102, 0, 204
L -1373.0000, 324.0000, -7.0000,  -1371.0000, 322.0000, -7.0000,  102, 0, 204
L -1371.0000, 322.0000, -7.0000,  -1370.0000, 320.0000, -7.0000,  102, 0, 204
L -1370.0000, 320.0000, -7.0000,  -1368.0000, 320.0000, -7.0000,  102, 0, 204
L -1368.0000, 320.0000, -7.0000,  -1358.0000, 319.0000, -11.0000,  102, 0, 204
L -1358.0000, 319.0000, -11.0000,  -1349.0000, 318.0000, -11.0000,  102, 0, 204
L -1349.0000, 318.0000, -11.0000,  -1343.0000, 318.0000, -11.0000,  102, 0, 204
L -1343.0000, 318.0000, -11.0000,  -1333.0000, 318.0000, -12.0000,  102, 0, 204
L -1333.0000, 318.0000, -12.0000,  -1324.0000, 318.0000, -12.0000,  102, 0, 204
L -1324.0000, 318.0000, -12.0000,  -1322.0000, 319.0000, -12.0000,  102, 0, 204
L -1322.0000, 319.0000, -12.0000,  -1320.0000, 319.0000, -12.0000,  102, 0, 204
L -1320.0000, 319.0000, -12.0000,  -1318.0000, 321.0000, -12.0000,  102, 0, 204
L -1318.0000, 321.0000, -12.0000,  -1317.0000, 323.0000, -12.0000,  102, 0, 204
L -1317.0000, 323.0000, -12.0000,  -1316.0000, 324.0000, -13.0000,  102, 0, 204
L -1369.8000, -8.8000, 250.6000,  -1369.0000, -41.0000, 249.0000,  178, 102, 255
L -1369.0000, -41.0000, 249.0000,  -1410.0000, -79.0000, 260.0000,  178, 102, 255
L -1410.0000, -79.0000, 260.0000,  -1411.0000, -80.0000, 260.0000,  178, 102, 255
L -1411.0000, -80.0000, 260.0000,  -1411.0000, -84.0000, 260.0000,  178, 102, 255
L -1411.0000, -84.0000, 260.0000,  -1409.0000, -85.0000, 261.0000,  178, 102, 255
L -1409.0000, -85.0000, 261.0000,  -1408.0000, -87.0000, 261.0000,  178, 102, 255
L -1408.0000, -87.0000, 261.0000,  -1406.0000, -90.0000, 262.0000,  178, 102, 255
L -1406.0000, -90.0000, 262.0000,  -1405.0000, -92.0000, 263.0000,  178, 102, 255
L -1405.0000, -92.0000, 263.0000,  -1404.0000, -93.0000, 263.0000,  178, 102, 255
L -1404.0000, -93.0000, 263.0000,  -1403.0000, -95.0000, 264.0000,  178, 102, 255
L -1403.0000, -95.0000, 264.0000,  -1403.0000, -97.0000, 265.0000,  178, 102, 255
L -1403.0000, -97.0000, 265.0000,  -1402.0000, -98.0000, 266.0000,  178, 102, 255
L -1402.0000, -98.0000, 266.0000,  -1399.0000, -102.0000, 266.0000,  178, 102, 255
L -1399.0000, -102.0000, 266.0000,  -1398.0000, -104.0000, 266.0000,  178, 102, 255
L -1398.0000, -104.0000, 266.0000,  -1395.0000, -107.0000, 266.0000,  178, 102, 255
L -1395.0000, -107.0000, 266.0000,  -1393.0000, -107.0000, 265.0000,  178, 102, 255
L -1393.0000, -107.0000, 265.0000,  -1392.0000, -109.0000, 265.0000,  178, 102, 255
L -1392.0000, -109.0000, 265.0000,  -1391.0000, -110.0000, 265.0000,  178, 102, 255
L -1391.0000, -110.0000, 265.0000,  -1389.0000, -110.0000, 265.0000,  178, 102, 255
L -1389.0000, -110.0000, 265.0000,  -1387.0000, -111.0000, 265.0000,  178, 102, 255
L -1387.0000, -111.0000, 265.0000,  -1386.0000, -112.0000, 266.0000,  178, 102, 255
L -1386.0000, -112.0000, 266.0000,  -1385.0000, -113.0000, 268.0000,  178, 102, 255
L -1385.0000, -113.0000, 268.0000,  -1383.0000, -113.0000, 266.0000,  178, 102, 255
L -1383.0000, -113.0000, 266.0000,  -1381.0000, -112.0000, 265.0000,  178, 102, 255
L -1381.0000, -112.0000, 265.0000,  -1380.0000, -115.0000, 266.0000,  178, 102, 255
L -1380.0000, -115.0000, 266.0000,  -1379.0000, -117.0000, 267.0000,  178, 102, 255
L -1379.0000, -117.0000, 267.0000,  -1378.0000, -121.0000, 267.0000,  178, 102, 255
L -1378.0000, -121.0000, 267.0000,  -1378.0000, -125.0000, 267.0000,  178, 102, 255
L -1378.0000, -125.0000, 267.0000,  -1378.0000, -132.0000, 268.0000,  178, 102, 255
L -1378.0000, -132.0000, 268.0000,  -1381.0000, -143.0000, 269.0000,  178, 102, 255
L -1381.0000, -143.0000, 269.0000,  -1382.0000, -146.0000, 269.0000,  178, 102, 255
L -1382.0000, -146.0000, 269.0000,  -1382.0000, -148.0000, 269.0000,  178, 102, 255
L -1382.0000, -148.0000, 269.0000,  -1381.0000, -152.0000, 270.0000,  178, 102, 255
L -1381.0000, -152.0000, 270.0000,  -1381.0000, -153.0000, 270.0000,  178, 102, 255
L -1381.0000, -153.0000, 270.0000,  -1380.0000, -155.0000, 269.0000,  178, 102, 255
L -1380.0000, -155.0000, 269.0000,  -1379.0000, -157.0000, 269.0000,  178, 102, 255
L -1379.0000, -157.0000, 269.0000,  -1378.0000, -158.0000, 268.0000,  178, 102, 255
L -1378.0000, -158.0000, 268.0000,  -1377.0000, -159.0000, 268.0000,  178, 102, 255
L -1377.0000, -159.0000, 268.0000,  -1373.0000, -160.0000, 268.0000,  178, 102, 255
L -1373.0000, -160.0000, 268.0000,  -1370.0000, -162.0000, 268.0000,  178, 102, 255
L -1370.0000, -162.0000, 268.0000,  -1368.0000, -162.0000, 268.0000,  178, 102, 255
L -1368.0000, -162.0000, 268.0000,  -1367.0000, -161.0000, 268.0000,  178, 102, 255
L -1367.0000, -161.0000, 268.0000,  -1365.0000, -160.0000, 268.0000,  178, 102, 255
L -1365.0000, -160.0000, 268.0000,  -1363.0000, -160.0000, 268.0000,  178, 102, 255
L -1363.0000, -160.0000, 268.0000,  -1358.0000, -162.0000, 268.0000,  178, 102, 255
L -1358.0000, -162.0000, 268.0000,  -1358.0000, -159.0000, 268.0000,  178, 102, 255
L -1358.0000, -159.0000, 268.0000,  -1355.0000, -157.0000, 268.0000,  178, 102, 255
L -1355.0000, -157.0000, 268.0000,  -1353.0000, -156.0000, 268.0000,  178, 102, 255
L -1353.0000, -156.0000, 268.0000,  -1350.0000, -154.0000, 268.0000,  178, 102, 255
L -1350.0000, -154.0000, 268.0000,  -1347.0000, -153.0000, 268.0000,  178, 102, 255
L -1347.0000, -153.0000, 268.0000,  -1337.0000, -150.0000, 271.0000,  178, 102, 255
L -1337.0000, -150.0000, 271.0000,  -1336.0000, -150.0000, 271.0000,  178, 102, 255
L -1336.0000, -150.0000, 271.0000,  -1326.0000, -147.0000, 273.0000,  178, 102, 255
L -1326.0000, -147.0000, 273.0000,  -1317.0000, -145.0000, 272.0000,  178, 102, 255
L -1317.0000, -145.0000, 272.0000,  -1312.0000, -144.0000, 273.0000,  178, 102, 255
L -1312.0000, -144.0000, 273.0000,  -1311.0000, -144.0000, 273.0000,  178, 102, 255
L -1311.0000, -144.0000, 273.0000,  -1301.0000, -143.0000, 271.0000,  178, 102, 255
L -1301.0000, -143.0000, 271.0000,  -1299.0000, -142.0000, 268.0000,  178, 102, 255
L -1299.0000, -142.0000, 268.0000,  -1298.0000, -144.0000, 268.0000,  178, 102, 255
L -1298.0000, -144.0000, 268.0000,  -1292.0000, -151.0000, 271.0000,  178, 102, 255
L -1292.0000, -151.0000, 271.0000,  -1290.0000, -152.0000, 271.0000,  178, 102, 255
L -1290.0000, -152.0000, 271.0000,  -1289.0000, -153.0000, 271.0000,  178, 102, 255
L -1289.0000, -153.0000, 271.0000,  -1286.0000, -155.0000, 272.0000,  178, 102, 255
L -1286.0000, -155.0000, 272.0000,  -1279.0000, -160.0000, 271.0000,  178, 102, 255
L -1279.0000, -160.0000, 271.0000,  -1281.0000, -166.0000, 274.0000,  178, 102, 255
L -1281.0000, -166.0000, 274.0000,  -1282.0000, -171.0000, 276.0000,  178, 102, 255
L -1282.0000, -171.0000, 276.0000,  -1271.0000, -182.0000, 276.0000,  178, 102, 255
L -1271.0000, -182.0000, 276.0000,  -1269.0000, -183.0000, 276.0000,  178, 102, 255
L -1269.0000, -183.0000, 276.0000,  -1268.0000, -183.0000, 275.0000,  178, 102, 255
L -1268.0000, -183.0000, 275.0000,  -1258.0000, -182.0000, 272.0000,  178, 102, 255
L -1258.0000, -182.0000, 272.0000,  -1255.0000, -182.0000, 269.0000,  178, 102, 255
L -1255.0000, -182.0000, 269.0000,  -1254.0000, -182.0000, 269.0000,  178, 102, 255
L -1254.0000, -182.0000, 269.0000,  -1248.0000, -180.0000, 266.0000,  178, 102, 255
L -1248.0000, -180.0000, 266.0000,  -1246.0000, -180.0000, 264.0000,  178, 102, 255
L -1246.0000, -180.0000, 264.0000,  -1239.0000, -176.0000, 260.0000,  178, 102, 255
L -1239.0000, -176.0000, 260.0000,  -1237.0000, -175.0000, 260.0000,  178, 102, 255
L -1237.0000, -175.0000, 260.0000,  -1234.0000, -172.0000, 257.0000,  178, 102, 255
L -1234.0000, -172.0000, 257.0000,  -1228.0000, -169.0000, 255.0000,  178, 102, 255
L -1228.0000, -169.0000, 255.0000,  -1227.0000, -168.0000, 254.0000,  178, 102, 255
L -1227.0000, -168.0000, 254.0000,  -1220.0000, -161.0000, 249.0000,  178, 102, 255
L -1220.0000, -161.0000, 249.0000,  -1189.0000, -136.0000, 249.0000,  178, 102, 255
L -1189.0000, -136.0000, 249.0000,  -1185.0000, -132.0000, 250.0000,  178, 102, 255
L -1185.0000, -132.0000, 250.0000,  -1179.0000, -128.0000, 252.0000,  178, 102, 255
L -1128.0000, -91.0000, 247.0000,  -1128.0000, -85.0000, 244.0000,  178, 102, 255
L -1128.0000, -85.0000, 244.0000,  -1127.0000, -83.0000, 244.0000,  178, 102, 255
L -1127.0000, -83.0000, 244.0000,  -1127.0000, -79.0000, 240.0000,  178, 102, 255
L -1127.0000, -79.0000, 240.0000,  -1122.0000, -75.0000, 239.0000,  178, 102, 255
L -1122.0000, -75.0000, 239.0000,  -1123.0000, -73.0000, 239.0000,  178, 102, 255
L -1123.0000, -73.0000, 239.0000,  -1125.0000, -72.0000, 239.0000,  178, 102, 255
L -1125.0000, -72.0000, 239.0000,  -1129.0000, -69.0000, 242.0000,  178, 102, 255
L -1129.0000, -69.0000, 242.0000,  -1130.0000, -67.0000, 242.0000,  178, 102, 255
L -1130.0000, -67.0000, 242.0000,  -1137.0000, -60.0000, 239.0000,  178, 102, 255
L -1137.0000, -60.0000, 239.0000,  -1137.0000, -59.0000, 239.0000,  178, 102, 255
L -1137.0000, -59.0000, 239.0000,  -1145.0000, -50.0000, 239.0000,  178, 102, 255
L -1145.0000, -50.0000, 239.0000,  -1147.0000, -49.0000, 239.0000,  178, 102, 255
L -1147.0000, -49.0000, 239.0000,  -1148.0000, -45.0000, 240.0000,  178, 102, 255
L -1148.0000, -45.0000, 240.0000,  -1150.0000, -41.0000, 241.0000,  178, 102, 255
L -1150.0000, -41.0000, 241.0000,  -1150.0000, -39.0000, 242.0000,  178, 102, 255
L -1150.0000, -39.0000, 242.0000,  -1151.0000, -33.0000, 243.0000,  178, 102, 255
L -1151.0000, -33.0000, 243.0000,  -1150.0000, -26.0000, 245.0000,  178, 102, 255
L -1150.0000, -26.0000, 245.0000,  -1142.0000, -21.0000, 245.0000,  178, 102, 255
L -1142.0000, -21.0000, 245.0000,  -1143.0000, -19.0000, 245.0000,  178, 102, 255
L -1143.0000, -19.0000, 245.0000,  -1146.0000, -14.0000, 247.0000,  178, 102, 255
L -1146.0000, -14.0000, 247.0000,  -1150.0000, -9.0000, 249.0000,  178, 102, 255
L -1150.0000, -9.0000, 249.0000,  -1151.0000, -3.0000, 250.0000,  178, 102, 255
L -1151.0000, -3.0000, 250.0000,  -1151.0000, 0.0000, 250.0000,  178, 102, 255
L -1151.0000, 0.0000, 250.0000,  -1150.0000, 3.0000, 252.0000,  178, 102, 255
L -1150.0000, 3.0000, 252.0000,  -1149.0000, 5.0000, 252.0000,  178, 102, 255
L -1149.0000, 5.0000, 252.0000,  -1146.0000, 14.0000, 251.0000,  178, 102, 255
L -1146.0000, 14.0000, 251.0000,  -1145.0000, 18.0000, 249.0000,  178, 102, 255
L -1145.0000, 18.0000, 249.0000,  -1146.0000, 20.0000, 249.0000,  178, 102, 255
L -1146.0000, 20.0000, 249.0000,  -1146.0000, 23.0000, 249.0000,  178, 102, 255
L -1146.0000, 23.0000, 249.0000,  -1148.0000, 27.0000, 249.0000,  178, 102, 255
L -1148.0000, 27.0000, 249.0000,  -1144.0000, 31.0000, 249.0000,  178, 102, 255
L -1144.0000, 31.0000, 249.0000,  -1142.0000, 33.0000, 248.0000,  178, 102, 255
L -1142.0000, 33.0000, 248.0000,  -1136.0000, 35.0000, 248.0000,  178, 102, 255
L -1136.0000, 35.0000, 248.0000,  -1131.0000, 36.0000, 248.0000,  178, 102, 255
L -1131.0000, 36.0000, 248.0000,  -1129.0000, 37.0000, 248.0000,  178, 102, 255
L -1129.0000, 37.0000, 248.0000,  -1120.0000, 39.0000, 245.0000,  178, 102, 255
L -1120.0000, 39.0000, 245.0000,  -1110.0000, 40.0000, 237.0000,  178, 102, 255
L -1110.0000, 40.0000, 237.0000,  -1100.0000, 42.0000, 235.0000,  178, 102, 255
L -1100.0000, 42.0000, 235.0000,  -1099.0000, 43.0000, 234.0000,  178, 102, 255
L -1099.0000, 43.0000, 234.0000,  -1094.0000, 44.0000, 233.0000,  178, 102, 255
L -1094.0000, 44.0000, 233.0000,  -1093.0000, 45.0000, 233.0000,  178, 102, 255
L -1093.0000, 45.0000, 233.0000,  -1084.0000, 49.0000, 230.0000,  178, 102, 255
L -1084.0000, 49.0000, 230.0000,  -1083.0000, 50.0000, 230.0000,  178, 102, 255
L -1083.0000, 50.0000, 230.0000,  -1081.0000, 51.0000, 230.0000,  178, 102, 255
L -1081.0000, 51.0000, 230.0000,  -1080.0000, 52.0000, 229.0000,  178, 102, 255
L -1080.0000, 52.0000, 229.0000,  -1079.0000, 53.0000, 229.0000,  178, 102, 255
L -1079.0000, 53.0000, 229.0000,  -1078.0000, 54.0000, 228.0000,  178, 102, 255
L -1078.0000, 54.0000, 228.0000,  -1077.0000, 55.0000, 228.0000,  178, 102, 255
L -1077.0000, 55.0000, 228.0000,  -1076.0000, 57.0000, 228.0000,  178, 102, 255
L -1076.0000, 57.0000, 228.0000,  -1073.0000, 60.0000, 227.0000,  178, 102, 255
L -1073.0000, 60.0000, 227.0000,  -1072.0000, 62.0000, 226.0000,  178, 102, 255
L -1072.0000, 62.0000, 226.0000,  -1069.0000, 67.0000, 226.0000,  178, 102, 255
L -1069.0000, 67.0000, 226.0000,  -1068.0000, 68.0000, 226.0000,  178, 102, 255
L -1068.0000, 68.0000, 226.0000,  -1067.0000, 70.0000, 226.0000,  178, 102, 255
L -1067.0000, 70.0000, 226.0000,  -1066.0000, 71.0000, 226.0000,  178, 102, 255
L -1066.0000, 71.0000, 226.0000,  -1063.0000, 77.0000, 223.0000,  178, 102, 255
L -1063.0000, 77.0000, 223.0000,  -1063.0000, 78.0000, 222.0000,  178, 102, 255
L -1063.0000, 78.0000, 222.0000,  -1061.0000, 83.0000, 222.0000,  178, 102, 255
L -1061.0000, 83.0000, 222.0000,  -1060.0000, 85.0000, 221.0000,  178, 102, 255
L -1060.0000, 85.0000, 221.0000,  -1056.0000, 96.0000, 218.0000,  178, 102, 255
L -1056.0000, 96.0000, 218.0000,  -1053.0000, 103.0000, 208.0000,  178, 102, 255
L -1053.0000, 103.0000, 208.0000,  -1052.0000, 104.0000, 208.0000,  178, 102, 255
L -1052.0000, 104.0000, 208.0000,  -1042.0000, 105.0000, 204.0000,  178, 102, 255
L -1042.0000, 105.0000, 204.0000,  -1040.0000, 106.0000, 203.0000,  178, 102, 255
L -1040.0000, 106.0000, 203.0000,  -1033.0000, 106.0000, 199.0000,  178, 102, 255
L -1033.0000, 106.0000, 199.0000,  -1031.0000, 105.0000, 197.0000,  178, 102, 255
L -1031.0000, 105.0000, 197.0000,  -1030.0000, 105.0000, 197.0000,  178, 102, 255
L -1030.0000, 105.0000, 197.0000,  -1027.0000, 103.0000, 196.0000,  178, 102, 255
L -1027.0000, 103.0000, 196.0000,  -1025.0000, 102.0000, 195.0000,  178, 102, 255
L -1025.0000, 102.0000, 195.0000,  -1024.0000, 101.0000, 193.0000,  178, 102, 255
L -1024.0000, 101.0000, 193.0000,  -1022.0000, 100.0000, 193.0000,  178, 102, 255
L -1022.0000, 100.0000, 193.0000,  -1021.0000, 99.0000, 193.0000,  178, 102, 255
L -1021.0000, 99.0000, 193.0000,  -1019.0000, 97.0000, 192.0000,  178, 102, 255
L -1019.0000, 97.0000, 192.0000,  -1015.0000, 92.0000, 185.0000,  178, 102, 255
L -1015.0000, 92.0000, 185.0000,  -1014.0000, 87.0000, 185.0000,  178, 102, 255
L -1014.0000, 87.0000, 185.0000,  -1013.0000, 84.0000, 184.0000,  178, 102, 255
L -1013.0000, 84.0000, 184.0000,  -1013.0000, 83.0000, 183.0000,  178, 102, 255
L -1013.0000, 83.0000, 183.0000,  -1012.0000, 80.0000, 181.0000,  178, 102, 255
L -1012.0000, 80.0000, 181.0000,  -1012.0000, 78.0000, 180.0000,  178, 102, 255
L -1012.0000, 78.0000, 180.0000,  -1012.0000, 76.0000, 177.0000,  178, 102, 255
L -1012.0000, 76.0000, 177.0000,  -1011.0000, 74.0000, 176.0000,  178, 102, 255
L -1011.0000, 74.0000, 176.0000,  -1010.0000, 69.0000, 175.0000,  178, 102, 255
L -1010.0000, 69.0000, 175.0000,  -1010.0000, 65.0000, 175.0000,  178, 102, 255
L -1010.0000, 65.0000, 175.0000,  -1009.0000, 63.0000, 174.0000,  178, 102, 255
L -1009.0000, 63.0000, 174.0000,  -1009.0000, 61.0000, 174.0000,  178, 102, 255
L -1009.0000, 61.0000, 174.0000,  -1008.0000, 60.0000, 174.0000,  178, 102, 255
L -1008.0000, 60.0000, 174.0000,  -1007.0000, 58.0000, 173.0000,  178, 102, 255
L -1007.0000, 58.0000, 173.0000,  -1005.0000, 56.0000, 171.0000,  178, 102, 255
L -1005.0000, 56.0000, 171.0000,  -1004.0000, 54.0000, 171.0000,  178, 102, 255
L -1004.0000, 54.0000, 171.0000,  -1003.0000, 53.0000, 171.0000,  178, 102, 255
L -1003.0000, 53.0000, 171.0000,  -1002.0000, 51.0000, 170.0000,  178, 102, 255
L -1002.0000, 51.0000, 170.0000,  -1000.0000, 49.0000, 170.0000,  178, 102, 255
L -1000.0000, 49.0000, 170.0000,  -998.0000, 46.0000, 168.0000,  178, 102, 255
L -998.0000, 46.0000, 168.0000,  -997.0000, 44.0000, 168.0000,  178, 102, 255
L -997.0000, 44.0000, 168.0000,  -994.0000, 42.0000, 168.0000,  178, 102, 255
L -994.0000, 42.0000, 168.0000,  -992.0000, 39.0000, 167.0000,  178, 102, 255
L -992.0000, 39.0000, 167.0000,  -989.0000, 37.0000, 167.0000,  178, 102, 255
L -989.0000, 37.0000, 167.0000,  -987.0000, 36.0000, 167.0000,  178, 102, 255
L -987.0000, 36.0000, 167.0000,  -986.0000, 35.0000, 166.0000,  178, 102, 255
L -986.0000, 35.0000, 166.0000,  -985.0000, 34.0000, 166.0000,  178, 102, 255
L -985.0000, 34.0000, 166.0000,  -983.0000, 34.0000, 166.0000,  178, 102, 255
L -983.0000, 34.0000, 166.0000,  -982.0000, 33.0000, 165.0000,  178, 102, 255
L -982.0000, 33.0000, 165.0000,  -972.0000, 30.0000, 163.0000,  178, 102, 255
L -972.0000, 30.0000, 163.0000,  -968.0000, 29.0000, 163.0000,  178, 102, 255
L -968.0000, 29.0000, 163.0000,  -967.0000, 28.0000, 162.0000,  178, 102, 255
L -967.0000, 28.0000, 162.0000,  -964.0000, 26.0000, 161.0000,  178, 102, 255
L -964.0000, 26.0000, 161.0000,  -962.0000, 25.0000, 159.0000,  178, 102, 255
L -962.0000, 25.0000, 159.0000,  -961.0000, 24.0000, 158.0000,  178, 102, 255
L -961.0000, 24.0000, 158.0000,  -959.0000, 23.0000, 156.0000,  178, 102, 255
L -959.0000, 23.0000, 156.0000,  -958.0000, 22.0000, 155.0000,  178, 102, 255
L -958.0000, 22.0000, 155.0000,  -957.0000, 20.0000, 155.0000,  178, 102, 255
L -957.0000, 20.0000, 155.0000,  -951.0000, 14.0000, 149.0000,  178, 102, 255
L -951.0000, 14.0000, 149.0000,  -950.0000, 12.0000, 148.0000,  178, 102, 255
L -950.0000, 12.0000, 148.0000,  -949.0000, 11.0000, 148.0000,  178, 102, 255
L -949.0000, 11.0000, 148.0000,  -947.0000, 10.0000, 148.0000,  178, 102, 255
L -947.0000, 10.0000, 148.0000,  -940.0000, 3.0000, 143.0000,  178, 102, 255
L -940.0000, 3.0000, 143.0000,  -939.0000, 2.0000, 143.0000,  178, 102, 255
L -939.0000, 2.0000, 143.0000,  -938.0000, 0.0000, 142.0000,  178, 102, 255
L -938.0000, 0.0000, 142.0000,  -937.0000, -1.0000, 141.0000,  178, 102, 255
L -937.0000, -1.0000, 141.0000,  -936.0000, -3.0000, 141.0000,  178, 102, 255
L -936.0000, -3.0000, 141.0000,  -931.0000, -11.0000, 134.0000,  178, 102, 255
L -931.0000, -11.0000, 134.0000,  -930.0000, -13.0000, 132.0000,  255, 102, 255
L -930.0000, -13.0000, 132.0000,  -931.0000, -18.0000, 128.0000,  255, 102, 255
L -931.0000, -18.0000, 128.0000,  -931.0000, -19.0000, 128.0000,  255, 102, 255
L -931.0000, -19.0000, 128.0000,  -932.0000, -23.0000, 126.0000,  255, 102, 255
L -932.0000, -23.0000, 126.0000,  -932.0000, -25.0000, 125.0000,  255, 102, 255
L -932.0000, -25.0000, 125.0000,  -932.0000, -28.0000, 122.0000,  255, 102, 255
L -932.0000, -28.0000, 122.0000,  -933.0000, -30.0000, 122.0000,  255, 102, 255
L -933.0000, -30.0000, 122.0000,  -933.0000, -32.0000, 121.0000,  255, 102, 255
L -933.0000, -32.0000, 121.0000,  -934.0000, -34.0000, 120.0000,  255, 102, 255
L -934.0000, -34.0000, 120.0000,  -935.0000, -35.0000, 119.0000,  255, 102, 255
L -935.0000, -35.0000, 119.0000,  -937.0000, -36.0000, 118.0000,  255, 102, 255
L -937.0000, -36.0000, 118.0000,  -938.0000, -37.0000, 118.0000,  255, 102, 255
L -938.0000, -37.0000, 118.0000,  -939.0000, -38.0000, 117.0000,  255, 102, 255
L -939.0000, -38.0000, 117.0000,  -947.0000, -43.0000, 114.0000,  255, 102, 255
L -947.0000, -43.0000, 114.0000,  -949.0000, -44.0000, 114.0000,  255, 102, 255
L -949.0000, -44.0000, 114.0000,  -956.0000, -50.0000, 112.0000,  255, 102, 255
L -956.0000, -50.0000, 112.0000,  -961.0000, -53.0000, 107.0000,  255, 102, 255
L -961.0000, -53.0000, 107.0000,  -963.0000, -55.0000, 107.0000,  255, 102, 255
L -963.0000, -55.0000, 107.0000,  -965.0000, -56.0000, 106.0000,  255, 102, 255
L -965.0000, -56.0000, 106.0000,  -967.0000, -56.0000, 105.0000,  255, 102, 255
L -967.0000, -56.0000, 105.0000,  -968.0000, -57.0000, 104.0000,  255, 102, 255
L -968.0000, -57.0000, 104.0000,  -970.0000, -57.0000, 103.0000,  255, 102, 255
L -970.0000, -57.0000, 103.0000,  -972.0000, -57.0000, 103.0000,  255, 102, 255
L -972.0000, -57.0000, 103.0000,  -978.0000, -57.0000, 101.0000,  255, 102, 255
L -978.0000, -57.0000, 101.0000,  -980.0000, -56.0000, 100.0000,  255, 102, 255
L -980.0000, -56.0000, 100.0000,  -987.0000, -55.0000, 92.0000,  255, 102, 255
L -987.0000, -55.0000, 92.0000,  -989.0000, -54.0000, 90.0000,  255, 102, 255
L -989.0000, -54.0000, 90.0000,  -992.0000, -53.0000, 87.0000,  255, 102, 255
L -992.0000, -53.0000, 87.0000,  -993.0000, -51.0000, 87.0000,  255, 102, 255
L -993.0000, -51.0000, 87.0000,  -994.0000, -50.0000, 86.0000,  255, 102, 255
L -994.0000, -50.0000, 86.0000,  -999.0000, -45.0000, 83.0000,  255, 102, 255
L -999.0000, -45.0000, 83.0000,  -1001.0000, -44.0000, 83.0000,  255, 102, 255
L -1001.0000, -44.0000, 83.0000,  -1003.0000, -43.0000, 84.0000,  255, 102, 255
L -1003.0000, -43.0000, 84.0000,  -1004.0000, -42.0000, 84.0000,  255, 102, 255
L -1004.0000, -42.0000, 84.0000,  -1005.0000, -40.0000, 85.0000,  255, 102, 255
L -1005.0000, -40.0000, 85.0000,  -1007.0000, -38.0000, 85.0000,  255, 102, 255
L -1007.0000, -38.0000, 85.0000,  -1008.0000, -36.0000, 86.0000,  255, 102, 255
L -1008.0000, -36.0000, 86.0000,  -1010.0000, -34.0000, 85.0000,  255, 102, 255
L -1010.0000, -34.0000, 85.0000,  -1012.0000, -29.0000, 85.0000,  255, 102, 255
L -1012.0000, -29.0000, 85.0000,  -1013.0000, -28.0000, 85.0000,  255, 102, 255
L -1013.0000, -28.0000, 85.0000,  -1015.0000, -27.0000, 86.0000,  255, 102, 255
L -1015.0000, -27.0000, 86.0000,  -1016.0000, -26.0000, 86.0000,  255, 102, 255
L -1016.0000, -26.0000, 86.0000,  -1017.0000, -24.0000, 87.0000,  255, 102, 255
L -1017.0000, -24.0000, 87.0000,  -1023.0000, -18.0000, 88.0000,  255, 102, 255
L -1023.0000, -18.0000, 88.0000,  -1024.0000, -16.0000, 89.0000,  255, 102, 255
L -1024.0000, -16.0000, 89.0000,  -1031.0000, -7.0000, 92.0000,  255, 102, 255
L -1031.0000, -7.0000, 92.0000,  -1032.0000, -4.0000, 92.0000,  255, 102, 255
L -1032.0000, -4.0000, 92.0000,  -1033.0000, -3.0000, 93.0000,  255, 102, 255
L -1033.0000, -3.0000, 93.0000,  -1034.0000, -1.0000, 92.0000,  255, 102, 255
L -1034.0000, -1.0000, 92.0000,  -1034.0000, 1.0000, 92.0000,  255, 102, 255
L -1034.0000, 1.0000, 92.0000,  -1034.0000, 5.0000, 91.0000,  255, 102, 255
L -1034.0000, 5.0000, 91.0000,  -1035.0000, 7.0000, 90.0000,  255, 102, 255
L -1035.0000, 7.0000, 90.0000,  -1034.0000, 12.0000, 88.0000,  255, 102, 255
L -1034.0000, 12.0000, 88.0000,  -1033.0000, 14.0000, 87.0000,  255, 102, 255
L -1033.0000, 14.0000, 87.0000,  -1027.0000, 27.0000, 79.0000,  255, 102, 255
L -1027.0000, 27.0000, 79.0000,  -1026.4000, 28.1000, 78.0000,  255, 102, 255
L -1062.0000, 13.0000, 88.0000,  -1062.0000, 11.0000, 88.0000,  255, 102, 255
L -1062.0000, 11.0000, 88.0000,  -1063.0000, 6.0000, 90.0000,  255, 102, 255
L -1063.0000, 6.0000, 90.0000,  -1063.0000, 4.0000, 91.0000,  255, 102, 255
L -1063.0000, 4.0000, 91.0000,  -1062.0000, 2.0000, 91.0000,  255, 102, 255
L -1062.0000, 2.0000, 91.0000,  -1057.0000, -6.0000, 89.0000,  255, 102, 255
L -1057.0000, -6.0000, 89.0000,  -1050.0000, -18.0000, 92.0000,  255, 102, 255
L -1050.0000, -18.0000, 92.0000,  -1047.0000, -23.0000, 92.0000,  255, 102, 255
L -1047.0000, -23.0000, 92.0000,  -1047.0000, -24.0000, 92.0000,  255, 102, 255
L -1047.0000, -24.0000, 92.0000,  -1046.0000, -25.0000, 92.0000,  255, 102, 255
L -1046.0000, -25.0000, 92.0000,  -1040.0000, -33.0000, 89.0000,  255, 102, 255
L -1040.0000, -33.0000, 89.0000,  -1038.0000, -35.0000, 88.0000,  255, 102, 255
L -1038.0000, -35.0000, 88.0000,  -1030.0000, -44.0000, 85.0000,  255, 102, 255
L -1030.0000, -44.0000, 85.0000,  -1020.0000, -55.0000, 84.0000,  255, 102, 255
L -1020.0000, -55.0000, 84.0000,  -1012.0000, -64.0000, 84.0000,  255, 102, 255
L -1012.0000, -64.0000, 84.0000,  -1009.0000, -66.0000, 85.0000,  255, 102, 255
L -1009.0000, -66.0000, 85.0000,  -1006.0000, -69.0000, 86.0000,  255, 102, 255
L -1006.0000, -69.0000, 86.0000,  -1001.0000, -74.0000, 88.0000,  255, 102, 255
L -1001.0000, -74.0000, 88.0000,  -997.0000, -76.0000, 88.0000,  255, 102, 255
L -997.0000, -76.0000, 88.0000,  -996.0000, -77.0000, 89.0000,  255, 102, 255
L -996.0000, -77.0000, 89.0000,  -993.0000, -79.0000, 90.0000,  255, 102, 255
L -993.0000, -79.0000, 90.0000,  -988.0000, -81.0000, 92.0000,  255, 102, 255
L -988.0000, -81.0000, 92.0000,  -982.0000, -84.0000, 96.0000,  255, 102, 255
L -982.0000, -84.0000, 96.0000,  -980.0000, -84.0000, 97.0000,  255, 102, 255
L -980.0000, -84.0000, 97.0000,  -978.0000, -85.0000, 98.0000,  255, 102, 255
L -978.0000, -85.0000, 98.0000,  -977.0000, -85.0000, 99.0000,  255, 102, 255
L -977.0000, -85.0000, 99.0000,  -971.0000, -85.0000, 102.0000,  255, 102, 255
L -971.0000, -85.0000, 102.0000,  -960.0000, -81.0000, 103.0000,  255, 102, 255
L -960.0000, -81.0000, 103.0000,  -958.0000, -81.0000, 104.0000,  255, 102, 255
L -958.0000, -81.0000, 104.0000,  -955.0000, -79.0000, 105.0000,  255, 102, 255
L -955.0000, -79.0000, 105.0000,  -951.0000, -77.0000, 106.0000,  255, 102, 255
L -951.0000, -77.0000, 106.0000,  -948.0000, -75.0000, 107.0000,  255, 102, 255
L -948.0000, -75.0000, 107.0000,  -947.0000, -74.0000, 107.0000,  255, 102, 255
L -947.0000, -74.0000, 107.0000,  -945.0000, -73.0000, 106.0000,  255, 102, 255
L -945.0000, -73.0000, 106.0000,  -942.0000, -70.0000, 109.0000,  255, 102, 255
L -942.0000, -70.0000, 109.0000,  -940.0000, -69.0000, 110.0000,  255, 102, 255
L -940.0000, -69.0000, 110.0000,  -935.0000, -64.0000, 110.0000,  255, 102, 255
L -935.0000, -64.0000, 110.0000,  -928.0000, -57.0000, 116.0000,  255, 102, 255
L -928.0000, -57.0000, 116.0000,  -922.0000, -50.0000, 119.0000,  255, 102, 255
L -922.0000, -50.0000, 119.0000,  -921.0000, -49.0000, 119.0000,  255, 102, 255
L -921.0000, -49.0000, 119.0000,  -917.0000, -45.0000, 120.0000,  255, 102, 255
L -917.0000, -45.0000, 120.0000,  -913.0000, -39.0000, 122.0000,  255, 102, 255
L -913.0000, -39.0000, 122.0000,  -912.0000, -38.0000, 122.0000,  255, 102, 255
L -912.0000, -38.0000, 122.0000,  -911.0000, -34.0000, 124.0000,  255, 102, 255
L -911.0000, -34.0000, 124.0000,  -908.0000, -29.0000, 128.0000,  255, 102, 255
L -908.0000, -29.0000, 128.0000,  -907.0000, -27.0000, 129.0000,  255, 102, 255
L -907.0000, -27.0000, 129.0000,  -907.0000, -23.0000, 129.0000,  255, 102, 255
L -907.0000, -23.0000, 129.0000,  -907.0000, -19.0000, 128.0000,  255, 102, 255
L -907.0000, -19.0000, 128.0000,  -910.0000, -8.0000, 132.0000,  255, 102, 255
L -910.0000, -8.0000, 132.0000,  -911.0000, -3.0000, 133.0000,  255, 102, 255
L -911.0000, -3.0000, 133.0000,  -913.0000, 2.0000, 135.0000,  255, 102, 255
L -913.0000, 2.0000, 135.0000,  -914.0000, 4.0000, 136.0000,  255, 102, 255
L -914.0000, 4.0000, 136.0000,  -915.0000, 5.0000, 136.0000,  255, 102, 255
L -915.0000, 5.0000, 136.0000,  -918.0000, 9.0000, 137.0000,  178, 102, 255
L -918.0000, 9.0000, 137.0000,  -920.0000, 13.0000, 139.0000,  178, 102, 255
L -920.0000, 13.0000, 139.0000,  -923.0000, 17.0000, 141.0000,  178, 102, 255
L -923.0000, 17.0000, 141.0000,  -925.0000, 20.0000, 142.0000,  178, 102, 255
L -925.0000, 20.0000, 142.0000,  -932.0000, 28.0000, 146.0000,  178, 102, 255
L -932.0000, 28.0000, 146.0000,  -935.0000, 31.0000, 149.0000,  178, 102, 255
L -935.0000, 31.0000, 149.0000,  -938.0000, 34.0000, 151.0000,  178, 102, 255
L -938.0000, 34.0000, 151.0000,  -941.0000, 36.0000, 153.0000,  178, 102, 255
L -941.0000, 36.0000, 153.0000,  -945.0000, 39.0000, 154.0000,  178, 102, 255
L -945.0000, 39.0000, 154.0000,  -948.0000, 42.0000, 155.0000,  178, 102, 255
L -948.0000, 42.0000, 155.0000,  -952.0000, 44.0000, 157.0000,  178, 102, 255
L -952.0000, 44.0000, 157.0000,  -959.0000, 48.0000, 159.0000,  178, 102, 255
L -959.0000, 48.0000, 159.0000,  -961.0000, 48.0000, 159.0000,  178, 102, 255
L -961.0000, 48.0000, 159.0000,  -981.0000, 57.0000, 168.0000,  178, 102, 255
L -981.0000, 57.0000, 168.0000,  -983.0000, 57.0000, 168.0000,  178, 102, 255
L -983.0000, 57.0000, 168.0000,  -984.0000, 58.0000, 168.0000,  178, 102, 255
L -984.0000, 58.0000, 168.0000,  -987.0000, 61.0000, 169.0000,  178, 102, 255
L -987.0000, 61.0000, 169.0000,  -989.0000, 62.0000, 170.0000,  178, 102, 255
L -989.0000, 62.0000, 170.0000,  -990.0000, 63.0000, 170.0000,  178, 102, 255
L -990.0000, 63.0000, 170.0000,  -992.0000, 66.0000, 172.0000,  178, 102, 255
L -992.0000, 66.0000, 172.0000,  -993.0000, 68.0000, 173.0000,  178, 102, 255
L -993.0000, 68.0000, 173.0000,  -994.0000, 69.0000, 174.0000,  178, 102, 255
L -994.0000, 69.0000, 174.0000,  -995.0000, 71.0000, 174.0000,  178, 102, 255
L -995.0000, 71.0000, 174.0000,  -996.0000, 73.0000, 175.0000,  178, 102, 255
L -996.0000, 73.0000, 175.0000,  -997.0000, 76.0000, 176.0000,  178, 102, 255
L -997.0000, 76.0000, 176.0000,  -997.0000, 78.0000, 176.0000,  178, 102, 255
L -997.0000, 78.0000, 176.0000,  -999.0000, 83.0000, 178.0000,  178, 102, 255
L -999.0000, 83.0000, 178.0000,  -999.0000, 88.0000, 180.0000,  178, 102, 255
L -999.0000, 88.0000, 180.0000,  -1000.0000, 90.0000, 180.0000,  178, 102, 255
L -1000.0000, 90.0000, 180.0000,  -1000.0000, 95.0000, 182.0000,  178, 102, 255
L -1000.0000, 95.0000, 182.0000,  -1002.0000, 102.0000, 185.0000,  178, 102, 255
L -1002.0000, 102.0000, 185.0000,  -1002.0000, 106.0000, 187.0000,  178, 102, 255
L -1002.0000, 106.0000, 187.0000,  -1003.0000, 109.0000, 188.0000,  178, 102, 255
L -1003.0000, 109.0000, 188.0000,  -1004.0000, 111.0000, 188.0000,  178, 102, 255
L -1004.0000, 111.0000, 188.0000,  -1005.0000, 112.0000, 189.0000,  178, 102, 255
L -1005.0000, 112.0000, 189.0000,  -1006.0000, 114.0000, 189.0000,  178, 102, 255
L -1006.0000, 114.0000, 189.0000,  -1007.0000, 115.0000, 190.0000,  178, 102, 255
L -1007.0000, 115.0000, 190.0000,  -1009.0000, 118.0000, 191.0000,  178, 102, 255
L -1009.0000, 118.0000, 191.0000,  -1011.0000, 119.0000, 192.0000,  178, 102, 255
L -1011.0000, 119.0000, 192.0000,  -1016.0000, 123.0000, 195.0000,  178, 102, 255
L -1016.0000, 123.0000, 195.0000,  -1019.0000, 125.0000, 197.0000,  178, 102, 255
L -1019.0000, 125.0000, 197.0000,  -1020.0000, 126.0000, 197.0000,  178, 102, 255
L -1020.0000, 126.0000, 197.0000,  -1022.0000, 127.0000, 198.0000,  178, 102, 255
L -1022.0000, 127.0000, 198.0000,  -1024.0000, 127.0000, 198.0000,  178, 102, 255
L -1024.0000, 127.0000, 198.0000,  -1025.0000, 128.0000, 198.0000,  178, 102, 255
L -1025.0000, 128.0000, 198.0000,  -1027.0000, 128.0000, 199.0000,  178, 102, 255
L -1027.0000, 128.0000, 199.0000,  -1035.0000, 130.0000, 199.0000,  178, 102, 255
L -1035.0000, 130.0000, 199.0000,  -1039.0000, 130.0000, 200.0000,  178, 102, 255
L -1039.0000, 130.0000, 200.0000,  -1042.0000, 130.0000, 201.0000,  178, 102, 255
L -1042.0000, 130.0000, 201.0000,  -1044.0000, 129.0000, 202.0000,  178, 102, 255
L -1044.0000, 129.0000, 202.0000,  -1049.0000, 128.0000, 204.0000,  178, 102, 255
L -1049.0000, 128.0000, 204.0000,  -1058.0000, 124.0000, 208.0000,  178, 102, 255
L -1058.0000, 124.0000, 208.0000,  -1060.0000, 124.0000, 208.0000,  178, 102, 255
L -1060.0000, 124.0000, 208.0000,  -1062.0000, 123.0000, 209.0000,  178, 102, 255
L -1062.0000, 123.0000, 209.0000,  -1063.0000, 122.0000, 209.0000,  178, 102, 255
L -1063.0000, 122.0000, 209.0000,  -1064.0000, 120.0000, 209.0000,  178, 102, 255
L -1064.0000, 120.0000, 209.0000,  -1077.0000, 107.0000, 214.0000,  178, 102, 255
L -1077.0000, 107.0000, 214.0000,  -1079.0000, 104.0000, 215.0000,  178, 102, 255
L -1079.0000, 104.0000, 215.0000,  -1080.0000, 102.0000, 216.0000,  178, 102, 255
L -1080.0000, 102.0000, 216.0000,  -1081.0000, 101.0000, 217.0000,  178, 102, 255
L -1081.0000, 101.0000, 217.0000,  -1087.0000, 89.0000, 223.0000,  178, 102, 255
L -1087.0000, 89.0000, 223.0000,  -1089.0000, 85.0000, 226.0000,  178, 102, 255
L -1089.0000, 85.0000, 226.0000,  -1089.0000, 83.0000, 227.0000,  178, 102, 255
L -1089.0000, 83.0000, 227.0000,  -1090.0000, 82.0000, 228.0000,  178, 102, 255
L -1090.0000, 82.0000, 228.0000,  -1091.0000, 78.0000, 230.0000,  178, 102, 255
L -1091.0000, 78.0000, 230.0000,  -1092.0000, 76.0000, 229.0000,  178, 102, 255
L -1092.0000, 76.0000, 229.0000,  -1093.0000, 75.0000, 230.0000,  178, 102, 255
L -1093.0000, 75.0000, 230.0000,  -1094.0000, 72.0000, 232.0000,  178, 102, 255
L -1094.0000, 72.0000, 232.0000,  -1095.0000, 70.0000, 232.0000,  178, 102, 255
L -1095.0000, 70.0000, 232.0000,  -1096.0000, 69.0000, 232.0000,  178, 102, 255
L -1096.0000, 69.0000, 232.0000,  -1097.0000, 67.0000, 231.0000,  178, 102, 255
L -1097.0000, 67.0000, 231.0000,  -1098.0000, 66.0000, 231.0000,  178, 102, 255
L -1098.0000, 66.0000, 231.0000,  -1100.0000, 65.0000, 232.0000,  178, 102, 255
L -1100.0000, 65.0000, 232.0000,  -1102.0000, 63.0000, 234.0000,  178, 102, 255
L -1102.0000, 63.0000, 234.0000,  -1104.0000, 63.0000, 234.0000,  178, 102, 255
L -1104.0000, 63.0000, 234.0000,  -1106.0000, 62.0000, 235.0000,  178, 102, 255
L -1106.0000, 62.0000, 235.0000,  -1107.0000, 62.0000, 235.0000,  178, 102, 255
L -1107.0000, 62.0000, 235.0000,  -1109.0000, 61.0000, 236.0000,  178, 102, 255
L -1109.0000, 61.0000, 236.0000,  -1119.0000, 62.0000, 240.0000,  178, 102, 255
L -1119.0000, 62.0000, 240.0000,  -1128.0000, 62.0000, 242.0000,  178, 102, 255
L -1128.0000, 62.0000, 242.0000,  -1130.0000, 62.0000, 242.0000,  178, 102, 255
L -1130.0000, 62.0000, 242.0000,  -1133.0000, 61.0000, 243.0000,  178, 102, 255
L -1133.0000, 61.0000, 243.0000,  -1135.0000, 61.0000, 244.0000,  178, 102, 255
L -1135.0000, 61.0000, 244.0000,  -1137.0000, 60.0000, 245.0000,  178, 102, 255
L -1137.0000, 60.0000, 245.0000,  -1141.0000, 57.0000, 248.0000,  178, 102, 255
L -1141.0000, 57.0000, 248.0000,  -1144.0000, 55.0000, 247.0000,  178, 102, 255
L -1144.0000, 55.0000, 247.0000,  -1145.0000, 53.0000, 247.0000,  178, 102, 255
L -1145.0000, 53.0000, 247.0000,  -1146.0000, 52.0000, 248.0000,  178, 102, 255
L -1146.0000, 52.0000, 248.0000,  -1149.0000, 47.0000, 248.0000,  178, 102, 255
L -1149.0000, 47.0000, 248.0000,  -1150.0000, 45.0000, 248.0000,  178, 102, 255
L -1150.0000, 45.0000, 248.0000,  -1150.0000, 42.0000, 248.0000,  178, 102, 255
L -1150.0000, 42.0000, 248.0000,  -1151.0000, 40.0000, 249.0000,  178, 102, 255
L -1151.0000, 40.0000, 249.0000,  -1156.0000, 38.0000, 249.0000,  178, 102, 255
L -1156.0000, 38.0000, 249.0000,  -1158.0000, 38.0000, 249.0000,  178, 102, 255
L -1158.0000, 38.0000, 249.0000,  -1166.0000, 38.0000, 250.0000,  178, 102, 255
L -1166.0000, 38.0000, 250.0000,  -1175.0000, 39.0000, 250.0000,  178, 102, 255
L -1175.0000, 39.0000, 250.0000,  -1189.0000, 40.0000, 251.0000,  178, 102, 255
L -1189.0000, 40.0000, 251.0000,  -1190.0000, 40.0000, 251.0000,  178, 102, 255
L -1190.0000, 40.0000, 251.0000,  -1201.0000, 43.0000, 249.0000,  178, 102, 255
L -1201.0000, 43.0000, 249.0000,  -1203.0000, 43.0000, 249.0000,  178, 102, 255
L -1203.0000, 43.0000, 249.0000,  -1214.0000, 47.0000, 247.0000,  178, 102, 255
L -1214.0000, 47.0000, 247.0000,  -1217.0000, 49.0000, 247.0000,  178, 102, 255
L -1217.0000, 49.0000, 247.0000,  -1219.0000, 50.0000, 247.0000,  178, 102, 255
L -1219.0000, 50.0000, 247.0000,  -1218.0000, 51.0000, 247.0000,  178, 102, 255
L -1218.0000, 51.0000, 247.0000,  -1215.0000, 55.0000, 248.0000,  178, 102, 255
L -1215.0000, 55.0000, 248.0000,  -1216.0000, 56.0000, 248.0000,  178, 102, 255
L -1216.0000, 56.0000, 248.0000,  -1217.0000, 58.0000, 248.0000,  178, 102, 255
L -1217.0000, 58.0000, 248.0000,  -1219.0000, 59.0000, 248.0000,  178, 102, 255
L -1219.0000, 59.0000, 248.0000,  -1220.0000, 60.0000, 248.0000,  178, 102, 255
L -1220.0000, 60.0000, 248.0000,  -1222.0000, 61.0000, 250.0000,  178, 102, 255
L -1222.0000, 61.0000, 250.0000,  -1223.0000, 61.0000, 250.0000,  178, 102, 255
L -1223.0000, 61.0000, 250.0000,  -1225.0000, 62.0000, 250.0000,  178, 102, 255
L -1225.0000, 62.0000, 250.0000,  -1230.0000, 62.0000, 250.0000,  178, 102, 255
L -1230.0000, 62.0000, 250.0000,  -1232.0000, 61.0000, 250.0000,  178, 102, 255
L -1232.0000, 61.0000, 250.0000,  -1233.0000, 60.0000, 250.0000,  178, 102, 255
L -1233.0000, 60.0000, 250.0000,  -1235.0000, 61.0000, 250.0000,  178, 102, 255
L -1235.0000, 61.0000, 250.0000,  -1237.0000, 60.0000, 250.0000,  178, 102, 255
L -1237.0000, 60.0000, 250.0000,  -1241.0000, 57.0000, 250.0000,  178, 102, 255
L -1241.0000, 57.0000, 250.0000,  -1244.0000, 54.0000, 250.0000,  178, 102, 255
L -1244.0000, 54.0000, 250.0000,  -1266.0000, 38.0000, 250.0000,  178, 102, 255
L -1266.0000, 38.0000, 250.0000,  -1289.0000, 17.0000, 250.0000,  178, 102, 255
L -1289.0000, 17.0000, 250.0000,  -1293.0000, 13.0000, 250.0000,  178, 102, 255
L -1293.0000, 13.0000, 250.0000,  -1296.0000, 11.0000, 250.0000,  178, 102, 255
L -1296.0000, 11.0000, 250.0000,  -1305.0000, 7.0000, 251.0000,  178, 102, 255
L -1305.0000, 7.0000, 251.0000,  -1311.0000, 5.0000, 250.0000,  178, 102, 255
L -1311.0000, 5.0000, 250.0000,  -1312.0000, 4.0000, 251.0000,  178, 102, 255
L -1312.0000, 4.0000, 251.0000,  -1314.0000, 3.0000, 250.0000,  178, 102, 255
L -1314.0000, 3.0000, 250.0000,  -1316.0000, 2.0000, 250.0000,  178, 102, 255
L -1316.0000, 2.0000, 250.0000,  -1318.0000, 2.0000, 249.0000,  178, 102, 255
L -1318.0000, 2.0000, 249.0000,  -1328.0000, 2.0000, 250.0000,  178, 102, 255
L -1328.0000, 2.0000, 250.0000,  -1329.0000, 3.0000, 250.0000,  178, 102, 255
L -1329.0000, 3.0000, 250.0000,  -1334.0000, 4.0000, 250.0000,  178, 102, 255
L -1334.0000, 4.0000, 250.0000,  -1344.0000, 7.0000, 248.0000,  178, 102, 255
L -1344.0000, 7.0000, 248.0000,  -1350.0000, 8.0000, 248.0000,  178, 102, 255
L -675.5000, 430.1000, 5.0000,  -684.0000, 432.0000, 9.0000,  255, 102, 255
L -684.0000, 432.0000, 9.0000,  -687.0000, 431.0000, 9.0000,  255, 102, 255
L -687.0000, 431.0000, 9.0000,  -690.0000, 431.0000, 9.0000,  255, 102, 255
L -690.0000, 431.0000, 9.0000,  -702.0000, 426.0000, 9.0000,  255, 102, 255
L -702.0000, 426.0000, 9.0000,  -710.0000, 423.0000, 10.0000,  255, 102, 255
L -710.0000, 423.0000, 10.0000,  -715.0000, 421.0000, 12.0000,  255, 102, 255
L -715.0000, 421.0000, 12.0000,  -716.0000, 420.0000, 12.0000,  255, 102, 255
L -716.0000, 420.0000, 12.0000,  -724.0000, 416.0000, 16.0000,  255, 102, 255
L -724.0000, 416.0000, 16.0000,  -725.0000, 415.0000, 16.0000,  255, 102, 255
L -725.0000, 415.0000, 16.0000,  -727.0000, 414.0000, 16.0000,  255, 102, 255
L -727.0000, 414.0000, 16.0000,  -729.0000, 413.0000, 17.0000,  255, 102, 255
L -729.0000, 413.0000, 17.0000,  -733.0000, 411.0000, 17.0000,  255, 102, 255
L -733.0000, 411.0000, 17.0000,  -743.0000, 403.0000, 17.0000,  255, 102, 255
L -743.0000, 403.0000, 17.0000,  -749.0000, 400.0000, 17.0000,  255, 102, 255
L -749.0000, 400.0000, 17.0000,  -752.0000, 397.0000, 17.0000,  255, 102, 255
L -752.0000, 397.0000, 17.0000,  -753.0000, 395.0000, 17.0000,  255, 102, 255
L -753.0000, 395.0000, 17.0000,  -755.0000, 394.0000, 17.0000,  255, 102, 255
L -755.0000, 394.0000, 17.0000,  -758.0000, 391.0000, 17.0000,  255, 102, 255
L -758.0000, 391.0000, 17.0000,  -764.0000, 393.0000, 18.0000,  255, 102, 255
L -764.0000, 393.0000, 18.0000,  -766.0000, 394.0000, 18.0000,  255, 102, 255
L -766.0000, 394.0000, 18.0000,  -768.0000, 394.0000, 18.0000,  255, 102, 255
L -768.0000, 394.0000, 18.0000,  -772.0000, 395.0000, 20.0000,  255, 102, 255
L -772.0000, 395.0000, 20.0000,  -775.0000, 395.0000, 21.0000,  255, 102, 255
L -775.0000, 395.0000, 21.0000,  -777.0000, 393.0000, 19.0000,  255, 102, 255
L -777.0000, 393.0000, 19.0000,  -778.0000, 393.0000, 20.0000,  255, 102, 255
L -778.0000, 393.0000, 20.0000,  -784.0000, 394.0000, 21.0000,  255, 102, 255
L -784.0000, 394.0000, 21.0000,  -785.0000, 394.0000, 21.0000,  255, 102, 255
L -785.0000, 394.0000, 21.0000,  -789.0000, 393.0000, 20.0000,  255, 102, 255
L -789.0000, 393.0000, 20.0000,  -791.0000, 393.0000, 19.0000,  255, 102, 255
L -791.0000, 393.0000, 19.0000,  -793.0000, 393.0000, 19.0000,  255, 102, 255
L -793.0000, 393.0000, 19.0000,  -795.0000, 393.0000, 20.0000,  255, 102, 255
L -795.0000, 393.0000, 20.0000,  -804.0000, 395.0000, 19.0000,  255, 102, 255
L -804.0000, 395.0000, 19.0000,  -814.0000, 397.0000, 20.0000,  255, 102, 255
L -814.0000, 397.0000, 20.0000,  -816.0000, 397.0000, 21.0000,  255, 102, 255
L -816.0000, 397.0000, 21.0000,  -818.0000, 397.0000, 21.0000,  255, 102, 255
L -818.0000, 397.0000, 21.0000,  -828.0000, 397.0000, 22.0000,  255, 102, 255
L -828.0000, 397.0000, 22.0000,  -833.0000, 398.0000, 21.0000,  255, 102, 255
L -833.0000, 398.0000, 21.0000,  -836.0000, 397.0000, 21.0000,  255, 102, 255
L -836.0000, 397.0000, 21.0000,  -837.0000, 398.0000, 21.0000,  255, 102, 255
L -837.0000, 398.0000, 21.0000,  -839.0000, 397.0000, 21.0000,  255, 102, 255
L -839.0000, 397.0000, 21.0000,  -839.0000, 395.0000, 21.0000,  255, 102, 255
L -839.0000, 395.0000, 21.0000,  -841.0000, 391.0000, 22.0000,  255, 102, 255
L -841.0000, 391.0000, 22.0000,  -843.0000, 389.0000, 23.0000,  255, 102, 255
L -843.0000, 389.0000, 23.0000,  -844.0000, 387.0000, 23.0000,  255, 102, 255
L -844.0000, 387.0000, 23.0000,  -845.0000, 386.0000, 24.0000,  255, 102, 255
L -845.0000, 386.0000, 24.0000,  -847.0000, 387.0000, 23.0000,  255, 102, 255
L -847.0000, 387.0000, 23.0000,  -848.0000, 386.0000, 23.0000,  255, 102, 255
L -848.0000, 386.0000, 23.0000,  -854.0000, 378.0000, 24.0000,  255, 102, 255
L -854.0000, 378.0000, 24.0000,  -855.0000, 377.0000, 24.0000,  255, 102, 255
L -855.0000, 377.0000, 24.0000,  -857.0000, 376.0000, 24.0000,  255, 102, 255
L -857.0000, 376.0000, 24.0000,  -858.0000, 375.0000, 25.0000,  255, 102, 255
L -858.0000, 375.0000, 25.0000,  -875.0000, 366.0000, 26.0000,  255, 102, 255
L -875.0000, 366.0000, 26.0000,  -900.0000, 345.0000, 27.0000,  255, 102, 255
L -900.0000, 345.0000, 27.0000,  -903.0000, 342.0000, 27.0000,  255, 102, 255
L -903.0000, 342.0000, 27.0000,  -907.0000, 339.0000, 27.0000,  255, 102, 255
L -907.0000, 339.0000, 27.0000,  -913.0000, 334.0000, 28.0000,  255, 102, 255
L -913.0000, 334.0000, 28.0000,  -929.0000, 318.0000, 28.0000,  255, 102, 255
L -929.0000, 318.0000, 28.0000,  -930.0000, 316.0000, 28.0000,  255, 102, 255
L -930.0000, 316.0000, 28.0000,  -932.0000, 314.0000, 28.0000,  255, 102, 255
L -932.0000, 314.0000, 28.0000,  -933.0000, 312.0000, 29.0000,  255, 102, 255
L -933.0000, 312.0000, 29.0000,  -934.0000, 309.0000, 29.0000,  255, 102, 255
L -934.0000, 309.0000, 29.0000,  -934.0000, 306.0000, 29.0000,  255, 102, 255
L -934.0000, 306.0000, 29.0000,  -935.0000, 284.0000, 29.0000,  255, 102, 255
L -935.0000, 284.0000, 29.0000,  -946.0000, 283.0000, 29.0000,  255, 102, 255
L -946.0000, 283.0000, 29.0000,  -950.0000, 283.0000, 29.0000,  255, 102, 255
L -950.0000, 283.0000, 29.0000,  -960.0000, 283.0000, 30.0000,  255, 102, 255
L -960.0000, 283.0000, 30.0000,  -962.0000, 283.0000, 31.0000,  255, 102, 255
L -962.0000, 283.0000, 31.0000,  -966.0000, 282.0000, 32.0000,  255, 102, 255
L -966.0000, 282.0000, 32.0000,  -969.0000, 281.0000, 32.0000,  255, 102, 255
L -969.0000, 281.0000, 32.0000,  -970.0000, 281.0000, 33.0000,  255, 102, 255
L -970.0000, 281.0000, 33.0000,  -972.0000, 280.0000, 33.0000,  255, 102, 255
L -972.0000, 280.0000, 33.0000,  -973.0000, 280.0000, 34.0000,  255, 102, 255
L -973.0000, 280.0000, 34.0000,  -974.0000, 282.0000, 34.0000,  255, 102, 255
L -974.0000, 282.0000, 34.0000,  -976.0000, 281.0000, 35.0000,  255, 102, 255
L -976.0000, 281.0000, 35.0000,  -979.0000, 280.0000, 36.0000,  255, 102, 255
L -979.0000, 280.0000, 36.0000,  -981.0000, 278.0000, 37.0000,  255, 102, 255
L -981.0000, 278.0000, 37.0000,  -983.0000, 277.0000, 38.0000,  255, 102, 255
L -983.0000, 277.0000, 38.0000,  -991.0000, 270.0000, 43.0000,  255, 102, 255
L -991.0000, 270.0000, 43.0000,  -998.0000, 267.0000, 47.0000,  255, 102, 255
L -998.0000, 267.0000, 47.0000,  -1000.0000, 266.0000, 47.0000,  255, 102, 255
L -1000.0000, 266.0000, 47.0000,  -1001.0000, 265.0000, 48.0000,  255, 102, 255
L -1001.0000, 265.0000, 48.0000,  -1002.0000, 264.0000, 48.0000,  255, 102, 255
L -1002.0000, 264.0000, 48.0000,  -1025.0000, 244.0000, 62.0000,  255, 102, 255
L -1025.0000, 244.0000, 62.0000,  -1038.0000, 233.0000, 73.0000,  255, 102, 255
L -1038.0000, 233.0000, 73.0000,  -1039.0000, 232.0000, 73.0000,  255, 102, 255
L -1039.0000, 232.0000, 73.0000,  -1053.0000, 219.0000, 79.0000,  255, 102, 255
L -1053.0000, 219.0000, 79.0000,  -1055.0000, 218.0000, 79.0000,  255, 102, 255
L -1055.0000, 218.0000, 79.0000,  -1070.0000, 204.0000, 84.0000,  255, 102, 255
L -1070.0000, 204.0000, 84.0000,  -1074.0000, 202.0000, 85.0000,  255, 102, 255
L -1074.0000, 202.0000, 85.0000,  -1078.0000, 198.0000, 87.0000,  255, 102, 255
L -1078.0000, 198.0000, 87.0000,  -1079.0000, 197.0000, 87.0000,  255, 102, 255
L -1079.0000, 197.0000, 87.0000,  -1080.0000, 196.0000, 88.0000,  255, 102, 255
L -1080.0000, 196.0000, 88.0000,  -1081.0000, 192.0000, 88.0000,  255, 102, 255
L -1081.0000, 192.0000, 88.0000,  -1086.0000, 192.0000, 89.0000,  255, 102, 255
L -1086.0000, 192.0000, 89.0000,  -1087.0000, 191.0000, 90.0000,  255, 102, 255
L -1087.0000, 191.0000, 90.0000,  -1088.0000, 189.0000, 90.0000,  255, 102, 255
L -1088.0000, 189.0000, 90.0000,  -1075.0000, 174.0000, 90.0000,  255, 102, 255
L -1075.0000, 174.0000, 90.0000,  -1073.0000, 173.0000, 90.0000,  255, 102, 255
L -1073.0000, 173.0000, 90.0000,  -1060.0000, 156.0000, 90.0000,  255, 102, 255
L -1060.0000, 156.0000, 90.0000,  -1040.0000, 133.0000, 88.0000,  255, 102, 255
L -1040.0000, 133.0000, 88.0000,  -1028.0000, 118.0000, 83.0000,  255, 102, 255
L -1028.0000, 118.0000, 83.0000,  -1011.0000, 98.0000, 82.0000,  255, 102, 255
L -1011.0000, 98.0000, 82.0000,  -1011.0000, 96.0000, 84.0000,  255, 102, 255
L -1011.0000, 96.0000, 84.0000,  -1011.0000, 93.0000, 84.0000,  255, 102, 255
L -1011.0000, 93.0000, 84.0000,  -1012.0000, 91.0000, 83.0000,  255, 102, 255
L -1012.0000, 91.0000, 83.0000,  -1012.0000, 89.0000, 83.0000,  255, 102, 255
L -1012.0000, 89.0000, 83.0000,  -1012.0000, 87.0000, 84.0000,  255, 102, 255
L -1012.0000, 87.0000, 84.0000,  -1013.0000, 86.0000, 85.0000,  255, 102, 255
L -1013.0000, 86.0000, 85.0000,  -1013.0000, 84.0000, 85.0000,  255, 102, 255
L -1013.0000, 84.0000, 85.0000,  -1014.0000, 82.0000, 86.0000,  255, 102, 255
L -1014.0000, 82.0000, 86.0000,  -1015.0000, 80.0000, 86.0000,  255, 102, 255
L -1015.0000, 80.0000, 86.0000,  -1017.0000, 77.0000, 87.0000,  255, 102, 255
L -1017.0000, 77.0000, 87.0000,  -1018.0000, 76.0000, 86.0000,  255, 102, 255
L -1018.0000, 76.0000, 86.0000,  -1018.0000, 74.0000, 86.0000,  255, 102, 255
L -976.0000, 49.0000, 85.0000,  -966.0000, 50.0000, 82.0000,  255, 102, 255
L -966.0000, 50.0000, 82.0000,  -955.0000, 51.0000, 80.0000,  255, 102, 255
L -955.0000, 51.0000, 80.0000,  -953.0000, 52.0000, 79.0000,  255, 102, 255
L -953.0000, 52.0000, 79.0000,  -952.0000, 53.0000, 79.0000,  255, 102, 255
L -952.0000, 53.0000, 79.0000,  -950.0000, 53.0000, 79.0000,  255, 102, 255
L -950.0000, 53.0000, 79.0000,  -949.0000, 53.0000, 78.0000,  255, 102, 255
L -949.0000, 53.0000, 78.0000,  -947.0000, 53.0000, 78.0000,  255, 102, 255
L -947.0000, 53.0000, 78.0000,  -941.0000, 54.0000, 77.0000,  255, 102, 255
L -941.0000, 54.0000, 77.0000,  -940.0000, 52.0000, 77.0000,  255, 102, 255
L -940.0000, 52.0000, 77.0000,  -939.0000, 51.0000, 77.0000,  255, 102, 255
L -939.0000, 51.0000, 77.0000,  -938.0000, 51.0000, 77.0000,  255, 102, 255
L -938.0000, 51.0000, 77.0000,  -936.0000, 52.0000, 76.0000,  255, 102, 255
L -936.0000, 52.0000, 76.0000,  -935.0000, 52.0000, 76.0000,  255, 102, 255
L -935.0000, 52.0000, 76.0000,  -933.0000, 53.0000, 75.0000,  255, 102, 255
L -933.0000, 53.0000, 75.0000,  -931.0000, 52.0000, 75.0000,  255, 102, 255
L -931.0000, 52.0000, 75.0000,  -930.0000, 52.0000, 74.0000,  255, 102, 255
L -930.0000, 52.0000, 74.0000,  -928.0000, 53.0000, 74.0000,  255, 102, 255
L -928.0000, 53.0000, 74.0000,  -926.0000, 54.0000, 73.0000,  255, 102, 255
L -926.0000, 54.0000, 73.0000,  -924.0000, 55.0000, 73.0000,  255, 102, 255
L -924.0000, 55.0000, 73.0000,  -921.0000, 56.0000, 72.0000,  255, 102, 255
L -921.0000, 56.0000, 72.0000,  -919.0000, 57.0000, 71.0000,  255, 102, 255
L -919.0000, 57.0000, 71.0000,  -912.0000, 60.0000, 70.0000,  255, 102, 255
L -912.0000, 60.0000, 70.0000,  -910.0000, 62.0000, 68.0000,  255, 102, 255
L -910.0000, 62.0000, 68.0000,  -908.0000, 63.0000, 68.0000,  255, 102, 255
L -908.0000, 63.0000, 68.0000,  -893.0000, 76.0000, 60.0000,  255, 102, 255
L -893.0000, 76.0000, 60.0000,  -885.0000, 82.0000, 57.0000,  255, 102, 255
L -885.0000, 82.0000, 57.0000,  -880.0000, 85.0000, 54.0000,  255, 102, 255
L -880.0000, 85.0000, 54.0000,  -864.0000, 96.0000, 50.0000,  255, 102, 255
L -864.0000, 96.0000, 50.0000,  -863.0000, 97.0000, 49.0000,  255, 102, 255
L -863.0000, 97.0000, 49.0000,  -848.0000, 109.0000, 45.0000,  255, 102, 255
L -848.0000, 109.0000, 45.0000,  -838.0000, 117.0000, 42.0000,  255, 102, 255
L -838.0000, 117.0000, 42.0000,  -810.0000, 142.0000, 34.0000,  255, 102, 255
L -810.0000, 142.0000, 34.0000,  -810.0000, 143.0000, 34.0000,  255, 102, 255
L -810.0000, 143.0000, 34.0000,  -791.0000, 158.0000, 29.0000,  255, 102, 255
L -791.0000, 158.0000, 29.0000,  -789.0000, 160.0000, 29.0000,  255, 102, 255
L -789.0000, 160.0000, 29.0000,  -782.0000, 166.0000, 29.0000,  255, 102, 255
L -782.0000, 166.0000, 29.0000,  -780.0000, 167.0000, 31.0000,  255, 102, 255
L -780.0000, 167.0000, 31.0000,  -770.0000, 174.0000, 30.0000,  255, 102, 255
L -770.0000, 174.0000, 30.0000,  -759.0000, 171.0000, 29.0000,  255, 102, 255
L -759.0000, 171.0000, 29.0000,  -755.0000, 170.0000, 28.0000,  255, 102, 255
L -755.0000, 170.0000, 28.0000,  -741.7000, 162.6000, 24.5000,  255, 102, 255
L -725.1000, 146.5000, 27.2000,  -723.0000, 141.0000, 31.0000,  255, 102, 255
L -723.0000, 141.0000, 31.0000,  -723.0000, 139.0000, 32.0000,  255, 102, 255
L -723.0000, 139.0000, 32.0000,  -723.0000, 125.9000, 41.0000,  255, 102, 255
L -727.0000, 203.8000, 23.0000,  -727.0000, 217.0000, 22.0000,  255, 102, 255
L -727.0000, 217.0000, 22.0000,  -720.0000, 227.0000, 20.0000,  255, 102, 255
L -720.0000, 227.0000, 20.0000,  -716.0000, 233.0000, 19.0000,  255, 102, 255
L -716.0000, 233.0000, 19.0000,  -715.0000, 234.0000, 19.0000,  255, 102, 255
L -715.0000, 234.0000, 19.0000,  -715.0000, 236.0000, 18.0000,  255, 102, 255
L -715.0000, 236.0000, 18.0000,  -716.0000, 237.0000, 18.0000,  255, 102, 255
L -716.0000, 237.0000, 18.0000,  -715.0000, 239.0000, 18.0000,  255, 102, 255
L -715.0000, 239.0000, 18.0000,  -711.0000, 245.0000, 17.0000,  255, 102, 255
L -711.0000, 245.0000, 17.0000,  -707.0000, 246.0000, 17.0000,  255, 102, 255
L -707.0000, 246.0000, 17.0000,  -692.0000, 258.0000, 14.0000,  255, 102, 255
L -692.0000, 258.0000, 14.0000,  -692.0000, 260.0000, 13.0000,  255, 102, 255
L -692.0000, 260.0000, 13.0000,  -692.0000, 267.0000, 12.0000,  255, 102, 255
L -692.0000, 267.0000, 12.0000,  -693.0000, 268.0000, 12.0000,  255, 102, 255
L -693.0000, 268.0000, 12.0000,  -706.0000, 284.0000, 14.0000,  255, 102, 255
L -706.0000, 284.0000, 14.0000,  -725.0000, 307.0000, 18.0000,  255, 102, 255
L -725.0000, 307.0000, 18.0000,  -744.0000, 331.0000, 18.0000,  255, 102, 255
L -744.0000, 331.0000, 18.0000,  -750.0000, 338.0000, 20.0000,  255, 102, 255
L -750.0000, 338.0000, 20.0000,  -755.0000, 344.0000, 20.0000,  255, 102, 255
L -755.0000, 344.0000, 20.0000,  -757.0000, 348.0000, 20.0000,  255, 102, 255
L -757.0000, 348.0000, 20.0000,  -748.0000, 375.0000, 18.0000,  255, 102, 255
L -748.0000, 375.0000, 18.0000,  -750.0000, 379.0000, 18.0000,  255, 102, 255
L -750.0000, 379.0000, 18.0000,  -750.0000, 380.0000, 18.0000,  255, 102, 255
L -750.0000, 380.0000, 18.0000,  -750.0000, 382.0000, 17.0000,  255, 102, 255
L -750.0000, 382.0000, 17.0000,  -746.0000, 385.0000, 17.0000,  255, 102, 255
L -746.0000, 385.0000, 17.0000,  -743.0000, 387.0000, 17.0000,  255, 102, 255
L -743.0000, 387.0000, 17.0000,  -742.0000, 388.0000, 17.0000,  255, 102, 255
L -742.0000, 388.0000, 17.0000,  -725.0000, 394.0000, 17.0000,  255, 102, 255
L -725.0000, 394.0000, 17.0000,  -716.0000, 398.0000, 17.0000,  255, 102, 255
L -716.0000, 398.0000, 17.0000,  -714.0000, 398.0000, 16.0000,  255, 102, 255
L -714.0000, 398.0000, 16.0000,  -700.0000, 402.0000, 9.0000,  255, 102, 255
L -700.0000, 402.0000, 9.0000,  -699.0000, 403.0000, 8.0000,  255, 102, 255
L -699.0000, 403.0000, 8.0000,  -694.0000, 403.0000, 8.0000,  255, 102, 255
L -694.0000, 403.0000, 8.0000,  -692.0000, 404.0000, 8.0000,  255, 102, 255
L -692.0000, 404.0000, 8.0000,  -687.0000, 404.0000, 7.0000,  255, 102, 255
L -687.0000, 404.0000, 7.0000,  -686.0000, 404.0000, 7.0000,  255, 102, 255
L -686.0000, 404.0000, 7.0000,  -684.0000, 403.0000, 8.0000,  255, 102, 255
L -684.0000, 403.0000, 8.0000,  -683.0000, 403.0000, 8.0000,  255, 102, 255
L -683.0000, 403.0000, 8.0000,  -681.0000, 402.0000, 9.0000,  255, 102, 255
L -681.0000, 402.0000, 9.0000,  -672.6000, 399.2000, 8.0000,  255, 102, 255
L -27.0000, 0.0000, -13.0000,  48.0000, 19.0000, -3.0000,  199, 21, 133
L 48.0000, 19.0000, -3.0000,  63.7000, -22.2000, -3.0000,  0, 0, 0
L -27.0000, 0.0000, -13.0000,  -13.7000, -66.6000, -26.3000,  0, 0, 0
L -593.7000, 332.3000, -35.6000,  -569.7000, 292.1000, -35.2000,  204, 0, 204
L -465.3000, 454.4000, -35.6000,  -456.0000, 448.9000, -34.0000,  204, 0, 204
L -593.0000, 502.4000, -75.0000,  -569.0000, 531.5000, -75.0000,  178, 102, 255
L -644.9000, 380.4000, 3.8000,  -672.6000, 399.2000, 7.9000,  255, 102, 255
L -675.5000, 430.1000, 3.8000,  -644.9000, 455.3000, 3.8000,  255, 102, 255
L -719.1000, 182.6000, 25.7000,  -727.0000, 176.0000, 22.9000,  255, 102, 255
L -727.0000, 176.0000, 23.2000,  -721.3000, 169.7000, 22.8000,  255, 102, 255
L -721.3000, 169.7000, 22.2000,  -716.4000, 177.6000, 25.6000,  255, 102, 255
L -716.4000, 177.6000, 25.6000,  -706.8000, 168.7000, 25.6000,  255, 102, 255
L -706.8000, 168.7000, 25.6000,  -697.7000, 155.1000, 35.1000,  255, 102, 255
L -697.7000, 155.1000, 35.1000,  -698.3000, 133.9000, 33.9000,  255, 102, 255
L -698.3000, 133.9000, 33.9000,  -704.9000, 113.0000, 41.4000,  255, 102, 255
L -704.9000, 113.0000, 41.4000,  -709.1000, 105.8000, 44.4000,  255, 102, 255
L -709.1000, 105.8000, 44.4000,  -728.4000, 90.4000, 51.9000,  255, 102, 255
L -736.1000, 157.3000, 24.4000,  -731.3000, 162.1000, 23.7000,  255, 102, 255
L -736.1000, 157.3000, 24.4000,  -725.1000, 146.5000, 27.2000,  255, 102, 255
L -731.3000, 162.1000, 24.2000,  -736.1000, 167.4000, 24.0000,  255, 102, 255
L -736.1000, 167.4000, 24.5000,  -741.7000, 162.6000, 24.5000,  255, 102, 255
L -719.1000, 182.6000, 25.7000,  -727.0000, 203.8000, 23.0000,  255, 102, 255
L -820.5000, 148.2000, 33.2000,  -829.3000, 158.1000, 32.9000,  255, 102, 255
L -829.3000, 158.1000, 33.0000,  -836.5000, 151.8000, 34.1000,  255, 102, 255
L -836.5000, 151.8000, 34.4000,  -827.7000, 141.8000, 34.9000,  255, 102, 255
L -827.7000, 141.8000, 34.6000,  -820.5000, 148.2000, 33.3000,  255, 102, 255
L -798.0000, 285.6000, 27.5000,  -769.1000, 256.8000, 27.2000,  255, 102, 255
L -769.1000, 256.8000, 27.2000,  -765.4000, 260.6000, 26.7000,  255, 102, 255
L -765.4000, 260.6000, 26.7000,  -794.1000, 289.0000, 27.0000,  255, 102, 255
L -794.1000, 289.0000, 27.0000,  -798.0000, 285.6000, 27.5000,  255, 102, 255
L -773.2000, 282.0000, 25.9000,  -767.0000, 288.1000, 25.3000,  255, 102, 255
L -767.0000, 288.1000, 25.3000,  -771.6000, 292.9000, 25.3000,  255, 102, 255
L -771.6000, 292.9000, 25.5000,  -777.9000, 286.7000, 26.0000,  255, 102, 255
L -777.9000, 286.7000, 26.1000,  -773.2000, 282.0000, 26.0000,  255, 102, 255
L -768.2000, 224.0000, 26.7000,  -756.5000, 212.3000, 26.4000,  255, 102, 255
L -756.5000, 212.3000, 26.5000,  -764.9000, 203.9000, 27.3000,  255, 102, 255
L -764.9000, 203.9000, 27.4000,  -776.6000, 215.5000, 27.7000,  255, 102, 255
L -776.6000, 215.5000, 27.6000,  -768.2000, 224.0000, 26.8000,  255, 102, 255
L -917.3000, 175.5000, 32.5000,  -912.2000, 169.4000, 32.3000,  255, 102, 255
L -912.2000, 169.4000, 32.3000,  -920.4000, 162.5000, 35.3000,  255, 102, 255
L -920.4000, 162.5000, 35.3000,  -925.5000, 168.6000, 34.5000,  255, 102, 255
L -925.5000, 168.6000, 34.5000,  -917.3000, 175.5000, 32.5000,  255, 102, 255
L -896.5000, 245.9000, 30.8000,  -924.4000, 269.4000, 33.5000,  255, 102, 255
L -924.4000, 269.4000, 33.5000,  -921.2000, 273.5000, 32.4000,  255, 102, 255
L -921.2000, 273.5000, 32.4000,  -893.1000, 250.0000, 31.6000,  255, 102, 255
L -893.1000, 250.0000, 31.6000,  -896.5000, 245.9000, 30.8000,  255, 102, 255
L -881.9000, 234.1000, 31.8000,  -851.7000, 209.6000, 32.3000,  255, 102, 255
L -851.7000, 209.6000, 32.3000,  -849.2000, 213.2000, 31.7000,  255, 102, 255
L -849.2000, 213.2000, 31.7000,  -878.5000, 238.1000, 32.8000,  255, 102, 255
L -878.5000, 238.1000, 32.8000,  -881.9000, 234.1000, 31.8000,  255, 102, 255
L -867.8000, 333.2000, 24.7000,  -876.4000, 343.4000, 26.4000,  255, 102, 255
L -876.4000, 343.4000, 26.4000,  -869.0000, 349.6000, 25.9000,  255, 102, 255
L -869.0000, 349.6000, 25.5000,  -860.4000, 339.4000, 24.4000,  255, 102, 255
L -860.4000, 339.4000, 24.3000,  -867.8000, 333.2000, 24.5000,  255, 102, 255
L -938.6000, 260.5000, 28.2000,  -969.9000, 234.6000, 37.7000,  255, 102, 255
L -969.9000, 234.6000, 37.7000,  -973.1000, 238.8000, 38.7000,  255, 102, 255
L -973.1000, 238.8000, 38.7000,  -943.0000, 263.8000, 28.2000,  255, 102, 255
L -943.0000, 263.8000, 28.2000,  -938.6000, 260.5000, 28.3000,  255, 102, 255
L -942.5000, 244.7000, 29.9000,  -936.9000, 237.9000, 29.8000,  255, 102, 255
L -936.9000, 237.9000, 30.0000,  -942.2000, 234.0000, 30.7000,  255, 102, 255
L -942.2000, 234.0000, 30.9000,  -947.6000, 240.5000, 31.0000,  255, 102, 255
L -947.6000, 240.5000, 30.7000,  -942.5000, 244.7000, 30.2000,  255, 102, 255
L -995.4000, 199.0000, 46.2000,  -969.9000, 168.8000, 43.9000,  255, 102, 255
L -969.9000, 168.8000, 43.9000,  -973.7000, 165.5000, 48.7000,  255, 102, 255
L -973.7000, 165.5000, 48.7000,  -998.9000, 195.4000, 49.9000,  255, 102, 255
L -998.9000, 195.4000, 49.9000,  -995.4000, 199.0000, 46.3000,  255, 102, 255
L -1001.1000, 44.5000, 86.0000,  -1007.2000, 51.9000, 82.2000,  255, 102, 255
L -1008.5000, 40.2000, 86.2000,  -1026.4000, 28.1000, 77.9000,  255, 102, 255
L -1007.2000, 51.9000, 82.2000,  -1012.9000, 47.1000, 81.8000,  255, 102, 255
L -1012.9000, 47.1000, 81.7000,  -1008.5000, 40.2000, 85.8000,  255, 102, 255
L -1000.8000, 44.2000, 86.5000,  -981.4000, 48.8000, 84.8000,  255, 102, 255
L -981.4000, 48.8000, 84.8000,  -971.4000, 48.4000, 82.8000,  255, 102, 255
L -1025.9000, 63.9000, 86.9000,  -1020.8000, 56.8000, 81.9000,  255, 102, 255
L -1020.8000, 56.8000, 81.9000,  -1015.3000, 61.5000, 82.2000,  255, 102, 255
L -1015.3000, 61.5000, 82.2000,  -1022.1000, 69.4000, 87.4000,  255, 102, 255
L -1022.1000, 69.4000, 87.4000,  -1017.2000, 74.7000, 84.3000,  255, 102, 255
L -1026.1000, 63.7000, 86.9000,  -1033.3000, 57.1000, 86.3000,  255, 102, 255
L -1033.3000, 57.1000, 86.3000,  -1041.6000, 47.5000, 80.1000,  255, 102, 255
L -1041.6000, 47.5000, 80.1000,  -1053.8000, 30.6000, 77.5000,  255, 102, 255
L -1053.8000, 30.6000, 77.5000,  -1058.0000, 22.7000, 81.0000,  255, 102, 255
L -1058.0000, 22.7000, 81.0000,  -1062.7000, 11.7000, 88.8000,  255, 102, 255
L -1369.8000, -8.8000, 250.6000,  -1363.0000, -3.1000, 247.7000,  178, 102, 255
L -1363.0000, -3.1000, 247.7000,  -1368.2000, 3.0000, 247.3000,  178, 102, 255
L -1368.2000, 3.0000, 247.3000,  -1373.9000, -3.8000, 252.0000,  178, 102, 255
L -1373.9000, -3.8000, 252.0000,  -1379.8000, 2.7000, 251.8000,  178, 102, 255
L -1379.8000, 2.7000, 251.8000,  -1386.5000, 19.1000, 242.6000,  178, 102, 255
L -1386.5000, 19.1000, 242.6000,  -1389.3000, 24.8000, 241.9000,  178, 102, 255
L -1389.3000, 24.8000, 241.9000,  -1391.1000, 41.8000, 236.6000,  178, 102, 255
L -1391.1000, 41.8000, 236.6000,  -1387.0000, 54.7000, 232.0000,  178, 102, 255
L -1387.0000, 54.7000, 232.0000,  -1384.6000, 60.1000, 230.2000,  178, 102, 255
L -1384.6000, 60.1000, 230.2000,  -1374.3000, 72.4000, 224.5000,  178, 102, 255
L -1374.3000, 72.4000, 224.5000,  -1363.7000, 79.3000, 220.4000,  178, 102, 255
L -1363.7000, 79.3000, 220.4000,  -1351.5000, 84.1000, 218.4000,  178, 102, 255
L -7.3000, 244.6000, -126.0000,  -12.0000, 254.0000, -126.0000,  204, 0, 204
L -12.0000, 254.0000, -126.0000,  17.0000, 255.0000, -123.0000,  199, 21, 133
L 17.0000, 255.0000, -123.0000,  17.0000, 242.9000, -123.0000,  204, 0, 204
L -590.9000, 422.3000, 43.2000,  -592.5000, 422.3000, 43.2000,  0, 0, 0
L -566.0000, 462.9000, 43.2000,  -566.0000, 470.0000, 43.2000,  0, 0, 0
L -626.8000, 366.6000, 43.2000,  -626.7000, 467.5000, 43.2000,  0, 0, 0
L -461.9000, 408.3000, 43.2000,  -482.2000, 408.3000, 43.2000,  0, 0, 0
L -590.9000, 428.0000, 43.2000,  -590.9000, 422.3000, 43.2000,  0, 0, 0
L -590.9000, 467.5000, 43.2000,  -590.9000, 463.1000, 43.2000,  0, 0, 0
L -478.8000, 468.2000, 43.2000,  -478.8000, 434.8000, 43.2000,  0, 0, 0
L -491.1000, 356.6000, 43.2000,  -465.3000, 356.6000, 43.2000,  0, 0, 0
L -656.2000, 351.7000, 43.2000,  -620.8000, 351.6000, 43.2000,  0, 0, 0
L -592.9000, 366.8000, 43.2000,  -626.8000, 366.6000, 43.2000,  0, 0, 0
L -491.1000, 329.5000, 43.2000,  -491.1000, 356.6000, 43.2000,  0, 0, 0
L -478.8000, 399.6000, 43.2000,  -478.8000, 366.6000, 43.2000,  0, 0, 0
L -465.3000, 435.0000, 43.2000,  -465.3000, 477.7000, 43.2000,  0, 0, 0
L -491.1000, 504.8000, 43.2000,  -620.9000, 504.8000, 43.2000,  0, 0, 0
L -566.0000, 470.0000, 43.2000,  -591.0000, 469.9000, 43.2000,  0, 0, 0
L -465.3000, 356.6000, 43.2000,  -465.3000, 399.3000, 43.2000,  0, 0, 0
L -540.4000, 376.9000, 43.2000,  -545.4000, 377.0000, 43.2000,  0, 0, 0
L -522.9000, 376.9000, 43.2000,  -517.5000, 376.8000, 43.2000,  0, 0, 0
L -591.4000, 364.8000, 43.2000,  -591.3000, 364.8000, 43.2000,  0, 0, 0
L -518.7000, 489.5000, 43.2000,  -518.7000, 468.2000, 43.2000,  0, 0, 0
L -518.7000, 468.2000, 43.2000,  -478.8000, 468.2000, 43.2000,  0, 0, 0
L -491.1000, 504.8000, 43.2000,  -491.1000, 477.7000, 43.2000,  0, 0, 0
L -465.3000, 477.7000, 43.2000,  -491.1000, 477.7000, 43.2000,  0, 0, 0
L -620.9000, 504.8000, 43.2000,  -620.9000, 482.7000, 43.2000,  0, 0, 0
L -620.9000, 482.7000, 43.2000,  -656.2000, 482.6000, 43.2000,  0, 0, 0
L -656.2000, 351.7000, 43.2000,  -656.2000, 482.6000, 43.2000,  0, 0, 0
L -590.9000, 467.5000, 43.2000,  -626.7000, 467.5000, 43.2000,  0, 0, 0
L -591.0000, 469.9000, 43.2000,  -591.0000, 489.5000, 43.2000,  0, 0, 0
L -591.0000, 489.5000, 43.2000,  -518.7000, 489.5000, 43.2000,  0, 0, 0
L -545.4000, 377.0000, 43.2000,  -545.4000, 414.6000, 43.2000,  0, 0, 0
L -517.5000, 414.6000, 43.2000,  -545.4000, 414.6000, 43.2000,  0, 0, 0
L -591.3000, 364.8000, 43.2000,  -591.3000, 345.3000, 43.2000,  0, 0, 0
L -518.7000, 345.3000, 43.2000,  -591.3000, 345.3000, 43.2000,  0, 0, 0
L -620.8000, 351.6000, 43.2000,  -620.8000, 329.5000, 43.2000,  0, 0, 0
L -491.1000, 329.5000, 43.2000,  -620.8000, 329.5000, 43.2000,  0, 0, 0
L -590.9000, 422.3000, 43.2000,  -592.9000, 422.3000, 43.2000,  0, 0, 0
L -592.9000, 366.8000, 43.2000,  -592.9000, 422.3000, 43.2000,  0, 0, 0
L -590.9000, 428.0000, 43.2000,  -593.8000, 428.0000, 43.2000,  0, 0, 0
L -593.8000, 428.0000, 43.2000,  -593.8000, 436.3000, 43.2000,  0, 0, 0
L -593.8000, 454.0000, 43.2000,  -562.9000, 454.0000, 43.2000,  0, 0, 0
L -593.8000, 454.0000, 43.2000,  -593.8000, 463.1000, 43.2000,  0, 0, 0
L -590.9000, 463.1000, 43.2000,  -593.8000, 463.1000, 43.2000,  0, 0, 0
L -566.0000, 462.9000, 43.2000,  -562.9000, 462.9000, 43.2000,  0, 0, 0
L -562.9000, 454.0000, 43.2000,  -562.9000, 462.9000, 43.2000,  0, 0, 0
L -562.9000, 436.3000, 43.2000,  -593.8000, 436.3000, 43.2000,  0, 0, 0
L -562.9000, 436.3000, 43.2000,  -562.9000, 427.6000, 43.2000,  0, 0, 0
L -566.0000, 427.6000, 43.2000,  -562.9000, 427.6000, 43.2000,  0, 0, 0
L -566.0000, 427.6000, 43.2000,  -566.0000, 380.1000, 43.2000,  0, 0, 0
L -518.7000, 345.3000, 43.2000,  -518.7000, 366.6000, 43.2000,  0, 0, 0
L -478.8000, 366.6000, 43.2000,  -518.7000, 366.6000, 43.2000,  0, 0, 0
L -478.8000, 399.6000, 43.2000,  -482.2000, 399.6000, 43.2000,  0, 0, 0
L -465.3000, 399.3000, 43.2000,  -461.9000, 399.3000, 43.2000,  0, 0, 0
L -465.3000, 435.0000, 43.2000,  -461.9000, 435.0000, 43.2000,  0, 0, 0
L -478.8000, 434.8000, 43.2000,  -482.2000, 434.8000, 43.2000,  0, 0, 0
L -482.2000, 399.6000, 43.2000,  -482.2000, 399.3000, 43.2000,  0, 0, 0
L -482.2000, 399.6000, 43.2000,  -482.2000, 408.3000, 43.2000,  0, 0, 0
L -461.9000, 399.3000, 43.2000,  -461.9000, 408.3000, 43.2000,  0, 0, 0
L -461.9000, 426.1000, 43.2000,  -461.9000, 435.0000, 43.2000,  0, 0, 0
L -482.2000, 426.1000, 43.2000,  -482.2000, 434.8000, 43.2000,  0, 0, 0
L -461.9000, 426.1000, 43.2000,  -482.2000, 426.1000, 43.2000,  0, 0, 0
L -648.3000, 426.4000, 3.8000,  -628.1000, 426.4000, 3.8000,  255, 102, 255
L -648.3000, 426.4000, 3.8000,  -648.3000, 435.5000, 3.8000,  255, 102, 255
L -644.9000, 399.3000, 3.8000,  -648.3000, 399.3000, 3.8000,  255, 102, 255
L -644.9000, 435.5000, 3.8000,  -648.3000, 435.5000, 3.8000,  255, 102, 255
L -648.3000, 408.8000, 3.8000,  -648.3000, 399.3000, 3.8000,  255, 102, 255
L -591.6000, 489.6000, 3.8000,  -519.1000, 489.5000, 3.8000,  255, 102, 255
L -517.4000, 412.4000, 3.8000,  -517.4000, 468.0000, 3.8000,  255, 102, 255
L -519.3000, 407.2000, 3.8000,  -519.3000, 412.4000, 3.8000,  255, 102, 255
L -644.9000, 455.3000, 3.8000,  -644.9000, 435.5000, 3.8000,  255, 102, 255
L -547.5000, 398.4000, 3.8000,  -516.0000, 398.4000, 3.8000,  255, 102, 255
L -631.4000, 435.4000, 3.8000,  -631.4000, 468.2000, 3.8000,  255, 102, 255
L -519.1000, 489.5000, 3.8000,  -519.1000, 469.9000, 3.8000,  255, 102, 255
L -544.0000, 364.8000, 3.8000,  -519.1000, 364.8000, 3.8000,  255, 102, 255
L -631.4000, 366.6000, 3.8000,  -631.4000, 400.1000, 3.8000,  255, 102, 255
L -519.3000, 367.2000, 3.8000,  -519.3000, 372.2000, 3.8000,  255, 102, 255
L -483.2000, 366.6000, 3.8000,  -519.3000, 367.2000, 3.8000,  255, 102, 255
L -516.1000, 380.7000, 3.8000,  -547.5000, 380.7000, 3.8000,  255, 102, 255
L -628.1000, 408.8000, 3.8000,  -648.3000, 408.8000, 3.8000,  255, 102, 255
L -519.3000, 412.4000, 3.8000,  -517.4000, 412.4000, 3.8000,  255, 102, 255
L -544.2000, 371.5000, 3.8000,  -544.0000, 364.8000, 3.8000,  255, 102, 255
L -644.9000, 399.3000, 3.8000,  -644.9000, 380.4000, 3.8000,  255, 102, 255
L -631.4000, 435.4000, 3.8000,  -628.1000, 435.4000, 3.8000,  255, 102, 255
L -631.4000, 400.1000, 3.8000,  -628.1000, 400.1000, 3.8000,  255, 102, 255
L -628.1000, 400.1000, 3.8000,  -628.1000, 408.8000, 3.8000,  255, 102, 255
L -628.1000, 426.4000, 3.8000,  -628.0000, 426.4000, 3.8000,  255, 102, 255
L -628.1000, 426.4000, 3.8000,  -628.1000, 435.4000, 3.8000,  255, 102, 255
L -591.3000, 345.2000, 3.8000,  -591.3000, 366.6000, 3.8000,  255, 102, 255
L -591.3000, 366.6000, 3.8000,  -631.4000, 366.6000, 3.8000,  255, 102, 255
L -519.1000, 364.8000, 3.8000,  -519.1000, 345.2000, 3.8000,  255, 102, 255
L -519.1000, 345.2000, 3.8000,  -591.3000, 345.2000, 3.8000,  255, 102, 255
L -631.4000, 468.2000, 3.8000,  -591.6000, 468.2000, 3.8000,  255, 102, 255
L -591.6000, 489.6000, 3.8000,  -591.6000, 468.2000, 3.8000,  255, 102, 255
L -517.4000, 468.0000, 3.8000,  -483.2000, 468.0000, 3.8000,  255, 102, 255
L -483.2000, 366.6000, 3.8000,  -483.2000, 468.0000, 3.8000,  255, 102, 255
L -519.3000, 407.2000, 3.8000,  -516.0000, 407.2000, 3.8000,  255, 102, 255
L -516.0000, 398.4000, 3.8000,  -516.0000, 407.2000, 3.8000,  255, 102, 255
L -519.3000, 372.2000, 3.8000,  -516.0000, 372.2000, 3.8000,  255, 102, 255
L -544.2000, 371.5000, 3.8000,  -547.5000, 371.5000, 3.8000,  255, 102, 255
L -544.2000, 407.1000, 3.8000,  -547.5000, 407.1000, 3.8000,  255, 102, 255
L -547.5000, 380.7000, 3.8000,  -547.6000, 380.7000, 3.8000,  255, 102, 255
L -547.5000, 407.1000, 3.8000,  -547.5000, 398.4000, 3.8000,  255, 102, 255
L -547.5000, 380.7000, 3.8000,  -547.5000, 371.5000, 3.8000,  255, 102, 255
L -544.2000, 407.1000, 3.8000,  -544.2000, 455.0000, 3.8000,  255, 102, 255
L -522.9000, 455.0000, 3.8000,  -522.9000, 469.9000, 3.8000,  255, 102, 255
L -519.1000, 469.9000, 3.8000,  -522.9000, 469.9000, 3.8000,  255, 102, 255
L -518.2000, 468.4000, -35.6000,  -478.8000, 468.2000, -35.6000,  204, 0, 204
L -566.0000, 462.5000, -35.6000,  -566.0000, 470.0000, -35.6000,  204, 0, 204
L -461.8000, 408.3000, -35.6000,  -482.2000, 408.3000, -35.6000,  204, 0, 204
L -478.8000, 399.3000, -35.6000,  -478.8000, 366.6000, -35.6000,  204, 0, 204
L -591.5000, 489.5000, -35.6000,  -518.5000, 489.6000, -35.6000,  204, 0, 204
L -519.3000, 345.2000, -35.6000,  -538.3000, 345.8000, -35.6000,  204, 0, 204
L -590.9000, 467.5000, -35.6000,  -590.9000, 462.8000, -35.6000,  204, 0, 204
L -518.5000, 489.6000, -35.6000,  -518.2000, 468.4000, -35.6000,  204, 0, 204
L -594.4000, 454.0000, -35.6000,  -594.3000, 454.0000, -35.6000,  204, 0, 204
L -590.8000, 469.9000, -35.6000,  -591.5000, 489.5000, -35.6000,  204, 0, 204
L -518.7000, 366.4000, -35.6000,  -519.3000, 345.2000, -35.6000,  204, 0, 204
L -538.3000, 332.3000, -35.6000,  -518.9000, 332.3000, -35.6000,  204, 0, 204
L -478.8000, 468.2000, -35.6000,  -478.8000, 434.3000, -35.6000,  204, 0, 204
L -590.9000, 427.4000, -35.6000,  -590.9000, 422.3000, -35.6000,  204, 0, 204
L -566.0000, 470.0000, -35.6000,  -590.8000, 469.9000, -35.6000,  204, 0, 204
L -564.9000, 329.1000, -35.6000,  -564.9000, 349.2000, -35.6000,  204, 0, 204
L -465.3000, 376.7000, -35.6000,  -465.3000, 399.6000, -35.6000,  204, 0, 204
L -478.8000, 366.6000, -35.6000,  -518.7000, 366.4000, -35.6000,  204, 0, 204
L -627.2000, 366.6000, -35.6000,  -626.8000, 468.2000, -35.6000,  204, 0, 204
L -465.3000, 434.2000, -35.6000,  -465.3000, 454.4000, -35.6000,  204, 0, 204
L -573.7000, 332.3000, -35.6000,  -593.7000, 332.3000, -35.6000,  204, 0, 204
L -592.9000, 366.8000, -35.6000,  -627.2000, 366.6000, -35.6000,  204, 0, 204
L -540.4000, 376.9000, 43.2000,  -522.9000, 376.9000, 43.2000,  150, 150, 150
L -540.4000, 455.0000, 3.8000,  -544.2000, 455.0000, 3.8000,  255, 102, 255
L -540.4000, 376.9000, 43.2000,  -540.4000, 381.7000, 40.7000,  255, 102, 255
L -522.9000, 376.9000, 43.2000,  -522.9000, 381.8000, 40.7000,  255, 102, 255
L -522.9000, 455.0000, 3.8000,  -540.4000, 455.0000, 3.8000,  150, 150, 150
L -626.8000, 468.2000, -35.6000,  -590.9000, 467.5000, -35.6000,  204, 0, 204
L -599.1000, 491.9000, 82.6000,  -599.1000, 470.5000, 82.6000,  0, 204, 0
L -599.1000, 470.5000, 82.6000,  -635.9000, 470.5000, 82.6000,  0, 204, 0
L -511.5000, 366.2000, 82.6000,  -482.6000, 366.2000, 82.6000,  0, 204, 0
L -599.1000, 341.8000, 82.6000,  -511.5000, 341.8000, 82.6000,  0, 204, 0
L -511.5000, 491.9000, 82.6000,  -599.1000, 491.9000, 82.6000,  0, 204, 0
L -482.6000, 470.5000, 82.6000,  -511.5000, 470.5000, 82.6000,  0, 204, 0
L -565.2000, 420.1000, 82.6000,  -592.8000, 420.1000, 82.6000,  0, 204, 0
L -635.9000, 366.2000, 82.6000,  -599.1000, 366.2000, 82.6000,  0, 204, 0
L -635.9000, 470.5000, 82.6000,  -635.9000, 366.2000, 82.6000,  0, 204, 0
L -565.2000, 458.1000, 82.6000,  -565.2000, 420.1000, 82.6000,  0, 204, 0
L -482.6000, 366.2000, 82.6000,  -482.6000, 470.5000, 82.6000,  0, 204, 0
L -511.5000, 341.8000, 82.6000,  -511.5000, 366.2000, 82.6000,  0, 204, 0
L -599.1000, 366.2000, 82.6000,  -599.1000, 341.8000, 82.6000,  0, 204, 0
L -511.5000, 470.5000, 82.6000,  -511.5000, 491.9000, 82.6000,  0, 204, 0
L -565.2000, 458.1000, 82.6000,  -569.8000, 458.1000, 82.6000,  0, 204, 0
L -569.8000, 458.1000, 82.6000,  -587.2000, 458.1000, 82.6000,  150, 150, 150
L -587.2000, 458.1000, 82.6000,  -592.8000, 458.1000, 82.6000,  0, 204, 0
L -566.0000, 380.1000, 43.2000,  -569.8000, 380.1000, 43.2000,  0, 0, 0
L -587.2000, 380.1000, 43.2000,  -587.2000, 364.8000, 43.2000,  0, 0, 0
L -569.8000, 380.1000, 43.2000,  -587.2000, 380.1000, 43.2000,  150, 150, 150
L -591.3000, 364.8000, 43.2000,  -587.2000, 364.8000, 43.2000,  0, 0, 0
L -569.8000, 458.1000, 82.6000,  -569.8000, 453.2000, 80.2000,  0, 204, 0
L -587.2000, 458.1000, 82.6000,  -587.2000, 453.2000, 80.2000,  0, 204, 0
L -564.7000, 485.5000, -75.1000,  -564.7000, 505.8000, -75.1000,  178, 102, 255
L -573.3000, 505.6000, -75.1000,  -573.1000, 502.4000, -75.1000,  178, 102, 255
L -546.9000, 505.7000, -75.1000,  -538.2000, 505.7000, -75.1000,  178, 102, 255
L -573.1000, 502.4000, -75.1000,  -573.3000, 502.4000, -75.1000,  178, 102, 255
L -518.2000, 502.4000, -75.1000,  -538.2000, 502.4000, -75.1000,  178, 102, 255
L -564.7000, 505.8000, -75.1000,  -573.3000, 505.6000, -75.1000,  178, 102, 255
L -533.0000, 524.0000, -75.1000,  -530.0000, 520.0000, -75.1000,  178, 102, 255
L -535.0000, 527.0000, -75.1000,  -534.0000, 526.0000, -75.1000,  178, 102, 255
L -527.0000, 519.0000, -75.1000,  -518.2000, 502.4000, -75.1000,  178, 102, 255
L -528.0000, 520.0000, -75.1000,  -527.0000, 519.0000, -75.1000,  178, 102, 255
L -534.0000, 526.0000, -75.1000,  -533.0000, 524.0000, -75.1000,  178, 102, 255
L -537.0000, 532.0000, -75.1000,  -535.0000, 527.0000, -75.1000,  178, 102, 255
L -530.0000, 520.0000, -75.1000,  -528.0000, 520.0000, -75.1000,  178, 102, 255
L -540.0000, 537.0000, -75.1000,  -537.0000, 532.0000, -75.1000,  178, 102, 255
L -541.0000, 541.0000, -75.1000,  -540.0000, 539.0000, -75.1000,  178, 102, 255
L -542.0000, 544.0000, -75.1000,  -542.0000, 542.0000, -75.1000,  178, 102, 255
L -542.0000, 542.0000, -75.1000,  -541.0000, 541.0000, -75.1000,  178, 102, 255
L -540.0000, 539.0000, -75.1000,  -540.0000, 537.0000, -75.1000,  178, 102, 255
L -517.5000, 376.8000, 43.2000,  -517.5000, 414.6000, 43.2000,  0, 0, 0
L -545.4000, 377.0000, -35.6000,  -545.4000, 414.6000, -35.6000,  204, 0, 204
L -522.9000, 376.9000, -35.6000,  -517.5000, 376.8000, -35.6000,  204, 0, 204
L -517.5000, 376.8000, -35.6000,  -517.5000, 414.6000, -35.6000,  204, 0, 204
L -517.5000, 414.6000, -35.6000,  -545.4000, 414.6000, -35.6000,  204, 0, 204
L -540.4000, 376.9000, -35.6000,  -545.4000, 377.0000, -35.6000,  204, 0, 204
L -540.4000, 376.9000, -35.6000,  -522.9000, 376.9000, -35.6000,  150, 150, 150
L -522.9000, 376.9000, -35.6000,  -522.9000, 381.8000, -38.1000,  178, 102, 255
L -540.4000, 376.9000, -35.6000,  -540.4000, 381.7000, -38.1000,  178, 102, 255
L -538.3000, 489.0000, -75.1000,  -538.2000, 489.0000, -75.1000,  178, 102, 255
L -591.3000, 345.2000, -75.0000,  -591.3000, 366.6000, -75.0000,  178, 102, 255
L -519.1000, 489.5000, -75.0000,  -519.1000, 469.9000, -75.0000,  178, 102, 255
L -547.5000, 407.1000, -75.0000,  -547.5000, 398.4000, -75.0000,  178, 102, 255
L -544.2000, 371.5000, -75.0000,  -544.0000, 364.8000, -75.0000,  178, 102, 255
L -519.3000, 372.2000, -75.0000,  -516.0000, 372.2000, -75.0000,  178, 102, 255
L -631.4000, 468.2000, -75.0000,  -591.6000, 468.2000, -75.0000,  178, 102, 255
L -544.2000, 371.5000, -75.0000,  -547.5000, 371.5000, -75.0000,  178, 102, 255
L -544.2000, 407.1000, -75.0000,  -547.5000, 407.1000, -75.0000,  178, 102, 255
L -591.3000, 366.6000, -75.0000,  -631.4000, 366.6000, -75.0000,  178, 102, 255
L -519.3000, 367.2000, -75.0000,  -519.3000, 372.2000, -75.0000,  178, 102, 255
L -519.3000, 407.2000, -75.0000,  -516.0000, 407.2000, -75.0000,  178, 102, 255
L -516.0000, 398.4000, -75.0000,  -516.0000, 407.2000, -75.0000,  178, 102, 255
L -483.2000, 366.6000, -75.0000,  -519.3000, 367.2000, -75.0000,  178, 102, 255
L -540.4000, 455.0000, -75.0000,  -544.2000, 455.0000, -75.0000,  178, 102, 255
L -519.3000, 407.2000, -75.0000,  -519.3000, 412.4000, -75.0000,  178, 102, 255
L -483.2000, 366.6000, -75.0000,  -483.2000, 468.0000, -75.0000,  178, 102, 255
L -522.9000, 455.0000, -75.0000,  -522.9000, 469.9000, -75.0000,  178, 102, 255
L -519.1000, 469.9000, -75.0000,  -522.9000, 469.9000, -75.0000,  178, 102, 255
L -519.1000, 364.8000, -75.0000,  -519.1000, 345.2000, -75.0000,  178, 102, 255
L -544.2000, 407.1000, -75.0000,  -544.2000, 455.0000, -75.0000,  178, 102, 255
L -519.1000, 345.2000, -75.0000,  -591.3000, 345.2000, -75.0000,  178, 102, 255
L -591.6000, 489.6000, -75.0000,  -591.6000, 468.2000, -75.0000,  178, 102, 255
L -517.4000, 412.4000, -75.0000,  -517.4000, 468.0000, -75.0000,  178, 102, 255
L -544.0000, 364.8000, -75.0000,  -519.1000, 364.8000, -75.0000,  178, 102, 255
L -519.3000, 412.4000, -75.0000,  -517.4000, 412.4000, -75.0000,  178, 102, 255
L -517.4000, 468.0000, -75.0000,  -483.2000, 468.0000, -75.0000,  178, 102, 255
L -547.5000, 398.4000, -75.0000,  -516.0000, 398.4000, -75.0000,  178, 102, 255
L -631.4000, 366.6000, -75.0000,  -631.4000, 468.2000, -75.0000,  178, 102, 255
L -540.4000, 455.0000, -75.0000,  -522.9000, 455.0000, -75.0000,  150, 150, 150
L -538.2000, 505.7000, -75.1000,  -538.1000, 505.7000, -75.1000,  178, 102, 255
L -591.5000, 489.5000, -75.1000,  -573.3000, 489.5000, -75.1000,  178, 102, 255
L -573.3000, 505.6000, -75.1000,  -573.3000, 502.4000, -75.1000,  178, 102, 255
L -573.3000, 502.4000, -75.1000,  -593.0000, 502.4000, -75.1000,  178, 102, 255
L -573.3000, 489.5000, -75.1000,  -573.3000, 485.5000, -75.1000,  178, 102, 255
L -538.2000, 505.7000, -75.1000,  -538.2000, 502.4000, -75.1000,  178, 102, 255
L -538.2000, 489.0000, -75.1000,  -518.7000, 489.6000, -75.1000,  178, 102, 255
L -538.2000, 489.0000, -75.1000,  -538.2000, 485.5000, -75.1000,  178, 102, 255
L -573.3000, 485.5000, -75.1000,  -564.7000, 485.5000, -75.1000,  178, 102, 255
L -546.9000, 505.7000, -75.1000,  -546.9000, 485.5000, -75.1000,  178, 102, 255
L -546.9000, 485.5000, -75.1000,  -538.2000, 485.5000, -75.1000,  178, 102, 255
L -516.0000, 372.2000, -75.0000,  -516.0000, 380.7000, -75.0000,  178, 102, 255
L -547.5000, 380.7000, -75.0000,  -516.0000, 380.7000, -75.0000,  178, 102, 255
L -547.5000, 371.5000, -75.0000,  -547.5000, 380.7000, -75.0000,  178, 102, 255
L -478.8000, 399.3000, -35.6000,  -482.2000, 399.3000, -35.6000,  204, 0, 204
L -482.2000, 408.3000, -35.6000,  -482.2000, 399.3000, -35.6000,  204, 0, 204
L -465.3000, 399.6000, -35.6000,  -461.8000, 399.6000, -35.6000,  204, 0, 204
L -461.8000, 408.3000, -35.6000,  -461.8000, 399.6000, -35.6000,  204, 0, 204
L -465.3000, 434.2000, -35.6000,  -461.8000, 434.2000, -35.6000,  204, 0, 204
L -478.8000, 434.3000, -35.6000,  -482.2000, 434.3000, -35.6000,  204, 0, 204
L -461.8000, 426.1000, -35.6000,  -461.8000, 434.2000, -35.6000,  204, 0, 204
L -482.2000, 426.1000, -35.6000,  -482.2000, 434.3000, -35.6000,  204, 0, 204
L -573.7000, 332.3000, -35.6000,  -573.7000, 329.1000, -35.6000,  204, 0, 204
L -564.9000, 329.1000, -35.6000,  -573.7000, 329.1000, -35.6000,  204, 0, 204
L -538.3000, 332.3000, -35.6000,  -538.3000, 329.1000, -35.6000,  204, 0, 204
L -538.3000, 345.8000, -35.6000,  -538.3000, 349.2000, -35.6000,  204, 0, 204
L -547.2000, 329.1000, -35.6000,  -538.3000, 329.1000, -35.6000,  204, 0, 204
L -547.2000, 329.1000, -35.6000,  -547.2000, 349.2000, -35.6000,  204, 0, 204
L -547.2000, 349.2000, -35.6000,  -538.3000, 349.2000, -35.6000,  204, 0, 204
L -590.9000, 427.4000, -35.6000,  -594.3000, 427.4000, -35.6000,  204, 0, 204
L -594.3000, 436.3000, -35.6000,  -594.3000, 427.4000, -35.6000,  204, 0, 204
L -594.3000, 454.0000, -35.6000,  -562.6000, 454.0000, -35.6000,  204, 0, 204
L -594.3000, 454.0000, -35.6000,  -594.3000, 462.8000, -35.6000,  204, 0, 204
L -590.9000, 462.8000, -35.6000,  -594.3000, 462.8000, -35.6000,  204, 0, 204
L -566.0000, 462.5000, -35.6000,  -562.6000, 462.5000, -35.6000,  204, 0, 204
L -562.6000, 454.0000, -35.6000,  -562.6000, 462.5000, -35.6000,  204, 0, 204
L -590.9000, 422.3000, -35.6000,  -592.9000, 422.3000, -35.6000,  204, 0, 204
L -592.9000, 366.8000, -35.6000,  -592.9000, 422.3000, -35.6000,  204, 0, 204
L -592.8000, 420.1000, 3.8000,  -592.8000, 458.1000, 3.8000,  255, 102, 255
L -592.8000, 420.1000, 82.6000,  -592.8000, 458.1000, 82.6000,  0, 204, 0
L -587.2000, 458.1000, 3.8000,  -587.2000, 453.2000, 1.3000,  204, 0, 204
L -569.8000, 380.1000, -35.6000,  -587.2000, 380.1000, -35.6000,  150, 150, 150
L -569.8000, 458.1000, 3.8000,  -569.8000, 453.2000, 1.3000,  204, 0, 204
L -569.8000, 458.1000, 3.8000,  -587.2000, 458.1000, 3.8000,  150, 150, 150
L -565.2000, 458.1000, 3.8000,  -569.8000, 458.1000, 3.8000,  255, 102, 255
L -565.2000, 458.1000, 3.8000,  -565.2000, 420.1000, 3.8000,  255, 102, 255
L -587.2000, 458.1000, 3.8000,  -592.8000, 458.1000, 3.8000,  255, 102, 255
L -565.2000, 420.1000, 3.8000,  -592.8000, 420.1000, 3.8000,  255, 102, 255
L -562.7000, 436.3000, -35.6000,  -562.9000, 436.3000, -35.6000,  204, 0, 204
L -566.0000, 380.1000, -35.6000,  -569.8000, 380.1000, -35.6000,  204, 0, 204
L -587.2000, 380.1000, -35.6000,  -587.2000, 364.8000, -35.6000,  204, 0, 204
L -566.0000, 427.6000, -35.6000,  -562.9000, 427.6000, -35.6000,  204, 0, 204
L -566.0000, 427.6000, -35.6000,  -566.0000, 380.1000, -35.6000,  204, 0, 204
L -562.9000, 436.3000, -35.6000,  -594.3000, 436.3000, -35.6000,  204, 0, 204
L -562.9000, 436.3000, -35.6000,  -562.9000, 427.6000, -35.6000,  204, 0, 204
L -591.3000, 364.8000, -35.6000,  -587.2000, 364.8000, -35.6000,  204, 0, 204
L -591.3000, 364.8000, -35.6000,  -591.3000, 345.3000, -35.6000,  204, 0, 204
L -591.3000, 345.3000, -35.6000,  -573.7000, 345.3000, -35.6000,  204, 0, 204
L -564.9000, 349.2000, -35.6000,  -573.7000, 349.2000, -35.6000,  204, 0, 204
L -573.7000, 349.2000, -35.6000,  -573.7000, 345.3000, -35.6000,  204, 0, 204
L -516.1000, 380.7000, 3.8000,  -516.0000, 372.2000, 3.8000,  255, 102, 255
L -482.2000, 426.1000, -35.6000,  -461.8000, 426.1000, -35.6000,  204, 0, 204
L -522.9000, 416.0000, -55.3000,  -522.9000, 420.8000, -57.8000,  178, 102, 255
L -540.4000, 415.9000, -55.3000,  -540.4000, 420.8000, -57.8000,  178, 102, 255
L -522.9000, 416.0000, -55.3000,  -540.4000, 415.9000, -55.3000,  150, 150, 150
L -540.4000, 396.4000, -45.5000,  -540.4000, 401.3000, -47.9000,  178, 102, 255
L -522.9000, 396.4000, -45.5000,  -522.9000, 401.3000, -47.9000,  178, 102, 255
L -540.4000, 396.4000, -45.5000,  -522.9000, 396.4000, -45.5000,  150, 150, 150
L -522.9000, 435.5000, -65.2000,  -522.9000, 440.4000, -67.7000,  178, 102, 255
L -540.4000, 435.5000, -65.2000,  -540.4000, 445.3000, -70.1000,  178, 102, 255
L -522.9000, 435.5000, -65.2000,  -540.4000, 435.5000, -65.2000,  150, 150, 150
L -522.9000, 445.3000, -70.1000,  -522.9000, 450.1000, -72.6000,  178, 102, 255
L -540.4000, 445.3000, -70.1000,  -540.4000, 450.1000, -72.6000,  178, 102, 255
L -522.9000, 445.3000, -70.1000,  -540.4000, 445.3000, -70.1000,  150, 150, 150
L -522.9000, 440.4000, -67.7000,  -522.9000, 445.3000, -70.1000,  178, 102, 255
L -522.9000, 440.4000, -67.7000,  -540.4000, 440.4000, -67.7000,  150, 150, 150
L -522.9000, 450.1000, -72.6000,  -522.9000, 455.0000, -75.0000,  178, 102, 255
L -540.4000, 450.1000, -72.6000,  -540.4000, 455.0000, -75.0000,  178, 102, 255
L -522.9000, 450.1000, -72.6000,  -540.4000, 450.1000, -72.6000,  150, 150, 150
L -522.9000, 425.7000, -60.3000,  -522.9000, 430.6000, -62.7000,  178, 102, 255
L -540.4000, 425.7000, -60.3000,  -540.4000, 430.6000, -62.7000,  178, 102, 255
L -522.9000, 425.7000, -60.3000,  -540.4000, 425.7000, -60.3000,  150, 150, 150
L -522.9000, 430.6000, -62.7000,  -522.9000, 435.5000, -65.2000,  178, 102, 255
L -540.4000, 430.6000, -62.7000,  -540.4000, 435.5000, -65.2000,  178, 102, 255
L -522.9000, 430.6000, -62.7000,  -540.4000, 430.6000, -62.7000,  150, 150, 150
L -522.9000, 420.8000, -57.8000,  -522.9000, 425.7000, -60.3000,  178, 102, 255
L -540.4000, 420.8000, -57.8000,  -540.4000, 425.7000, -60.3000,  178, 102, 255
L -522.9000, 420.8000, -57.8000,  -540.4000, 420.8000, -57.8000,  150, 150, 150
L -522.9000, 406.2000, -50.4000,  -522.9000, 411.1000, -52.9000,  178, 102, 255
L -540.4000, 406.2000, -50.4000,  -540.4000, 415.9000, -55.3000,  178, 102, 255
L -522.9000, 406.2000, -50.4000,  -540.4000, 406.2000, -50.4000,  150, 150, 150
L -522.9000, 411.1000, -52.9000,  -522.9000, 416.0000, -55.3000,  178, 102, 255
L -522.9000, 411.1000, -52.9000,  -540.4000, 411.1000, -52.9000,  150, 150, 150
L -522.9000, 401.3000, -47.9000,  -522.9000, 406.2000, -50.4000,  178, 102, 255
L -540.4000, 401.3000, -47.9000,  -540.4000, 406.2000, -50.4000,  178, 102, 255
L -522.9000, 401.3000, -47.9000,  -540.4000, 401.3000, -47.9000,  150, 150, 150
L -522.9000, 386.7000, -40.6000,  -522.9000, 391.5000, -43.0000,  178, 102, 255
L -540.4000, 386.6000, -40.6000,  -540.4000, 391.5000, -43.0000,  178, 102, 255
L -522.9000, 386.7000, -40.6000,  -540.4000, 386.6000, -40.6000,  150, 150, 150
L -522.9000, 391.5000, -43.0000,  -522.9000, 396.4000, -45.5000,  178, 102, 255
L -540.4000, 391.5000, -43.0000,  -540.4000, 396.4000, -45.5000,  178, 102, 255
L -522.9000, 391.5000, -43.0000,  -540.4000, 391.5000, -43.0000,  150, 150, 150
L -540.4000, 381.7000, -38.1000,  -540.4000, 386.6000, -40.6000,  178, 102, 255
L -522.9000, 381.8000, -38.1000,  -522.9000, 386.7000, -40.6000,  178, 102, 255
L -540.4000, 381.7000, -38.1000,  -522.9000, 381.8000, -38.1000,  150, 150, 150
L -587.2000, 419.1000, -15.9000,  -587.2000, 414.2000, -18.4000,  204, 0, 204
L -569.8000, 419.1000, -15.9000,  -569.8000, 414.2000, -18.4000,  204, 0, 204
L -587.2000, 419.1000, -15.9000,  -569.8000, 419.1000, -15.9000,  150, 150, 150
L -587.2000, 438.6000, -6.1000,  -587.2000, 433.7000, -8.5000,  204, 0, 204
L -569.8000, 438.6000, -6.1000,  -569.8000, 433.7000, -8.5000,  204, 0, 204
L -587.2000, 438.6000, -6.1000,  -569.8000, 438.6000, -6.1000,  150, 150, 150
L -587.2000, 448.4000, -1.1000,  -587.2000, 443.5000, -3.6000,  204, 0, 204
L -569.8000, 448.4000, -1.1000,  -569.8000, 443.5000, -3.6000,  204, 0, 204
L -587.2000, 448.4000, -1.1000,  -569.8000, 448.4000, -1.1000,  150, 150, 150
L -587.2000, 428.9000, -11.0000,  -587.2000, 424.0000, -13.4000,  204, 0, 204
L -569.8000, 428.9000, -11.0000,  -569.8000, 424.0000, -13.4000,  204, 0, 204
L -587.2000, 428.9000, -11.0000,  -569.8000, 428.9000, -11.0000,  150, 150, 150
L -587.2000, 399.6000, -25.8000,  -587.2000, 394.7000, -28.2000,  204, 0, 204
L -569.8000, 399.6000, -25.8000,  -569.8000, 394.7000, -28.2000,  204, 0, 204
L -587.2000, 399.6000, -25.8000,  -569.8000, 399.6000, -25.8000,  150, 150, 150
L -587.2000, 409.4000, -20.8000,  -587.2000, 404.5000, -23.3000,  204, 0, 204
L -569.8000, 409.4000, -20.8000,  -569.8000, 404.5000, -23.3000,  204, 0, 204
L -587.2000, 409.4000, -20.8000,  -569.8000, 409.4000, -20.8000,  150, 150, 150
L -569.8000, 389.9000, -30.7000,  -569.8000, 385.0000, -33.2000,  204, 0, 204
L -587.2000, 389.9000, -30.7000,  -587.2000, 385.0000, -33.2000,  204, 0, 204
L -569.8000, 389.9000, -30.7000,  -587.2000, 389.9000, -30.7000,  150, 150, 150
L -587.2000, 394.7000, -28.2000,  -587.2000, 389.9000, -30.7000,  204, 0, 204
L -569.8000, 394.7000, -28.2000,  -569.8000, 389.9000, -30.7000,  204, 0, 204
L -587.2000, 394.7000, -28.2000,  -569.8000, 394.7000, -28.2000,  150, 150, 150
L -587.2000, 385.0000, -33.2000,  -587.2000, 380.1000, -35.6000,  204, 0, 204
L -569.8000, 385.0000, -33.2000,  -569.8000, 380.1000, -35.6000,  204, 0, 204
L -587.2000, 385.0000, -33.2000,  -569.8000, 385.0000, -33.2000,  150, 150, 150
L -587.2000, 404.5000, -23.3000,  -587.2000, 399.6000, -25.8000,  204, 0, 204
L -569.8000, 404.5000, -23.3000,  -569.8000, 399.6000, -25.8000,  204, 0, 204
L -587.2000, 404.5000, -23.3000,  -569.8000, 404.5000, -23.3000,  150, 150, 150
L -587.2000, 414.2000, -18.4000,  -587.2000, 409.4000, -20.8000,  204, 0, 204
L -569.8000, 414.2000, -18.4000,  -569.8000, 409.4000, -20.8000,  204, 0, 204
L -587.2000, 414.2000, -18.4000,  -569.8000, 414.2000, -18.4000,  150, 150, 150
L -587.2000, 424.0000, -13.4000,  -587.2000, 419.1000, -15.9000,  204, 0, 204
L -569.8000, 424.0000, -13.4000,  -569.8000, 419.1000, -15.9000,  204, 0, 204
L -587.2000, 424.0000, -13.4000,  -569.8000, 424.0000, -13.4000,  150, 150, 150
L -587.2000, 433.7000, -8.5000,  -587.2000, 428.9000, -11.0000,  204, 0, 204
L -569.8000, 433.7000, -8.5000,  -569.8000, 428.9000, -11.0000,  204, 0, 204
L -587.2000, 433.7000, -8.5000,  -569.8000, 433.7000, -8.5000,  150, 150, 150
L -569.8000, 443.5000, -3.6000,  -569.8000, 438.6000, -6.1000,  204, 0, 204
L -587.2000, 443.5000, -3.6000,  -587.2000, 438.6000, -6.1000,  204, 0, 204
L -569.8000, 443.5000, -3.6000,  -587.2000, 443.5000, -3.6000,  150, 150, 150
L -569.8000, 453.2000, 1.3000,  -569.8000, 448.4000, -1.1000,  204, 0, 204
L -587.2000, 453.2000, 1.3000,  -587.2000, 448.4000, -1.1000,  204, 0, 204
L -569.8000, 453.2000, 1.3000,  -587.2000, 453.2000, 1.3000,  150, 150, 150
L -540.4000, 415.9000, 23.5000,  -540.4000, 420.8000, 21.0000,  255, 102, 255
L -522.9000, 416.0000, 23.5000,  -522.9000, 430.6000, 16.1000,  255, 102, 255
L -540.4000, 415.9000, 23.5000,  -522.9000, 416.0000, 23.5000,  150, 150, 150
L -540.4000, 396.4000, 33.4000,  -540.4000, 401.3000, 30.9000,  255, 102, 255
L -522.9000, 396.4000, 33.4000,  -522.9000, 401.3000, 30.9000,  255, 102, 255
L -540.4000, 396.4000, 33.4000,  -522.9000, 396.4000, 33.4000,  150, 150, 150
L -540.4000, 386.6000, 38.3000,  -540.4000, 391.5000, 35.8000,  255, 102, 255
L -522.9000, 386.7000, 38.3000,  -522.9000, 391.5000, 35.8000,  255, 102, 255
L -540.4000, 386.6000, 38.3000,  -522.9000, 386.7000, 38.3000,  150, 150, 150
L -540.4000, 406.2000, 28.4000,  -540.4000, 411.1000, 26.0000,  255, 102, 255
L -522.9000, 406.2000, 28.4000,  -522.9000, 411.1000, 26.0000,  255, 102, 255
L -540.4000, 406.2000, 28.4000,  -522.9000, 406.2000, 28.4000,  150, 150, 150
L -540.4000, 435.5000, 13.7000,  -540.4000, 440.4000, 11.2000,  255, 102, 255
L -522.9000, 435.5000, 13.7000,  -522.9000, 440.4000, 11.2000,  255, 102, 255
L -540.4000, 435.5000, 13.7000,  -522.9000, 435.5000, 13.7000,  150, 150, 150
L -540.4000, 425.7000, 18.6000,  -540.4000, 430.6000, 16.1000,  255, 102, 255
L -540.4000, 425.7000, 18.6000,  -522.9000, 425.7000, 18.6000,  150, 150, 150
L -540.4000, 445.3000, 8.7000,  -540.4000, 450.1000, 6.3000,  255, 102, 255
L -522.9000, 445.3000, 8.7000,  -522.9000, 450.1000, 6.3000,  255, 102, 255
L -540.4000, 445.3000, 8.7000,  -522.9000, 445.3000, 8.7000,  150, 150, 150
L -540.4000, 381.7000, 40.7000,  -540.4000, 386.6000, 38.3000,  255, 102, 255
L -522.9000, 381.8000, 40.7000,  -522.9000, 386.7000, 38.3000,  255, 102, 255
L -540.4000, 381.7000, 40.7000,  -522.9000, 381.8000, 40.7000,  150, 150, 150
L -540.4000, 391.5000, 35.8000,  -540.4000, 396.4000, 33.4000,  255, 102, 255
L -522.9000, 391.5000, 35.8000,  -522.9000, 396.4000, 33.4000,  255, 102, 255
L -540.4000, 391.5000, 35.8000,  -522.9000, 391.5000, 35.8000,  150, 150, 150
L -540.4000, 401.3000, 30.9000,  -540.4000, 406.2000, 28.4000,  255, 102, 255
L -522.9000, 401.3000, 30.9000,  -522.9000, 406.2000, 28.4000,  255, 102, 255
L -540.4000, 401.3000, 30.9000,  -522.9000, 401.3000, 30.9000,  150, 150, 150
L -540.4000, 411.1000, 26.0000,  -540.4000, 415.9000, 23.5000,  255, 102, 255
L -522.9000, 411.1000, 26.0000,  -522.9000, 416.0000, 23.5000,  255, 102, 255
L -540.4000, 411.1000, 26.0000,  -522.9000, 411.1000, 26.0000,  150, 150, 150
L -540.4000, 420.8000, 21.0000,  -540.4000, 425.7000, 18.6000,  255, 102, 255
L -540.4000, 420.8000, 21.0000,  -522.9000, 420.8000, 21.0000,  150, 150, 150
L -540.4000, 430.6000, 16.1000,  -540.4000, 435.5000, 13.7000,  255, 102, 255
L -522.9000, 430.6000, 16.1000,  -522.9000, 435.5000, 13.7000,  255, 102, 255
L -540.4000, 430.6000, 16.1000,  -522.9000, 430.6000, 16.1000,  150, 150, 150
L -540.4000, 440.4000, 11.2000,  -540.4000, 445.3000, 8.7000,  255, 102, 255
L -522.9000, 440.4000, 11.2000,  -522.9000, 445.3000, 8.7000,  255, 102, 255
L -540.4000, 440.4000, 11.2000,  -522.9000, 440.4000, 11.2000,  150, 150, 150
L -540.4000, 450.1000, 6.3000,  -540.4000, 455.0000, 3.8000,  255, 102, 255
L -522.9000, 450.1000, 6.3000,  -522.9000, 455.0000, 3.8000,  255, 102, 255
L -540.4000, 450.1000, 6.3000,  -522.9000, 450.1000, 6.3000,  150, 150, 150
L -587.2000, 419.1000, 62.9000,  -587.2000, 414.2000, 60.5000,  0, 204, 0
L -569.8000, 419.1000, 62.9000,  -569.8000, 414.2000, 60.5000,  0, 204, 0
L -587.2000, 419.1000, 62.9000,  -569.8000, 419.1000, 62.9000,  150, 150, 150
L -587.2000, 399.6000, 53.1000,  -587.2000, 394.7000, 50.6000,  0, 204, 0
L -569.8000, 399.6000, 53.1000,  -569.8000, 394.7000, 50.6000,  0, 204, 0
L -587.2000, 399.6000, 53.1000,  -569.8000, 399.6000, 53.1000,  150, 150, 150
L -587.2000, 389.9000, 48.1000,  -587.2000, 385.0000, 45.7000,  0, 204, 0
L -569.8000, 389.9000, 48.1000,  -569.8000, 385.0000, 45.7000,  0, 204, 0
L -587.2000, 389.9000, 48.1000,  -569.8000, 389.9000, 48.1000,  150, 150, 150
L -587.2000, 438.6000, 72.8000,  -587.2000, 433.7000, 70.3000,  0, 204, 0
L -569.8000, 438.6000, 72.8000,  -569.8000, 433.7000, 70.3000,  0, 204, 0
L -587.2000, 438.6000, 72.8000,  -569.8000, 438.6000, 72.8000,  150, 150, 150
L -587.2000, 448.4000, 77.7000,  -587.2000, 443.5000, 75.2000,  0, 204, 0
L -569.8000, 448.4000, 77.7000,  -569.8000, 443.5000, 75.2000,  0, 204, 0
L -587.2000, 448.4000, 77.7000,  -569.8000, 448.4000, 77.7000,  150, 150, 150
L -587.2000, 428.9000, 67.8000,  -587.2000, 424.0000, 65.4000,  0, 204, 0
L -569.8000, 428.9000, 67.8000,  -569.8000, 424.0000, 65.4000,  0, 204, 0
L -587.2000, 428.9000, 67.8000,  -569.8000, 428.9000, 67.8000,  150, 150, 150
L -587.2000, 409.4000, 58.0000,  -587.2000, 404.5000, 55.5000,  0, 204, 0
L -569.8000, 409.4000, 58.0000,  -569.8000, 404.5000, 55.5000,  0, 204, 0
L -587.2000, 409.4000, 58.0000,  -569.8000, 409.4000, 58.0000,  150, 150, 150
L -587.2000, 394.7000, 50.6000,  -587.2000, 389.9000, 48.1000,  0, 204, 0
L -569.8000, 394.7000, 50.6000,  -569.8000, 389.9000, 48.1000,  0, 204, 0
L -587.2000, 394.7000, 50.6000,  -569.8000, 394.7000, 50.6000,  150, 150, 150
L -587.2000, 385.0000, 45.7000,  -587.2000, 380.1000, 43.2000,  0, 204, 0
L -569.8000, 385.0000, 45.7000,  -569.8000, 380.1000, 43.2000,  0, 204, 0
L -587.2000, 385.0000, 45.7000,  -569.8000, 385.0000, 45.7000,  150, 150, 150
L -587.2000, 404.5000, 55.5000,  -587.2000, 399.6000, 53.1000,  0, 204, 0
L -569.8000, 404.5000, 55.5000,  -569.8000, 399.6000, 53.1000,  0, 204, 0
L -587.2000, 404.5000, 55.5000,  -569.8000, 404.5000, 55.5000,  150, 150, 150
L -587.2000, 414.2000, 60.5000,  -587.2000, 409.4000, 58.0000,  0, 204, 0
L -569.8000, 414.2000, 60.5000,  -569.8000, 409.4000, 58.0000,  0, 204, 0
L -587.2000, 414.2000, 60.5000,  -569.8000, 414.2000, 60.5000,  150, 150, 150
L -587.2000, 424.0000, 65.4000,  -587.2000, 419.1000, 62.9000,  0, 204, 0
L -569.8000, 424.0000, 65.4000,  -569.8000, 419.1000, 62.9000,  0, 204, 0
L -587.2000, 424.0000, 65.4000,  -569.8000, 424.0000, 65.4000,  150, 150, 150
L -587.2000, 433.7000, 70.3000,  -587.2000, 428.9000, 67.8000,  0, 204, 0
L -569.8000, 433.7000, 70.3000,  -569.8000, 428.9000, 67.8000,  0, 204, 0
L -587.2000, 433.7000, 70.3000,  -569.8000, 433.7000, 70.3000,  150, 150, 150
L -587.2000, 443.5000, 75.2000,  -587.2000, 438.6000, 72.8000,  0, 204, 0
L -569.8000, 443.5000, 75.2000,  -569.8000, 438.6000, 72.8000,  0, 204, 0
L -587.2000, 443.5000, 75.2000,  -569.8000, 443.5000, 75.2000,  150, 150, 150
L -587.2000, 453.2000, 80.2000,  -587.2000, 448.4000, 77.7000,  0, 204, 0
L -569.8000, 453.2000, 80.2000,  -569.8000, 448.4000, 77.7000,  0, 204, 0
L -587.2000, 453.2000, 80.2000,  -569.8000, 453.2000, 80.2000,  150, 150, 150
L -1236.9000, 440.2000, -10.6000,  -1240.3000, 443.7000, -13.0000,  102, 0, 204
L -1230.8000, 367.9000, 112.6000,  -1218.5000, 380.2000, 112.6000,  150, 150, 150
L -1233.5000, 436.8000, 70.7000,  -1236.9000, 440.2000, 68.3000,  204, 0, 204
L -1179.7000, 407.7000, 100.3000,  -1183.1000, 411.1000, 97.8000,  204, 0, 204
L -1216.2000, 419.5000, 83.0000,  -1203.8000, 431.8000, 83.0000,  150, 150, 150
L -1196.9000, 425.0000, 9.1000,  -1209.3000, 412.6000, 9.1000,  155, 155, 155
L -1314.0000, 388.6000, -13.0000,  -1285.9000, 416.8000, -13.0000,  102, 0, 204
L -1137.4000, 421.6000, -13.0000,  -1209.1000, 493.3000, -13.0000,  102, 0, 204
L -1200.4000, 428.4000, 85.5000,  -1210.7000, 438.8000, 78.1000,  204, 0, 204
L -1219.6000, 422.9000, 80.6000,  -1223.1000, 426.4000, 78.1000,  204, 0, 204
L -1230.0000, 433.3000, 73.2000,  -1233.5000, 436.8000, 70.7000,  204, 0, 204
L -1221.1000, 449.2000, 70.7000,  -1224.5000, 452.6000, 68.3000,  204, 0, 204
L -1236.9000, 440.2000, 68.3000,  -1224.5000, 452.6000, 68.3000,  150, 150, 150
L -1215.1000, 376.8000, 110.1000,  -1211.6000, 373.4000, 107.7000,  0, 204, 0
L -1212.7000, 416.0000, 85.5000,  -1216.2000, 419.5000, 83.0000,  204, 0, 204
L -1191.6000, 424.8000, -13.0000,  -1189.3000, 427.1000, -13.0000,  102, 0, 204
L -1234.3000, 371.4000, 115.1000,  -1222.0000, 383.7000, 115.1000,  150, 150, 150
L -1217.6000, 445.7000, 73.2000,  -1221.1000, 449.2000, 70.7000,  204, 0, 204
L -1251.5000, 388.6000, 48.6000,  -1248.0000, 385.2000, 46.1000,  178, 102, 255
L -1225.4000, 387.2000, 117.5000,  -1222.0000, 383.7000, 115.1000,  0, 204, 0
L -1164.5000, 402.4000, -13.0000,  -1170.5000, 408.4000, -13.0000,  102, 0, 204
L -1237.7000, 374.9000, 117.5000,  -1225.4000, 387.2000, 117.5000,  150, 150, 150
L -1210.7000, 438.8000, 78.1000,  -1214.2000, 442.2000, 75.7000,  204, 0, 204
L -1242.2000, 316.8000, 65.8000,  -1314.0000, 388.6000, 65.8000,  204, 0, 204
L -1216.2000, 419.5000, 83.0000,  -1219.6000, 422.9000, 80.6000,  204, 0, 204
L -1235.7000, 397.5000, 124.9000,  -1232.3000, 394.0000, 122.5000,  0, 204, 0
L -1214.2000, 442.2000, -3.2000,  -1226.5000, 429.9000, -3.2000,  155, 155, 155
L -1195.4000, 398.8000, 97.8000,  -1198.9000, 402.2000, 95.4000,  204, 0, 204
L -1222.0000, 383.7000, 36.2000,  -1218.5000, 380.2000, 33.8000,  178, 102, 255
L -1233.3000, 469.1000, -13.0000,  -1209.1000, 493.3000, -13.0000,  102, 0, 204
L -1166.9000, 400.0000, -13.0000,  -1164.5000, 402.4000, -13.0000,  102, 0, 204
L -1261.8000, 399.0000, 134.8000,  -1258.4000, 395.5000, 132.3000,  0, 204, 0
L -1259.9000, 421.6000, 63.3000,  -1272.2000, 409.3000, 63.3000,  150, 150, 150
L -1191.6000, 424.8000, -13.0000,  -1195.3000, 428.4000, -13.0000,  102, 0, 204
L -1184.0000, 381.9000, -13.0000,  -1186.3000, 379.6000, -13.0000,  102, 0, 204
L -1256.5000, 418.2000, 60.9000,  -1253.0000, 414.7000, 58.4000,  178, 102, 255
L -1213.8000, 345.2000, -13.0000,  -1242.2000, 316.8000, -13.0000,  102, 0, 204
L -1251.5000, 388.6000, 48.6000,  -1239.2000, 400.9000, 48.6000,  150, 150, 150
L -1251.5000, 388.6000, 127.4000,  -1239.2000, 400.9000, 127.4000,  150, 150, 150
L -1190.0000, 418.1000, 92.9000,  -1193.5000, 421.5000, 90.4000,  204, 0, 204
L -1241.2000, 378.3000, 120.0000,  -1237.7000, 374.9000, 117.5000,  0, 204, 0
L -1209.3000, 412.6000, 88.0000,  -1212.7000, 416.0000, 85.5000,  204, 0, 204
L -1195.3000, 428.4000, -13.0000,  -1194.0000, 429.8000, -13.0000,  102, 0, 204
L -1239.2000, 400.9000, 48.6000,  -1235.7000, 397.5000, 46.1000,  178, 102, 255
L -1194.0000, 429.8000, -13.0000,  -1233.3000, 469.1000, -13.0000,  102, 0, 204
L -1188.5000, 391.8000, 102.7000,  -1192.0000, 395.3000, 100.3000,  204, 0, 204
L -1244.6000, 381.7000, 43.6000,  -1241.2000, 378.3000, 41.2000,  178, 102, 255
L -1210.7000, 438.8000, -0.7000,  -1214.2000, 442.2000, -3.2000,  102, 0, 204
L -1147.6000, 381.1000, -13.0000,  -1198.7000, 330.0000, -13.0000,  102, 0, 204
L -1223.9000, 361.1000, 28.8000,  -1220.5000, 357.6000, 26.4000,  178, 102, 255
L -1224.5000, 452.6000, 68.3000,  -1228.0000, 456.0000, 65.8000,  204, 0, 204
L -1253.0000, 414.7000, 137.2000,  -1249.5000, 411.3000, 134.8000,  0, 204, 0
L -1233.5000, 436.8000, 70.7000,  -1221.1000, 449.2000, 70.7000,  150, 150, 150
L -1258.4000, 395.5000, 53.5000,  -1255.0000, 392.1000, 51.0000,  178, 102, 255
L -1161.5000, 394.9000, -13.0000,  -1147.6000, 381.1000, -13.0000,  102, 0, 204
L -1184.0000, 381.9000, -13.0000,  -1179.1000, 377.3000, -13.0000,  102, 0, 204
L -1163.3000, 396.5000, -13.0000,  -1166.9000, 400.0000, -13.0000,  102, 0, 204
L -1192.0000, 395.3000, 100.3000,  -1195.4000, 398.8000, 97.8000,  204, 0, 204
L -1186.3000, 379.6000, -13.0000,  -1192.8000, 386.1000, -13.0000,  102, 0, 204
L -1249.5000, 411.3000, 55.9000,  -1246.1000, 407.8000, 53.5000,  178, 102, 255
L -1265.3000, 402.4000, 137.2000,  -1253.0000, 414.7000, 137.2000,  150, 150, 150
L -1214.2000, 442.2000, 75.7000,  -1217.6000, 445.7000, 73.2000,  204, 0, 204
L -1137.4000, 421.6000, -13.0000,  -1163.3000, 396.5000, -13.0000,  102, 0, 204
L -1241.2000, 378.3000, 41.2000,  -1228.9000, 390.6000, 41.2000,  150, 150, 150
L -1182.1000, 472.6000, 26.4000,  -1184.5000, 470.2000, 26.4000,  178, 102, 255
L -1259.9000, 421.6000, 142.2000,  -1256.5000, 418.2000, 139.7000,  0, 204, 0
L -1265.3000, 402.4000, 137.2000,  -1261.8000, 399.0000, 134.8000,  0, 204, 0
L -1232.3000, 394.0000, 122.5000,  -1228.9000, 390.6000, 120.0000,  0, 204, 0
L -1258.4000, 395.5000, 132.3000,  -1246.1000, 407.8000, 132.3000,  150, 150, 150
L -1226.5000, 429.9000, 75.7000,  -1230.0000, 433.3000, 73.2000,  204, 0, 204
L -1230.8000, 367.9000, 112.6000,  -1227.4000, 364.5000, 110.1000,  0, 204, 0
L -1239.2000, 400.9000, 127.4000,  -1235.7000, 397.5000, 124.9000,  0, 204, 0
L -1242.7000, 404.4000, 129.8000,  -1239.2000, 400.9000, 127.4000,  0, 204, 0
L -1234.3000, 371.4000, 36.2000,  -1230.8000, 367.9000, 33.8000,  178, 102, 255
L -1226.5000, 429.9000, -3.2000,  -1233.5000, 436.8000, -8.1000,  102, 0, 204
L -1227.4000, 364.5000, 110.1000,  -1223.9000, 361.1000, 107.7000,  0, 204, 0
L -1258.4000, 395.5000, 132.3000,  -1255.0000, 392.1000, 129.8000,  0, 204, 0
L -1221.1000, 449.2000, -8.1000,  -1233.5000, 436.8000, -8.1000,  155, 155, 155
L -1263.3000, 425.1000, 65.8000,  -1259.9000, 421.6000, 63.3000,  178, 102, 255
L -1176.2000, 404.3000, 102.7000,  -1179.7000, 407.7000, 100.3000,  204, 0, 204
L -1246.1000, 407.8000, 132.3000,  -1242.7000, 404.4000, 129.8000,  0, 204, 0
L -1268.8000, 405.9000, 139.7000,  -1256.5000, 418.2000, 139.7000,  150, 150, 150
L -1216.2000, 419.5000, 4.2000,  -1219.6000, 422.9000, 1.7000,  102, 0, 204
L -1219.6000, 422.9000, 1.7000,  -1223.1000, 426.4000, -0.7000,  102, 0, 204
L -1151.7000, 466.2000, 26.4000,  -1145.6000, 460.1000, 26.4000,  178, 102, 255
L -1230.8000, 367.9000, 33.8000,  -1227.4000, 364.5000, 31.3000,  178, 102, 255
L -1211.6000, 373.4000, 107.7000,  -1208.2000, 369.9000, 105.2000,  0, 204, 0
L -1244.6000, 381.7000, 122.5000,  -1232.3000, 394.0000, 122.5000,  150, 150, 150
L -1193.5000, 421.5000, 90.4000,  -1196.9000, 425.0000, 88.0000,  204, 0, 204
L -1255.0000, 392.1000, 129.8000,  -1251.5000, 388.6000, 127.4000,  0, 204, 0
L -1237.7000, 374.9000, 38.7000,  -1225.4000, 387.2000, 38.7000,  150, 150, 150
L -1148.1000, 457.6000, 26.4000,  -1145.6000, 460.1000, 26.4000,  178, 102, 255
L -1193.5000, 421.5000, 11.6000,  -1196.9000, 425.0000, 9.1000,  102, 0, 204
L -1244.6000, 381.7000, 122.5000,  -1241.2000, 378.3000, 120.0000,  0, 204, 0
L -1188.5000, 391.8000, 102.7000,  -1176.2000, 404.3000, 102.7000,  150, 150, 150
L -1218.5000, 380.2000, 33.8000,  -1215.1000, 376.8000, 31.3000,  178, 102, 255
L -1223.1000, 426.4000, 78.1000,  -1210.7000, 438.8000, 78.1000,  150, 150, 150
L -1237.7000, 374.9000, 38.7000,  -1234.3000, 371.4000, 36.2000,  178, 102, 255
L -1256.5000, 418.2000, 139.7000,  -1253.0000, 414.7000, 137.2000,  0, 204, 0
L -1251.5000, 388.6000, 127.4000,  -1248.0000, 385.2000, 124.9000,  0, 204, 0
L -1186.5000, 414.6000, 95.4000,  -1190.0000, 418.1000, 92.9000,  204, 0, 204
L -1196.9000, 425.0000, 88.0000,  -1200.4000, 428.4000, 85.5000,  204, 0, 204
L -1237.7000, 374.9000, 117.5000,  -1234.3000, 371.4000, 115.1000,  0, 204, 0
L -1232.3000, 394.0000, 43.6000,  -1228.9000, 390.6000, 41.2000,  178, 102, 255
L -1268.8000, 405.9000, 139.7000,  -1265.3000, 402.4000, 137.2000,  0, 204, 0
L -1209.3000, 412.6000, 88.0000,  -1196.9000, 425.0000, 88.0000,  150, 150, 150
L -1223.9000, 361.1000, 107.7000,  -1220.5000, 357.6000, 105.2000,  0, 204, 0
L -1215.1000, 376.8000, 31.3000,  -1227.4000, 364.5000, 31.3000,  150, 150, 150
L -1218.5000, 380.2000, 112.6000,  -1215.1000, 376.8000, 110.1000,  0, 204, 0
L -1176.3000, 499.0000, 28.0000,  -1174.3000, 498.4000, 28.0000,  178, 102, 255
L -1255.0000, 392.1000, 129.8000,  -1242.7000, 404.4000, 129.8000,  150, 150, 150
L -1223.9000, 361.1000, 107.7000,  -1211.6000, 373.4000, 107.7000,  150, 150, 150
L -1198.9000, 402.2000, 95.4000,  -1202.4000, 405.7000, 92.9000,  204, 0, 204
L -1241.2000, 378.3000, 120.0000,  -1228.9000, 390.6000, 120.0000,  150, 150, 150
L -1236.9000, 440.2000, 68.3000,  -1240.3000, 443.7000, 65.8000,  204, 0, 204
L -1261.8000, 399.0000, 55.9000,  -1258.4000, 395.5000, 53.5000,  178, 102, 255
L -1259.9000, 421.6000, 63.3000,  -1256.5000, 418.2000, 60.9000,  178, 102, 255
L -1261.8000, 399.0000, 134.8000,  -1249.5000, 411.3000, 134.8000,  150, 150, 150
L -1272.2000, 409.3000, 142.2000,  -1259.9000, 421.6000, 142.2000,  150, 150, 150
L -1179.7000, 407.7000, 21.4000,  -1192.0000, 395.3000, 21.4000,  150, 150, 150
L -1202.4000, 405.7000, 92.9000,  -1190.0000, 418.1000, 92.9000,  150, 150, 150
L -1219.6000, 422.9000, 80.6000,  -1207.2000, 435.3000, 80.6000,  150, 150, 150
L -1186.5000, 414.6000, 16.5000,  -1190.0000, 418.1000, 14.1000,  102, 0, 204
L -1172.7000, 400.8000, 105.2000,  -1176.2000, 404.3000, 102.7000,  204, 0, 204
L -1215.1000, 344.2000, 26.4000,  -1254.3000, 383.4000, 26.4000,  178, 102, 255
L -1228.9000, 390.6000, 120.0000,  -1225.4000, 387.2000, 117.5000,  0, 204, 0
L -1255.0000, 392.1000, 51.0000,  -1242.7000, 404.4000, 51.0000,  150, 150, 150
L -1217.6000, 445.7000, -5.7000,  -1230.0000, 433.3000, -5.7000,  155, 155, 155
L -1234.3000, 371.4000, 115.1000,  -1230.8000, 367.9000, 112.6000,  0, 204, 0
L -1230.0000, 433.3000, 73.2000,  -1217.6000, 445.7000, 73.2000,  150, 150, 150
L -1314.0000, 388.6000, 65.8000,  -1285.9000, 416.8000, 65.8000,  204, 0, 204
L -1157.1000, 401.3000, 144.6000,  -1136.7000, 421.7000, 144.6000,  0, 204, 0
L -1263.3000, 425.1000, 144.6000,  -1259.9000, 421.6000, 142.2000,  0, 204, 0
L -1215.1000, 376.8000, 31.3000,  -1211.6000, 373.4000, 28.8000,  178, 102, 255
L -1151.7000, 466.2000, 26.4000,  -1166.2000, 451.8000, 26.4000,  178, 102, 255
L -1183.1000, 411.1000, 19.0000,  -1195.4000, 398.8000, 19.0000,  155, 155, 155
L -1248.0000, 385.2000, 124.9000,  -1244.6000, 381.7000, 122.5000,  0, 204, 0
L -1224.5000, 452.6000, -10.6000,  -1236.9000, 440.2000, -10.6000,  155, 155, 155
L -1185.1000, 388.4000, 105.2000,  -1188.5000, 391.8000, 102.7000,  204, 0, 204
L -1244.6000, 381.7000, 43.6000,  -1232.3000, 394.0000, 43.6000,  150, 150, 150
L -1239.1000, 406.2000, 26.4000,  -1236.9000, 408.4000, 26.4000,  178, 102, 255
L -1166.2000, 451.8000, 26.4000,  -1159.8000, 445.4000, 26.4000,  178, 102, 255
L -1258.4000, 395.5000, 53.5000,  -1246.1000, 407.8000, 53.5000,  150, 150, 150
L -1207.2000, 435.3000, 1.7000,  -1210.7000, 438.8000, -0.7000,  102, 0, 204
L -1195.4000, 398.8000, 19.0000,  -1198.9000, 402.2000, 16.5000,  102, 0, 204
L -1235.7000, 397.5000, 46.1000,  -1232.3000, 394.0000, 43.6000,  178, 102, 255
L -1211.6000, 373.4000, 28.8000,  -1208.2000, 369.9000, 26.4000,  178, 102, 255
L -1195.4000, 398.8000, 97.8000,  -1183.1000, 411.1000, 97.8000,  150, 150, 150
L -1202.4000, 405.7000, 14.1000,  -1205.8000, 409.1000, 11.6000,  102, 0, 204
L -1268.8000, 405.9000, 60.9000,  -1256.5000, 418.2000, 60.9000,  150, 150, 150
L -1268.8000, 405.9000, 60.9000,  -1265.3000, 402.4000, 58.4000,  178, 102, 255
L -1249.5000, 411.3000, 134.8000,  -1246.1000, 407.8000, 132.3000,  0, 204, 0
L -1227.4000, 364.5000, 31.3000,  -1223.9000, 361.1000, 28.8000,  178, 102, 255
L -1179.7000, 407.7000, 21.4000,  -1183.1000, 411.1000, 19.0000,  102, 0, 204
L -1242.7000, 404.4000, 51.0000,  -1239.2000, 400.9000, 48.6000,  178, 102, 255
L -1248.0000, 385.2000, 124.9000,  -1235.7000, 397.5000, 124.9000,  150, 150, 150
L -1203.8000, 431.8000, 4.2000,  -1216.2000, 419.5000, 4.2000,  155, 155, 155
L -1226.5000, 429.9000, 75.7000,  -1214.2000, 442.2000, 75.7000,  150, 150, 150
L -1227.4000, 364.5000, 110.1000,  -1215.1000, 376.8000, 110.1000,  150, 150, 150
L -1205.8000, 409.1000, 90.4000,  -1193.5000, 421.5000, 90.4000,  150, 150, 150
L -1164.3000, 478.8000, 26.4000,  -1170.1000, 484.5000, 26.4000,  178, 102, 255
L -1207.2000, 435.3000, 1.7000,  -1219.6000, 422.9000, 1.7000,  155, 155, 155
L -1202.4000, 405.7000, 92.9000,  -1205.8000, 409.1000, 90.4000,  204, 0, 204
L -1220.5000, 357.6000, 26.4000,  -1209.6000, 346.8000, 26.4000,  178, 102, 255
L -1176.2000, 404.3000, 23.9000,  -1179.7000, 407.7000, 21.4000,  102, 0, 204
L -1234.3000, 371.4000, 36.2000,  -1222.0000, 383.7000, 36.2000,  150, 150, 150
L -1183.1000, 411.1000, 19.0000,  -1186.5000, 414.6000, 16.5000,  102, 0, 204
L -1255.0000, 392.1000, 51.0000,  -1251.5000, 388.6000, 48.6000,  178, 102, 255
L -1214.2000, 442.2000, -3.2000,  -1217.6000, 445.7000, -5.7000,  102, 0, 204
L -1193.5000, 421.5000, 11.6000,  -1205.8000, 409.1000, 11.6000,  155, 155, 155
L -1198.8000, 330.1000, 26.4000,  -1147.8000, 380.9000, 26.4000,  178, 102, 255
L -1161.5000, 394.9000, 65.8000,  -1147.6000, 381.1000, 65.8000,  204, 0, 204
L -1178.7000, 464.4000, 26.4000,  -1184.5000, 470.2000, 26.4000,  178, 102, 255
L -1300.9000, 431.9000, 26.4000,  -1249.3000, 483.6000, 26.4000,  178, 102, 255
L -1277.7000, 404.8000, 26.4000,  -1284.0000, 411.1000, 26.4000,  178, 102, 255
L -1233.5000, 436.8000, -8.1000,  -1236.9000, 440.2000, -10.6000,  102, 0, 204
L -1183.1000, 411.1000, 97.8000,  -1186.5000, 414.6000, 95.4000,  204, 0, 204
L -1256.5000, 388.4000, 26.4000,  -1258.9000, 386.0000, 26.4000,  178, 102, 255
L -1221.1000, 449.2000, -8.1000,  -1224.5000, 452.6000, -10.6000,  102, 0, 204
L -1253.0000, 414.7000, 58.4000,  -1265.3000, 402.4000, 58.4000,  150, 150, 150
L -1157.4000, 447.8000, 26.4000,  -1159.8000, 445.4000, 26.4000,  178, 102, 255
L -1263.3000, 425.1000, 65.8000,  -1275.6000, 412.8000, 65.8000,  150, 150, 150
L -1246.1000, 407.8000, 53.5000,  -1242.7000, 404.4000, 51.0000,  178, 102, 255
L -1210.7000, 438.8000, -0.7000,  -1223.1000, 426.4000, -0.7000,  155, 155, 155
L -1188.5000, 391.8000, 23.9000,  -1192.0000, 395.3000, 21.4000,  102, 0, 204
L -1248.0000, 385.2000, 46.1000,  -1235.7000, 397.5000, 46.1000,  150, 150, 150
L -1192.8000, 386.1000, 65.8000,  -1192.9000, 386.0000, 65.8000,  204, 0, 204
L -1196.9000, 425.0000, 9.1000,  -1200.4000, 428.4000, 6.7000,  102, 0, 204
L -1210.4000, 495.5000, 144.6000,  -1230.9000, 475.0000, 144.6000,  0, 204, 0
L -1224.5000, 452.6000, -10.6000,  -1228.0000, 456.0000, -13.0000,  102, 0, 204
L -1301.0000, 431.9000, 65.8000,  -1285.9000, 416.8000, 65.8000,  204, 0, 204
L -1286.5000, 418.5000, 26.4000,  -1300.9000, 431.9000, 26.4000,  178, 102, 255
L -1205.5000, 372.6000, 105.2000,  -1208.2000, 369.9000, 105.2000,  0, 0, 0
L -1275.6000, 412.8000, 144.6000,  -1272.2000, 409.3000, 142.2000,  0, 204, 0
L -1255.3000, 427.2000, 26.4000,  -1261.3000, 433.3000, 26.4000,  178, 102, 255
L -1160.0000, 445.6000, 105.2000,  -1159.8000, 445.4000, 105.2000,  0, 0, 0
L -1147.4000, 381.4000, 105.2000,  -1162.5000, 396.5000, 105.2000,  0, 0, 0
L -1235.8000, 469.2000, 65.8000,  -1238.5000, 466.6000, 65.8000,  204, 0, 204
L -1316.8000, 406.3000, 105.2000,  -1341.7000, 381.3000, 105.2000,  0, 0, 0
L -1223.1000, 426.4000, 78.1000,  -1226.5000, 429.9000, 75.7000,  204, 0, 204
L -1195.6000, 431.3000, 105.2000,  -1215.3000, 411.5000, 105.2000,  0, 0, 0
L -1191.6000, 424.8000, 65.8000,  -1195.3000, 428.4000, 65.8000,  204, 0, 204
L -1249.7000, 483.1000, 65.8000,  -1235.8000, 469.2000, 65.8000,  204, 0, 204
L -1284.9000, 416.8000, 105.2000,  -1310.2000, 391.5000, 105.2000,  0, 0, 0
L -1137.4000, 421.6000, 65.8000,  -1209.1000, 493.3000, 65.8000,  204, 0, 204
L -1183.1000, 420.9000, 65.8000,  -1189.3000, 427.1000, 65.8000,  204, 0, 204
L -1185.1000, 388.4000, 26.4000,  -1188.5000, 391.8000, 23.9000,  102, 0, 204
L -1190.0000, 418.1000, 14.1000,  -1193.5000, 421.5000, 11.6000,  102, 0, 204
L -1277.4000, 405.2000, 105.2000,  -1255.5000, 427.0000, 105.2000,  0, 0, 0
L -1184.0000, 381.9000, 65.8000,  -1179.1000, 377.3000, 65.8000,  204, 0, 204
L -1249.3000, 483.6000, 26.4000,  -1234.1000, 468.8000, 26.4000,  178, 102, 255
L -1134.3000, 424.7000, 105.2000,  -1162.5000, 396.5000, 105.2000,  0, 0, 0
L -1209.2000, 407.1000, -13.0000,  -1243.0000, 441.0000, -13.0000,  102, 0, 204
L -1256.5000, 388.4000, 26.4000,  -1252.9000, 384.8000, 26.4000,  178, 102, 255
L -1213.8000, 345.2000, 65.8000,  -1242.2000, 316.8000, 65.8000,  204, 0, 204
L -1212.6000, 343.8000, 105.2000,  -1212.5000, 343.9000, 105.2000,  0, 0, 0
L -1223.9000, 361.1000, 28.8000,  -1211.6000, 373.4000, 28.8000,  150, 150, 150
L -1301.0000, 431.9000, 65.8000,  -1249.7000, 483.1000, 65.8000,  204, 0, 204
L -1272.2000, 409.3000, 63.3000,  -1268.8000, 405.9000, 60.9000,  178, 102, 255
L -1252.9000, 384.8000, 26.4000,  -1254.3000, 383.4000, 26.4000,  178, 102, 255
L -1292.8000, 413.1000, 144.6000,  -1318.8000, 387.1000, 144.6000,  0, 204, 0
L -1252.9000, 384.8000, 105.2000,  -1254.1000, 383.7000, 105.2000,  0, 0, 0
L -1192.0000, 395.3000, 21.4000,  -1195.4000, 398.8000, 19.0000,  102, 0, 204
L -1277.7000, 404.8000, 26.4000,  -1255.3000, 427.2000, 26.4000,  178, 102, 255
L -1209.2000, 407.1000, 65.8000,  -1243.0000, 441.0000, 65.8000,  204, 0, 204
L -1224.1000, 313.7000, 105.2000,  -1208.4000, 298.1000, 105.2000,  0, 0, 0
L -1164.4000, 478.7000, 105.2000,  -1178.7000, 464.4000, 105.2000,  0, 0, 0
L -1166.9000, 400.0000, 65.8000,  -1164.5000, 402.4000, 65.8000,  204, 0, 204
L -1230.9000, 475.0000, 144.6000,  -1246.0000, 490.2000, 144.6000,  0, 204, 0
L -1215.1000, 344.2000, 105.2000,  -1254.3000, 383.4000, 105.2000,  0, 0, 0
L -1301.0000, 431.9000, -13.0000,  -1285.9000, 416.8000, -13.0000,  102, 0, 204
L -1261.8000, 399.0000, 55.9000,  -1249.5000, 411.3000, 55.9000,  150, 150, 150
L -1220.5000, 357.6000, 105.2000,  -1209.6000, 346.8000, 105.2000,  0, 0, 0
L -1117.7000, 427.2000, 105.2000,  -1147.8000, 457.4000, 105.2000,  0, 0, 0
L -1211.5000, 404.8000, 65.8000,  -1205.3000, 398.6000, 65.8000,  204, 0, 204
L -1137.4000, 421.6000, 65.8000,  -1163.3000, 396.5000, 65.8000,  204, 0, 204
L -1228.0000, 456.0000, -13.0000,  -1238.5000, 466.6000, -13.0000,  102, 0, 204
L -1157.6000, 448.0000, 105.2000,  -1160.0000, 445.6000, 105.2000,  0, 0, 0
L -1172.7000, 400.8000, 26.4000,  -1176.2000, 404.3000, 23.9000,  102, 0, 204
L -1182.5000, 472.9000, 105.2000,  -1184.9000, 470.5000, 105.2000,  0, 0, 0
L -1249.2000, 288.7000, 105.2000,  -1224.1000, 313.7000, 105.2000,  0, 0, 0
L -1223.1000, 426.4000, -0.7000,  -1226.5000, 429.9000, -3.2000,  102, 0, 204
L -1260.1000, 428.3000, 144.6000,  -1233.2000, 401.4000, 144.6000,  0, 204, 0
L -1172.7000, 400.8000, 105.2000,  -1168.8000, 404.5000, 105.2000,  0, 0, 0
L -1238.9000, 320.0000, 105.2000,  -1310.2000, 391.5000, 105.2000,  0, 0, 0
L -1310.8000, 391.9000, 26.4000,  -1284.9000, 416.8000, 26.4000,  178, 102, 255
L -1284.9000, 416.8000, 105.2000,  -1281.8000, 413.7000, 105.2000,  0, 0, 0
L -1219.1000, 339.4000, 144.6000,  -1201.8000, 322.1000, 144.6000,  0, 204, 0
L -1239.1000, 406.2000, 26.4000,  -1205.5000, 372.6000, 26.4000,  178, 102, 255
L -1179.1000, 377.3000, 65.8000,  -1161.5000, 394.9000, 65.8000,  204, 0, 204
L -1147.6000, 381.1000, 65.8000,  -1198.7000, 330.0000, 65.8000,  204, 0, 204
L -1192.0000, 395.3000, 100.3000,  -1179.7000, 407.7000, 100.3000,  150, 150, 150
L -1116.7000, 389.8000, 105.2000,  -1208.4000, 298.1000, 105.2000,  0, 0, 0
L -1192.8000, 386.1000, -13.0000,  -1170.5000, 408.4000, -13.0000,  102, 0, 204
L -1332.5000, 421.9000, 105.2000,  -1316.8000, 406.3000, 105.2000,  0, 0, 0
L -1234.3000, 468.3000, 105.2000,  -1206.1000, 496.5000, 105.2000,  0, 0, 0
L -1205.8000, 409.1000, 90.4000,  -1209.3000, 412.6000, 88.0000,  204, 0, 204
L -1240.7000, 513.7000, 105.2000,  -1332.5000, 421.9000, 105.2000,  0, 0, 0
L -1206.1000, 496.5000, 26.4000,  -1182.1000, 472.6000, 26.4000,  178, 102, 255
L -1170.6000, 408.3000, 65.8000,  -1192.8000, 386.1000, 65.8000,  204, 0, 204
L -1215.1000, 344.2000, 105.2000,  -1238.9000, 320.0000, 105.2000,  0, 0, 0
L -1272.2000, 409.3000, 142.2000,  -1268.8000, 405.9000, 139.7000,  0, 204, 0
L -1116.7000, 389.8000, 105.2000,  -1135.9000, 408.9000, 105.2000,  0, 0, 0
L -1145.4000, 459.8000, 105.2000,  -1151.8000, 466.1000, 105.2000,  0, 0, 0
L -1286.7000, 418.4000, 105.2000,  -1300.5000, 432.3000, 105.2000,  0, 0, 0
L -1243.0000, 414.5000, 105.2000,  -1264.9000, 392.7000, 105.2000,  0, 0, 0
L -1168.8000, 404.5000, 26.4000,  -1195.6000, 431.3000, 26.4000,  178, 102, 255
L -1163.3000, 396.5000, 65.8000,  -1166.9000, 400.0000, 65.8000,  204, 0, 204
L -1240.3000, 443.7000, -13.0000,  -1228.0000, 456.0000, -13.0000,  155, 155, 155
L -1157.4000, 447.8000, 26.4000,  -1134.3000, 424.7000, 26.4000,  178, 102, 255
L -1239.1000, 406.2000, 105.2000,  -1205.5000, 372.6000, 105.2000,  0, 0, 0
L -1245.1000, 313.3000, 144.6000,  -1219.1000, 339.4000, 144.6000,  0, 204, 0
L -1211.5000, 404.8000, -13.0000,  -1205.3000, 398.6000, -13.0000,  102, 0, 204
L -1139.9000, 384.0000, 144.6000,  -1157.1000, 401.3000, 144.6000,  0, 204, 0
L -1185.1000, 388.4000, 26.4000,  -1188.7000, 385.0000, 26.4000,  178, 102, 255
L -1263.3000, 425.1000, 144.6000,  -1275.6000, 412.8000, 144.6000,  150, 150, 150
L -1259.0000, 386.8000, 105.2000,  -1264.9000, 392.7000, 105.2000,  0, 0, 0
L -1217.6000, 445.7000, -5.7000,  -1221.1000, 449.2000, -8.1000,  102, 0, 204
L -1277.4000, 405.2000, 105.2000,  -1283.8000, 411.6000, 105.2000,  0, 0, 0
L -1172.5000, 482.0000, 26.4000,  -1170.1000, 484.5000, 26.4000,  178, 102, 255
L -1157.6000, 448.0000, 105.2000,  -1134.3000, 424.7000, 105.2000,  0, 0, 0
L -1222.0000, 383.7000, 115.1000,  -1218.5000, 380.2000, 112.6000,  0, 204, 0
L -1212.5000, 343.9000, 105.2000,  -1198.8000, 330.1000, 105.2000,  0, 0, 0
L -1185.1000, 388.4000, 26.4000,  -1172.7000, 400.8000, 26.4000,  150, 150, 150
L -1203.3000, 512.8000, 105.2000,  -1221.5000, 494.6000, 105.2000,  0, 0, 0
L -1228.9000, 390.6000, 41.2000,  -1225.4000, 387.2000, 38.7000,  178, 102, 255
L -1252.7000, 381.9000, 144.6000,  -1279.6000, 408.8000, 144.6000,  0, 204, 0
L -1249.2000, 288.7000, 105.2000,  -1341.7000, 381.3000, 105.2000,  0, 0, 0
L -1198.9000, 402.2000, 16.5000,  -1202.4000, 405.7000, 14.1000,  102, 0, 204
L -1257.0000, 388.9000, 105.2000,  -1259.0000, 386.8000, 105.2000,  0, 0, 0
L -1195.6000, 431.3000, 26.4000,  -1215.3000, 411.5000, 26.4000,  178, 102, 255
L -1235.8000, 469.2000, -13.0000,  -1238.5000, 466.6000, -13.0000,  102, 0, 204
L -1264.0000, 431.1000, 105.2000,  -1261.8000, 433.3000, 105.2000,  0, 0, 0
L -1209.2000, 407.1000, -13.0000,  -1211.5000, 404.8000, -13.0000,  102, 0, 204
L -1243.0000, 414.5000, 105.2000,  -1236.9000, 408.4000, 105.2000,  0, 0, 0
L -1275.6000, 412.8000, 65.8000,  -1279.6000, 408.8000, 65.8000,  255, 102, 255
L -1198.9000, 402.2000, 16.5000,  -1186.5000, 414.6000, 16.5000,  155, 155, 155
L -1240.3000, 443.7000, -13.0000,  -1243.0000, 441.0000, -13.0000,  102, 0, 204
L -1281.8000, 413.7000, 105.2000,  -1283.8000, 411.6000, 105.2000,  0, 0, 0
L -1188.7000, 385.0000, 26.4000,  -1215.3000, 411.5000, 26.4000,  178, 102, 255
L -1136.7000, 421.7000, 144.6000,  -1210.4000, 495.5000, 144.6000,  0, 204, 0
L -1147.4000, 381.4000, 105.2000,  -1198.8000, 330.1000, 105.2000,  0, 0, 0
L -1186.8000, 496.3000, 26.4000,  -1176.3000, 499.0000, 28.0000,  178, 102, 255
L -1260.1000, 428.3000, 144.6000,  -1263.3000, 425.1000, 144.6000,  0, 204, 0
L -1233.2000, 401.4000, 144.6000,  -1252.7000, 381.9000, 144.6000,  0, 204, 0
L -1243.0000, 414.5000, 26.4000,  -1265.2000, 392.3000, 26.4000,  178, 102, 255
L -1275.6000, 412.8000, 144.6000,  -1279.6000, 408.8000, 144.6000,  0, 204, 0
L -1179.1000, 377.3000, -13.0000,  -1161.5000, 394.9000, -13.0000,  102, 0, 204
L -1301.0000, 431.9000, -13.0000,  -1249.7000, 483.1000, -13.0000,  102, 0, 204
L -1249.4000, 483.4000, 105.2000,  -1234.3000, 468.3000, 105.2000,  0, 0, 0
L -1257.0000, 388.9000, 105.2000,  -1252.9000, 384.8000, 105.2000,  0, 0, 0
L -1173.1000, 482.6000, 105.2000,  -1170.7000, 485.0000, 105.2000,  0, 0, 0
L -1185.1000, 388.4000, 105.2000,  -1172.7000, 400.8000, 105.2000,  150, 150, 150
L -1249.7000, 483.1000, -13.0000,  -1235.8000, 469.2000, -13.0000,  102, 0, 204
L -1205.3000, 398.6000, -13.0000,  -1183.1000, 420.9000, -13.0000,  102, 0, 204
L -1188.7000, 385.0000, 105.2000,  -1215.3000, 411.5000, 105.2000,  0, 0, 0
L -1164.4000, 478.7000, 105.2000,  -1170.7000, 485.0000, 105.2000,  0, 0, 0
L -1252.7000, 381.9000, 65.8000,  -1279.6000, 408.8000, 65.8000,  204, 0, 204
L -1198.7000, 330.0000, -13.0000,  -1213.8000, 345.2000, -13.0000,  102, 0, 204
L -1173.1000, 482.6000, 105.2000,  -1203.3000, 512.8000, 105.2000,  0, 0, 0
L -1281.6000, 413.5000, 26.4000,  -1284.0000, 411.1000, 26.4000,  178, 102, 255
L -1178.7000, 464.4000, 105.2000,  -1184.9000, 470.5000, 105.2000,  0, 0, 0
L -1205.3000, 398.6000, 65.8000,  -1183.1000, 420.9000, 65.8000,  204, 0, 204
L -1240.3000, 443.7000, 65.8000,  -1243.0000, 441.0000, 65.8000,  204, 0, 204
L -1191.6000, 424.8000, 65.8000,  -1189.3000, 427.1000, 65.8000,  204, 0, 204
L -1206.1000, 496.5000, 105.2000,  -1182.5000, 472.9000, 105.2000,  0, 0, 0
L -1263.7000, 430.9000, 26.4000,  -1261.3000, 433.3000, 26.4000,  178, 102, 255
L -1164.4000, 498.4000, 29.0000,  -1148.0000, 504.0000, 32.0000,  178, 102, 255
L -1147.8000, 457.4000, 105.2000,  -1145.4000, 459.8000, 105.2000,  0, 0, 0
L -1174.3000, 498.4000, 28.0000,  -1164.4000, 498.4000, 29.0000,  178, 102, 255
L -1240.7000, 513.7000, 105.2000,  -1221.5000, 494.6000, 105.2000,  0, 0, 0
L -1254.1000, 383.7000, 105.2000,  -1254.3000, 383.4000, 105.2000,  0, 0, 0
L -1239.1000, 406.2000, 105.2000,  -1236.9000, 408.4000, 105.2000,  0, 0, 0
L -1233.3000, 469.1000, 65.8000,  -1209.1000, 493.3000, 65.8000,  204, 0, 204
L -1183.1000, 420.9000, -13.0000,  -1189.3000, 427.1000, -13.0000,  102, 0, 204
L -1264.0000, 431.1000, 105.2000,  -1269.0000, 436.2000, 105.2000,  0, 0, 0
L -1160.0000, 445.6000, 105.2000,  -1166.2000, 451.8000, 105.2000,  0, 0, 0
L -1135.9000, 408.9000, 105.2000,  -1117.7000, 427.2000, 105.2000,  0, 0, 0
L -1139.9000, 384.0000, 144.6000,  -1201.8000, 322.1000, 144.6000,  0, 204, 0
L -1225.4000, 387.2000, 38.7000,  -1222.0000, 383.7000, 36.2000,  178, 102, 255
L -1269.0000, 436.2000, 105.2000,  -1286.7000, 418.4000, 105.2000,  0, 0, 0
L -1230.8000, 367.9000, 33.8000,  -1218.5000, 380.2000, 33.8000,  150, 150, 150
L -1255.5000, 427.0000, 105.2000,  -1261.8000, 433.3000, 105.2000,  0, 0, 0
L -1151.8000, 466.1000, 105.2000,  -1166.2000, 451.8000, 105.2000,  0, 0, 0
L -1185.1000, 388.4000, 105.2000,  -1188.7000, 385.0000, 105.2000,  0, 0, 0
L -1300.5000, 432.3000, 105.2000,  -1249.4000, 483.4000, 105.2000,  0, 0, 0
L -1215.1000, 344.2000, 26.4000,  -1239.2000, 319.8000, 26.4000,  178, 102, 255
L -1318.8000, 387.1000, 144.6000,  -1245.1000, 313.3000, 144.6000,  0, 204, 0
L -1284.9000, 416.8000, 26.4000,  -1281.6000, 413.5000, 26.4000,  178, 102, 255
L -1228.0000, 456.0000, 65.8000,  -1238.5000, 466.6000, 65.8000,  204, 0, 204
L -1195.3000, 428.4000, 65.8000,  -1194.0000, 429.8000, 65.8000,  204, 0, 204
L -1246.0000, 490.2000, 144.6000,  -1307.9000, 428.2000, 144.6000,  0, 204, 0
L -1277.8000, 404.8000, 26.4000,  -1277.7000, 404.8000, 26.4000,  178, 102, 255
L -1248.0000, 385.2000, 46.1000,  -1244.6000, 381.7000, 43.6000,  178, 102, 255
L -1192.8000, 386.1000, 65.8000,  -1186.3000, 379.6000, 65.8000,  204, 0, 204
L -1239.2000, 319.8000, 26.4000,  -1310.8000, 391.9000, 26.4000,  178, 102, 255
L -1190.0000, 418.1000, 14.1000,  -1202.4000, 405.7000, 14.1000,  155, 155, 155
L -1198.7000, 330.0000, 65.8000,  -1213.8000, 345.2000, 65.8000,  204, 0, 204
L -1269.0000, 436.2000, 26.4000,  -1286.5000, 418.5000, 26.4000,  178, 102, 255
L -1172.5000, 482.0000, 26.4000,  -1186.8000, 496.3000, 26.4000,  178, 102, 255
L -1260.1000, 428.3000, 65.8000,  -1263.3000, 425.1000, 65.8000,  255, 102, 255
L -1184.0000, 381.9000, 65.8000,  -1186.3000, 379.6000, 65.8000,  204, 0, 204
L -1263.7000, 430.9000, 26.4000,  -1269.0000, 436.2000, 26.4000,  178, 102, 255
L -1307.9000, 428.2000, 144.6000,  -1292.8000, 413.1000, 144.6000,  0, 204, 0
L -1212.5000, 343.9000, 26.4000,  -1209.6000, 346.8000, 26.4000,  178, 102, 255
L -1170.6000, 408.3000, 65.8000,  -1164.5000, 402.4000, 65.8000,  204, 0, 204
L -1205.5000, 372.6000, 26.4000,  -1208.2000, 369.9000, 26.4000,  178, 102, 255
L -1208.2000, 369.9000, 105.2000,  -1220.5000, 357.6000, 105.2000,  150, 150, 150
L -1198.9000, 402.2000, 95.4000,  -1186.5000, 414.6000, 95.4000,  150, 150, 150
L -1162.3000, 396.3000, 26.4000,  -1147.8000, 380.9000, 26.4000,  178, 102, 255
L -1168.8000, 404.5000, 105.2000,  -1195.6000, 431.3000, 105.2000,  0, 0, 0
L -1265.3000, 402.4000, 58.4000,  -1261.8000, 399.0000, 55.9000,  178, 102, 255
L -1178.7000, 464.4000, 26.4000,  -1164.3000, 478.8000, 26.4000,  178, 102, 255
L -1275.6000, 412.8000, 65.8000,  -1272.2000, 409.3000, 63.3000,  178, 102, 255
L -1205.8000, 409.1000, 11.6000,  -1212.7000, 416.0000, 6.7000,  102, 0, 204
L -1228.0000, 456.0000, 65.8000,  -1240.3000, 443.7000, 65.8000,  150, 150, 150
L -1260.1000, 428.3000, 65.8000,  -1233.2000, 401.4000, 65.8000,  204, 0, 204
L -1172.7000, 400.8000, 26.4000,  -1168.8000, 404.5000, 26.4000,  178, 102, 255
L -1209.2000, 407.1000, 65.8000,  -1211.5000, 404.8000, 65.8000,  204, 0, 204
L -1194.0000, 429.8000, 65.8000,  -1233.3000, 469.1000, 65.8000,  204, 0, 204
L -1212.5000, 343.9000, 105.2000,  -1209.6000, 346.8000, 105.2000,  0, 0, 0
L -1212.7000, 416.0000, 6.7000,  -1216.2000, 419.5000, 4.2000,  102, 0, 204
L -1212.5000, 343.9000, 26.4000,  -1198.8000, 330.1000, 26.4000,  178, 102, 255
L -1241.2000, 378.3000, 41.2000,  -1237.7000, 374.9000, 38.7000,  178, 102, 255
L -1208.2000, 369.9000, 26.4000,  -1220.5000, 357.6000, 26.4000,  150, 150, 150
L -1265.2000, 392.3000, 26.4000,  -1258.9000, 386.0000, 26.4000,  178, 102, 255
L -1203.8000, 431.8000, 4.2000,  -1207.2000, 435.3000, 1.7000,  102, 0, 204
L -1131.9000, 441.4000, 26.4000,  -1148.1000, 457.6000, 26.4000,  178, 102, 255
L -1234.1000, 468.8000, 26.4000,  -1206.1000, 496.5000, 26.4000,  178, 102, 255
L -1188.5000, 391.8000, 23.9000,  -1176.2000, 404.3000, 23.9000,  150, 150, 150
L -1233.2000, 401.4000, 65.8000,  -1252.7000, 381.9000, 65.8000,  204, 0, 204
L -1134.3000, 424.7000, 26.4000,  -1162.3000, 396.3000, 26.4000,  178, 102, 255
L -1242.9000, 414.7000, 26.4000,  -1243.0000, 414.5000, 26.4000,  178, 102, 255
L -1212.7000, 416.0000, 85.5000,  -1200.4000, 428.4000, 85.5000,  150, 150, 150
L -1243.0000, 414.5000, 26.4000,  -1236.9000, 408.4000, 26.4000,  178, 102, 255
L -1253.0000, 414.7000, 58.4000,  -1249.5000, 411.3000, 55.9000,  178, 102, 255
L -1200.4000, 428.4000, 6.7000,  -1203.8000, 431.8000, 4.2000,  102, 0, 204
L -1200.4000, 428.4000, 6.7000,  -1212.7000, 416.0000, 6.7000,  155, 155, 155
L -1269.3000, 348.7000, -13.0000,  -1262.9000, 342.3000, -13.0000,  102, 0, 204
L -1258.9000, 314.4000, -13.0000,  -1275.1000, 330.6000, -13.0000,  102, 0, 204
L -1265.3000, 339.9000, -13.0000,  -1242.2000, 316.8000, -13.0000,  102, 0, 204
L -1281.8000, 361.3000, -13.0000,  -1287.6000, 367.1000, -13.0000,  102, 0, 204
L -1265.3000, 339.9000, -13.0000,  -1262.9000, 342.3000, -13.0000,  102, 0, 204
L -1290.0000, 364.7000, -13.0000,  -1287.6000, 367.1000, -13.0000,  102, 0, 204
L -1283.7000, 334.3000, -13.0000,  -1269.3000, 348.7000, -13.0000,  102, 0, 204
L -1283.7000, 334.3000, -13.0000,  -1277.5000, 328.1000, -13.0000,  102, 0, 204
L -1281.8000, 361.3000, -13.0000,  -1296.3000, 346.8000, -13.0000,  102, 0, 204
L -1296.3000, 346.8000, -13.0000,  -1302.0000, 352.6000, -13.0000,  102, 0, 204
L -1299.5000, 355.1000, -13.0000,  -1302.0000, 352.6000, -13.0000,  102, 0, 204
L -1314.0000, 388.6000, -13.0000,  -1290.0000, 364.7000, -13.0000,  102, 0, 204
L -1275.1000, 330.6000, -13.0000,  -1277.5000, 328.1000, -13.0000,  102, 0, 204
L -1299.0000, 313.0000, -13.0000,  -1300.0000, 315.0000, -13.0000,  102, 0, 204
L -1300.0000, 315.0000, -13.0000,  -1302.0000, 316.0000, -13.0000,  102, 0, 204
L -1296.0000, 311.0000, -13.0000,  -1297.0000, 312.0000, -13.0000,  102, 0, 204
L -1297.0000, 312.0000, -13.0000,  -1299.0000, 313.0000, -13.0000,  102, 0, 204
L -1302.0000, 316.0000, -13.0000,  -1304.0000, 316.0000, -13.0000,  102, 0, 204
L -1283.0000, 315.0000, -13.0000,  -1285.0000, 315.0000, -13.0000,  102, 0, 204
L -1285.0000, 315.0000, -13.0000,  -1295.0000, 313.0000, -13.0000,  102, 0, 204
L -1295.0000, 313.0000, -13.0000,  -1296.0000, 311.0000, -13.0000,  102, 0, 204
L -1279.0000, 316.0000, -13.0000,  -1283.0000, 315.0000, -13.0000,  102, 0, 204
L -1275.0000, 318.0000, -13.0000,  -1279.0000, 316.0000, -13.0000,  102, 0, 204
L -1299.5000, 355.1000, -13.0000,  -1313.8000, 369.3000, -13.0000,  102, 0, 204
L -1316.0000, 324.0000, -13.0000,  -1315.0000, 326.0000, -13.0000,  102, 0, 204
L -1315.0000, 326.0000, -13.0000,  -1313.0000, 329.0000, -13.0000,  102, 0, 204
L -1316.0000, 339.0000, -13.0000,  -1317.0000, 341.0000, -13.0000,  102, 0, 204
L -1314.0000, 358.0000, -13.0000,  -1315.0000, 360.0000, -13.0000,  102, 0, 204
L -1313.0000, 329.0000, -13.0000,  -1316.0000, 339.0000, -13.0000,  102, 0, 204
L -1317.0000, 343.0000, -13.0000,  -1317.0000, 346.0000, -13.0000,  102, 0, 204
L -1316.0000, 349.0000, -13.0000,  -1315.0000, 351.0000, -13.0000,  102, 0, 204
L -1315.0000, 364.0000, -13.0000,  -1313.8000, 369.3000, -13.0000,  102, 0, 204
L -1317.0000, 346.0000, -13.0000,  -1316.0000, 349.0000, -13.0000,  102, 0, 204
L -1315.0000, 360.0000, -13.0000,  -1315.0000, 364.0000, -13.0000,  102, 0, 204
L -1317.0000, 341.0000, -13.0000,  -1317.0000, 343.0000, -13.0000,  102, 0, 204
L -1308.0000, 363.0000, -13.0000,  -1301.0000, 356.0000, -13.0000,  102, 0, 204
L -1315.0000, 351.0000, -13.0000,  -1314.0000, 355.0000, -13.0000,  102, 0, 204
L -1314.0000, 355.0000, -13.0000,  -1314.0000, 358.0000, -13.0000,  102, 0, 204
L -1305.0000, 317.0000, -13.0000,  -1307.0000, 316.0000, -13.0000,  102, 0, 204
L -1304.0000, 316.0000, -13.0000,  -1305.0000, 317.0000, -13.0000,  102, 0, 204
L -1258.9000, 314.4000, -13.0000,  -1275.0000, 318.0000, -13.0000,  102, 0, 204
L -1370.0000, 806.0000, -10.0000,  -1351.0000, 812.0000, 1.0000,  0, 0, 0
L -943.0000, 154.2000, 42.9000,  -937.9000, 148.1000, 42.7000,  255, 102, 255
L -946.1000, 141.2000, 45.7000,  -951.2000, 147.3000, 44.9000,  255, 102, 255
L -937.9000, 148.1000, 42.7000,  -946.1000, 141.2000, 45.7000,  255, 102, 255
L -951.2000, 147.3000, 44.9000,  -943.0000, 154.2000, 42.9000,  255, 102, 255
L -982.4000, 195.2000, 42.4000,  -974.2000, 202.1000, 40.4000,  255, 102, 255
L -969.1000, 196.0000, 40.2000,  -977.3000, 189.1000, 43.2000,  255, 102, 255
L -977.3000, 189.1000, 43.2000,  -982.4000, 195.2000, 42.4000,  255, 102, 255
L -974.2000, 202.1000, 40.4000,  -969.1000, 196.0000, 40.2000,  255, 102, 255
L -865.9000, 125.8000, 43.9000,  -857.1000, 115.8000, 44.4000,  255, 102, 255
L -858.7000, 132.1000, 42.5000,  -865.9000, 125.8000, 43.6000,  255, 102, 255
L -857.1000, 115.8000, 44.1000,  -849.9000, 122.2000, 42.8000,  255, 102, 255
L -849.9000, 122.2000, 42.7000,  -858.7000, 132.1000, 42.4000,  255, 102, 255
L -1047.5000, 196.6000, 83.6000,  -1038.7000, 186.6000, 84.1000,  255, 102, 255
L -1040.3000, 202.9000, 82.2000,  -1047.5000, 196.6000, 83.3000,  255, 102, 255
L -1038.7000, 186.6000, 83.8000,  -1031.5000, 193.0000, 82.5000,  255, 102, 255
L -1031.5000, 193.0000, 82.4000,  -1040.3000, 202.9000, 82.1000,  255, 102, 255
L -1052.7000, 168.1000, 88.3000,  -1045.5000, 174.5000, 87.0000,  255, 102, 255
L -1045.5000, 174.5000, 86.9000,  -1054.3000, 184.4000, 86.6000,  255, 102, 255
L -1054.3000, 184.4000, 86.7000,  -1061.5000, 178.1000, 87.8000,  255, 102, 255
L -1061.5000, 178.1000, 88.1000,  -1052.7000, 168.1000, 88.6000,  255, 102, 255
L -584.3000, -17.2000, 300.4000,  -583.4000, -21.0000, 301.2000,  178, 102, 255
L -583.4000, -21.0000, 301.2000,  -577.0000, -17.6000, 299.1000,  178, 102, 255
L -577.0000, -17.6000, 299.1000,  -563.5000, -24.2000, 294.9000,  178, 102, 255
L -563.5000, -24.2000, 294.9000,  -558.0000, -34.8000, 292.3000,  178, 102, 255
L -558.0000, -34.8000, 292.3000,  -553.8000, -50.4000, 289.5000,  178, 102, 255
L -553.8000, -50.4000, 289.5000,  -545.8000, -61.2000, 286.7000,  178, 102, 255
L -545.8000, -61.2000, 286.7000,  -544.3000, -76.7000, 283.9000,  178, 102, 255
L -544.3000, -76.7000, 283.9000,  -549.6000, -93.6000, 281.8000,  178, 102, 255
L -549.6000, -93.6000, 281.8000,  -579.5000, -108.9000, 281.8000,  178, 102, 255
L -579.5000, -108.9000, 281.8000,  -598.4000, -124.6000, 280.4000,  178, 102, 255
L -598.4000, -124.6000, 280.4000,  -608.0000, -134.5000, 280.2000,  178, 102, 255
L -608.0000, -134.5000, 280.2000,  -613.8000, -140.1000, 279.7000,  178, 102, 255
L -613.8000, -140.1000, 279.7000,  -626.7000, -159.5000, 278.9000,  178, 102, 255
L -626.7000, -159.5000, 278.9000,  -635.5000, -183.8000, 278.4000,  178, 102, 255
L -635.5000, -183.8000, 278.4000,  -641.8000, -203.8000, 277.4000,  178, 102, 255
L -641.8000, -203.8000, 277.4000,  -656.4000, -222.7000, 276.2000,  178, 102, 255
L -656.4000, -222.7000, 276.2000,  -676.1000, -237.4000, 275.3000,  178, 102, 255
L -676.1000, -237.4000, 275.3000,  -705.2000, -242.2000, 274.6000,  178, 102, 255
L -705.2000, -242.2000, 274.6000,  -728.6000, -250.9000, 273.6000,  178, 102, 255
L -728.6000, -250.9000, 273.6000,  -751.2000, -264.9000, 272.7000,  178, 102, 255
L -751.2000, -264.9000, 272.7000,  -766.7000, -287.6000, 272.0000,  178, 102, 255
L -766.7000, -287.6000, 272.0000,  -784.1000, -304.2000, 271.3000,  178, 102, 255
L -784.1000, -304.2000, 271.3000,  -802.9000, -311.8000, 270.0000,  178, 102, 255
L -802.9000, -311.8000, 270.0000,  -820.0000, -320.9000, 269.2000,  178, 102, 255
L -820.0000, -320.9000, 269.2000,  -835.3000, -322.5000, 271.8000,  178, 102, 255
L -835.3000, -322.5000, 271.8000,  -850.2000, -317.7000, 274.9000,  178, 102, 255
L -850.2000, -317.7000, 274.9000,  -869.0000, -299.1000, 280.6000,  178, 102, 255
L -484.3000, -254.4000, 162.3000,  -477.3000, -254.5000, 162.3000,  0, 0, 0
L -465.5000, -254.4000, 162.3000,  -458.9000, -254.4000, 162.3000,  0, 0, 0
L -458.2000, -252.9000, 162.3000,  -458.9000, -254.4000, 162.3000,  0, 0, 0
L -458.2000, -252.9000, 162.3000,  -457.4000, -249.9000, 158.8000,  0, 0, 0
L -457.4000, -249.9000, 158.8000,  -454.2000, -250.1000, 156.1000,  0, 0, 0
L -454.2000, -250.1000, 156.1000,  -461.4000, -230.7000, 162.8000,  0, 0, 0
L -461.4000, -230.7000, 162.8000,  -459.7000, -222.8000, 164.0000,  0, 0, 0
L -459.7000, -222.8000, 164.0000,  -460.7000, -218.7000, 164.4000,  0, 0, 0
L -460.7000, -218.7000, 164.4000,  -464.1000, -199.8000, 160.5000,  0, 0, 0
L -464.1000, -199.8000, 160.5000,  -465.7000, -175.4000, 154.2000,  0, 0, 0
L -465.7000, -175.4000, 154.2000,  -481.6000, -133.0000, 139.0000,  0, 0, 0
L -481.6000, -133.0000, 139.0000,  -496.7000, -99.4000, 133.4000,  0, 0, 0
L -496.7000, -99.4000, 133.4000,  -512.0000, -75.8000, 129.9000,  0, 0, 0
L -512.0000, -75.8000, 129.9000,  -524.6000, -64.6000, 129.9000,  0, 0, 0
L -524.6000, -64.6000, 129.9000,  -542.1000, -69.7000, 122.0000,  0, 0, 0
L -542.1000, -69.7000, 122.0000,  -530.3000, -56.4000, 114.2000,  0, 0, 0
L -530.3000, -56.4000, 114.2000,  -515.9000, -50.6000, 102.2000,  0, 0, 0
L -515.9000, -50.6000, 102.2000,  -499.1000, -46.7000, 96.8000,  0, 0, 0
L -499.1000, -46.7000, 96.8000,  -487.9000, -45.8000, 92.2000,  0, 0, 0
L -487.9000, -45.8000, 92.2000,  -486.4000, -43.5000, 92.1000,  0, 0, 0
L -486.4000, -43.5000, 92.1000,  -488.0000, -37.3000, 92.7000,  0, 0, 0
L -488.0000, -37.3000, 92.7000,  -475.9000, 18.3000, 89.5000,  0, 0, 0
L -502.7000, 24.0000, 83.7000,  -510.7000, 25.0000, 72.8000,  0, 0, 0
L -510.7000, 25.0000, 72.8000,  -504.0000, 3.8000, 82.6000,  0, 0, 0
L -504.0000, 3.8000, 82.6000,  -508.9000, -4.5000, 90.7000,  0, 0, 0
L -508.9000, -4.5000, 90.7000,  -511.2000, -4.6000, 90.1000,  0, 0, 0
L -511.2000, -4.6000, 90.1000,  -510.2000, -7.7000, 91.8000,  0, 0, 0
L -510.2000, -7.7000, 91.8000,  -563.0000, -35.9000, 118.6000,  0, 0, 0
L -563.0000, -35.9000, 118.6000,  -578.6000, -52.8000, 126.9000,  0, 0, 0
L -578.6000, -52.8000, 126.9000,  -587.6000, -60.4000, 131.4000,  0, 0, 0
L -484.5000, -254.4000, 162.3000,  -485.2000, -252.9000, 162.3000,  0, 0, 0
L -485.2000, -252.9000, 162.3000,  -485.2000, -250.2000, 160.9000,  0, 0, 0
L -485.2000, -250.2000, 160.9000,  -485.5000, -237.3000, 162.1000,  0, 0, 0
L -485.5000, -237.3000, 162.1000,  -487.0000, -232.5000, 163.0000,  0, 0, 0
L -487.0000, -232.5000, 163.0000,  -485.9000, -228.7000, 163.2000,  0, 0, 0
L -485.9000, -228.7000, 163.2000,  -491.7000, -188.7000, 156.3000,  0, 0, 0
L -491.7000, -188.7000, 156.3000,  -505.8000, -155.2000, 142.3000,  0, 0, 0
L -505.8000, -155.2000, 142.3000,  -524.0000, -120.8000, 133.8000,  0, 0, 0
L -524.0000, -120.8000, 133.8000,  -540.6000, -102.2000, 130.3000,  0, 0, 0
L -540.6000, -102.2000, 130.3000,  -554.8000, -96.0000, 131.0000,  0, 0, 0
L -554.8000, -96.0000, 131.2000,  -586.4000, -116.3000, 140.0000,  0, 0, 0
L -586.4000, -116.3000, 140.0000,  -585.5000, -144.5000, 142.8000,  0, 0, 0
L -585.5000, -144.5000, 142.8000,  -590.4000, -174.3000, 146.5000,  0, 0, 0
L -590.4000, -174.3000, 146.5000,  -623.0000, -179.0000, 149.2000,  0, 0, 0
L -623.0000, -179.0000, 149.2000,  -644.5000, -188.6000, 150.6000,  0, 0, 0
L -644.5000, -188.6000, 150.6000,  -691.8000, -188.5000, 163.0000,  0, 0, 0
L -691.8000, -188.5000, 163.0000,  -713.2000, -196.6000, 175.7000,  0, 0, 0
L -713.2000, -196.6000, 175.7000,  -730.1000, -217.7000, 186.0000,  0, 0, 0
L -730.1000, -217.7000, 186.0000,  -741.6000, -246.4000, 192.5000,  0, 0, 0
L -741.6000, -246.4000, 192.5000,  -767.6000, -255.8000, 204.9000,  0, 0, 0
L -767.6000, -255.8000, 204.9000,  -784.1000, -275.5000, 206.7000,  0, 0, 0
L -784.1000, -275.5000, 206.7000,  -801.8000, -289.8000, 203.5000,  0, 0, 0
L -801.8000, -289.8000, 203.5000,  -819.7000, -300.2000, 205.7000,  0, 0, 0
L -819.7000, -300.2000, 205.7000,  -844.5000, -314.8000, 210.8000,  0, 0, 0
L -844.5000, -314.8000, 210.8000,  -860.8000, -336.9000, 219.8000,  0, 0, 0
L -860.8000, -336.9000, 219.8000,  -883.2000, -349.0000, 240.1000,  0, 0, 0
L -883.2000, -349.0000, 240.1000,  -904.3000, -356.2000, 245.7000,  0, 0, 0
L -904.3000, -356.2000, 245.7000,  -935.6000, -358.4000, 243.1000,  0, 0, 0
L -935.6000, -358.4000, 243.1000,  -952.2000, -370.6000, 238.0000,  0, 0, 0
L -952.2000, -370.6000, 238.0000,  -975.0000, -374.6000, 239.8000,  0, 0, 0
L -975.0000, -374.6000, 239.8000,  -991.3000, -381.4000, 243.1000,  0, 0, 0
L -991.3000, -381.4000, 243.1000,  -995.9000, -394.8000, 248.8000,  0, 0, 0
L -995.9000, -394.8000, 248.8000,  -994.3000, -413.2000, 257.7000,  0, 0, 0
L -994.3000, -413.2000, 257.7000,  -987.7000, -435.0000, 263.4000,  0, 0, 0
L -987.7000, -435.0000, 263.4000,  -988.3000, -456.3000, 279.2000,  0, 0, 0
L -988.3000, -456.3000, 279.2000,  -1004.2000, -486.2000, 295.6000,  0, 0, 0
L -1004.2000, -486.2000, 295.6000,  -1007.3000, -491.3000, 298.4000,  0, 0, 0
L -1007.3000, -491.3000, 298.4000,  -1011.3000, -498.7000, 302.4000,  0, 0, 0
L -1011.3000, -498.7000, 302.4000,  -1010.9000, -515.0000, 309.0000,  0, 0, 0
L -1010.9000, -515.0000, 309.0000,  -1007.7000, -526.9000, 313.1000,  0, 0, 0
L -1007.7000, -526.9000, 313.1000,  -1011.8000, -541.1000, 312.3000,  0, 0, 0
L -1011.8000, -541.1000, 312.3000,  -1016.9000, -570.8000, 309.8000,  0, 0, 0
L -1016.9000, -570.8000, 309.8000,  -1027.8000, -609.5000, 312.0000,  0, 0, 0
L -1027.8000, -609.5000, 312.0000,  -1029.8000, -647.6000, 320.1000,  0, 0, 0
L -1029.8000, -647.6000, 320.1000,  -1018.1000, -681.8000, 331.2000,  0, 0, 0
L -1018.1000, -681.8000, 331.2000,  -1007.5000, -723.7000, 333.2000,  0, 0, 0
L -1007.5000, -723.7000, 333.2000,  -1009.6000, -762.9000, 328.0000,  0, 0, 0
L -1009.6000, -762.9000, 328.0000,  -1006.3000, -765.7000, 328.9000,  0, 0, 0
L -1006.3000, -765.7000, 328.9000,  -1012.1000, -771.3000, 326.8000,  0, 0, 0
L -1012.1000, -771.3000, 326.8000,  -1013.0000, -780.1000, 327.2000,  0, 0, 0
L -1013.0000, -780.1000, 327.2000,  -1013.3000, -783.7000, 325.5000,  0, 0, 0
L -1038.5000, -788.0000, 325.5000,  -1039.8000, -784.2000, 325.4000,  0, 0, 0
L -1039.8000, -784.2000, 325.4000,  -1040.6000, -779.3000, 324.9000,  0, 0, 0
L -1040.6000, -779.3000, 324.9000,  -1047.3000, -776.1000, 325.5000,  0, 0, 0
L -1047.3000, -776.1000, 325.5000,  -1045.3000, -771.0000, 324.3000,  0, 0, 0
L -1045.3000, -771.0000, 324.3000,  -1052.4000, -696.5000, 332.9000,  0, 0, 0
L -1052.4000, -696.5000, 332.9000,  -1065.7000, -661.8000, 322.7000,  0, 0, 0
L -1065.7000, -661.8000, 322.7000,  -1076.0000, -622.5000, 312.6000,  0, 0, 0
L -1076.0000, -622.5000, 312.6000,  -1074.5000, -553.8000, 310.6000,  0, 0, 0
L -1074.5000, -553.8000, 310.6000,  -1075.8000, -519.3000, 309.4000,  0, 0, 0
L -1075.8000, -519.3000, 309.4000,  -1074.6000, -501.0000, 302.6000,  0, 0, 0
L -1074.6000, -501.0000, 302.6000,  -1061.0000, -475.2000, 290.2000,  0, 0, 0
L -1061.0000, -475.2000, 290.2000,  -1063.8000, -459.4000, 289.0000,  0, 0, 0
L -1063.8000, -459.4000, 289.0000,  -1068.0000, -457.8000, 289.8000,  0, 0, 0
L -1068.0000, -457.8000, 289.8000,  -1068.2000, -453.4000, 290.0000,  0, 0, 0
L -1068.2000, -453.4000, 290.0000,  -1080.5000, -440.5000, 290.8000,  0, 0, 0
L -1080.5000, -440.5000, 290.8000,  -1094.8000, -442.3000, 296.3000,  0, 0, 0
L -1094.8000, -442.3000, 296.3000,  -1083.9000, -431.1000, 296.1000,  0, 0, 0
L -1083.9000, -431.1000, 296.1000,  -1097.1000, -421.1000, 297.7000,  0, 0, 0
L -1074.3000, -406.0000, 297.6000,  -1063.4000, -413.1000, 296.3000,  0, 0, 0
L -1063.4000, -413.1000, 296.3000,  -1046.7000, -411.8000, 294.5000,  0, 0, 0
L -1046.7000, -411.8000, 294.5000,  -1044.8000, -413.1000, 292.5000,  0, 0, 0
L -1044.8000, -413.1000, 292.5000,  -1057.8000, -416.9000, 290.3000,  0, 0, 0
L -1057.8000, -416.9000, 290.3000,  -1058.4000, -419.7000, 292.4000,  0, 0, 0
L -1058.4000, -419.7000, 292.4000,  -1050.3000, -428.6000, 286.2000,  0, 0, 0
L -1050.3000, -428.6000, 286.2000,  -1048.1000, -437.2000, 290.2000,  0, 0, 0
L -1048.1000, -437.2000, 290.2000,  -1045.4000, -437.7000, 289.8000,  0, 0, 0
L -1045.4000, -437.7000, 289.8000,  -1044.7000, -441.4000, 289.1000,  0, 0, 0
L -1044.7000, -441.4000, 289.1000,  -1035.8000, -445.4000, 291.0000,  0, 0, 0
L -1035.8000, -445.4000, 291.0000,  -1032.3000, -435.9000, 280.7000,  0, 0, 0
L -1032.3000, -435.9000, 280.7000,  -1033.0000, -418.8000, 265.3000,  0, 0, 0
L -1033.0000, -418.8000, 265.3000,  -1026.1000, -394.4000, 256.8000,  0, 0, 0
L -1026.1000, -394.4000, 256.8000,  -1015.9000, -370.5000, 246.0000,  0, 0, 0
L -1015.9000, -370.5000, 246.0000,  -1009.2000, -337.3000, 240.1000,  0, 0, 0
L -1009.2000, -337.3000, 240.1000,  -989.6000, -320.2000, 236.6000,  0, 0, 0
L -989.6000, -320.2000, 236.6000,  -966.3000, -315.5000, 233.1000,  0, 0, 0
L -966.3000, -315.5000, 233.1000,  -948.0000, -314.6000, 237.4000,  0, 0, 0
L -948.0000, -314.6000, 237.4000,  -916.2000, -316.5000, 242.7000,  0, 0, 0
L -916.2000, -316.5000, 242.7000,  -893.5000, -313.4000, 238.6000,  0, 0, 0
L -893.5000, -313.4000, 238.6000,  -870.6000, -303.0000, 218.5000,  0, 0, 0
L -870.6000, -303.0000, 218.5000,  -854.3000, -282.2000, 210.6000,  0, 0, 0
L -854.3000, -282.2000, 210.6000,  -859.5000, -274.0000, 210.2000,  0, 0, 0
L -859.5000, -274.0000, 210.2000,  -863.7000, -271.4000, 210.8000,  0, 0, 0
L -863.7000, -271.4000, 210.8000,  -863.0000, -266.9000, 211.3000,  0, 0, 0
L -863.0000, -266.9000, 211.3000,  -868.3000, -261.9000, 210.7000,  0, 0, 0
L -868.3000, -261.9000, 210.7000,  -878.1000, -256.1000, 205.9000,  0, 0, 0
L -878.1000, -256.1000, 205.9000,  -875.4000, -251.2000, 214.8000,  0, 0, 0
L -875.4000, -251.2000, 214.8000,  -883.2000, -242.6000, 216.4000,  0, 0, 0
L -860.5000, -228.0000, 215.6000,  -854.6000, -233.5000, 214.8000,  0, 0, 0
L -854.6000, -233.6000, 214.8000,  -849.3000, -226.5000, 204.7000,  0, 0, 0
L -849.3000, -226.5000, 204.7000,  -851.9000, -240.9000, 213.1000,  0, 0, 0
L -851.9000, -240.9000, 213.1000,  -848.2000, -247.5000, 211.5000,  0, 0, 0
L -848.2000, -247.5000, 211.5000,  -844.4000, -252.9000, 211.6000,  0, 0, 0
L -844.4000, -252.9000, 211.6000,  -841.3000, -253.4000, 211.3000,  0, 0, 0
L -841.3000, -253.4000, 211.3000,  -840.3000, -259.1000, 210.7000,  0, 0, 0
L -840.3000, -259.1000, 210.7000,  -831.3000, -256.6000, 208.3000,  0, 0, 0
L -831.3000, -256.6000, 208.3000,  -827.6000, -244.0000, 210.0000,  0, 0, 0
L -827.6000, -244.0000, 210.0000,  -811.1000, -216.3000, 208.7000,  0, 0, 0
L -811.1000, -216.3000, 208.7000,  -791.3000, -210.8000, 204.0000,  0, 0, 0
L -791.3000, -210.8000, 204.0000,  -764.9000, -201.0000, 193.6000,  0, 0, 0
L -764.9000, -201.0000, 193.6000,  -751.4000, -177.3000, 189.4000,  0, 0, 0
L -751.4000, -177.3000, 189.4000,  -734.4000, -163.0000, 181.2000,  0, 0, 0
L -734.4000, -163.0000, 181.2000,  -712.6000, -153.2000, 167.0000,  0, 0, 0
L -712.6000, -153.2000, 167.0000,  -662.7000, -149.5000, 150.1000,  0, 0, 0
L -662.7000, -149.5000, 150.1000,  -640.2000, -138.7000, 148.0000,  0, 0, 0
L -640.2000, -138.7000, 148.0000,  -618.6000, -138.6000, 143.7000,  0, 0, 0
L -618.6000, -138.6000, 143.7000,  -627.5000, -111.5000, 141.9000,  0, 0, 0
L -627.5000, -111.5000, 141.9000,  -635.7000, -106.6000, 147.9000,  0, 0, 0
L -635.7000, -106.6000, 147.9000,  -638.8000, -106.4000, 148.1000,  0, 0, 0
L -638.8000, -106.4000, 148.1000,  -640.1000, -101.1000, 149.1000,  0, 0, 0
L -640.1000, -101.1000, 149.1000,  -645.6000, -95.8000, 148.9000,  0, 0, 0
L -645.6000, -95.8000, 148.9000,  -661.4000, -92.7000, 142.3000,  0, 0, 0
L -661.4000, -92.7000, 142.3000,  -660.7000, -83.9000, 152.2000,  0, 0, 0
L -660.7000, -83.9000, 152.2000,  -675.7000, -64.4000, 152.9000,  0, 0, 0
L -655.5000, -47.6000, 152.9000,  -639.1000, -66.0000, 151.9000,  0, 0, 0
L -639.1000, -66.0000, 151.9000,  -628.0000, -69.0000, 146.4000,  0, 0, 0
L -628.0000, -69.0000, 146.4000,  -623.2000, -72.8000, 141.1000,  0, 0, 0
L -623.1000, -72.8000, 141.0000,  -627.1000, -76.2000, 149.9000,  0, 0, 0
L -627.1000, -76.2000, 149.9000,  -623.6000, -80.7000, 150.8000,  0, 0, 0
L -623.6000, -80.7000, 150.8000,  -619.6000, -81.1000, 149.9000,  0, 0, 0
L -619.6000, -81.1000, 149.9000,  -619.0000, -83.9000, 149.7000,  0, 0, 0
L -619.0000, -83.9000, 149.7000,  -613.4000, -82.1000, 142.7000,  0, 0, 0
L -613.4000, -82.1000, 142.7000,  -587.6000, -60.4000, 131.4000,  0, 0, 0
L -475.9000, 18.3000, 89.5000,  -473.3000, 16.5000, 89.8000,  0, 0, 0
L -473.3000, 16.5000, 89.8000,  -460.5000, 13.2000, 88.9000,  0, 0, 0
L -460.5000, 13.2000, 88.9000,  -451.4000, 12.8000, 88.4000,  0, 0, 0
L -451.4000, 12.8000, 88.4000,  -430.5000, 16.2000, 83.3000,  0, 0, 0
L -430.5000, 16.2000, 83.3000,  -420.5000, 20.2000, 80.4000,  0, 0, 0
L -392.7000, 49.9000, 212.8000,  -387.4000, 59.5000, 205.5000,  102, 255, 102
L -387.4000, 59.5000, 205.5000,  -382.5000, 75.2000, 199.7000,  102, 255, 102
L -382.5000, 75.2000, 199.7000,  -381.9000, 89.4000, 195.8000,  102, 255, 102
L -381.9000, 89.4000, 195.8000,  -384.3000, 102.7000, 190.9000,  102, 255, 102
L -384.3000, 102.7000, 190.9000,  -388.0000, 103.0000, 190.4000,  102, 255, 102
L -388.0000, 103.0000, 190.4000,  -390.5000, 105.4000, 189.5000,  102, 255, 102
L -390.5000, 105.4000, 189.5000,  -390.9000, 110.3000, 188.1000,  102, 255, 102
L -390.9000, 110.3000, 188.1000,  -388.5000, 113.0000, 187.5000,  102, 255, 102
L -388.5000, 113.0000, 187.5000,  -389.8000, 116.0000, 186.4000,  102, 255, 102
L -389.8000, 116.0000, 186.4000,  -396.7000, 127.8000, 181.3000,  102, 255, 102
L -396.7000, 127.8000, 181.3000,  -406.1000, 138.2000, 176.0000,  102, 255, 102
L -406.1000, 138.2000, 176.0000,  -417.1000, 146.1000, 171.2000,  102, 255, 102
L -417.1000, 146.1000, 171.2000,  -429.8000, 151.8000, 166.3000,  102, 255, 102
L -429.8000, 151.8000, 166.3000,  -442.9000, 155.2000, 165.4000,  102, 255, 102
L -442.9000, 155.2000, 165.4000,  -456.6000, 155.8000, 164.3000,  102, 255, 102
L -456.6000, 155.8000, 164.3000,  -469.8000, 153.4000, 160.6000,  102, 255, 102
L -469.8000, 153.4000, 160.6000,  -482.5000, 148.4000, 157.0000,  102, 255, 102
L -482.5000, 148.4000, 157.0000,  -494.1000, 141.5000, 156.9000,  102, 255, 102
L -461.9000, 121.1000, 156.2000,  -467.8000, 123.0000, 156.9000,  0, 204, 0
L -454.1000, 129.5000, 163.6000,  -440.5000, 127.2000, 167.6000,  150, 150, 150
L -440.5000, 127.2000, 167.6000,  -425.2000, 120.7000, 175.7000,  150, 150, 150
L -425.2000, 120.7000, 175.7000,  -414.1000, 107.9000, 183.2000,  150, 150, 150
L -414.1000, 107.9000, 183.2000,  -409.3000, 90.9000, 193.0000,  150, 150, 150
L -409.3000, 90.9000, 193.0000,  -412.8000, 81.4000, 196.6000,  150, 150, 150
L -412.8000, 81.4000, 196.6000,  -418.4000, 71.8000, 203.0000,  150, 150, 150
L -418.4000, 71.8000, 203.0000,  -416.2000, 57.3000, 214.4000,  150, 150, 150
L -416.2000, 57.3000, 214.4000,  -424.6000, 48.1000, 226.4000,  150, 150, 150
L -901.2000, -215.2000, 214.8000,  -913.9000, -219.9000, 219.3000,  0, 0, 0
L -913.9000, -219.9000, 219.3000,  -926.7000, -218.3000, 215.6000,  0, 0, 0
L -926.7000, -218.3000, 215.6000,  -944.5000, -210.5000, 215.6000,  0, 0, 0
L -944.5000, -210.5000, 215.6000,  -953.4000, -199.7000, 215.6000,  0, 0, 0
L -953.4000, -199.7000, 215.6000,  -955.8000, -192.6000, 215.6000,  0, 0, 0
L -955.8000, -192.6000, 215.6000,  -958.0000, -179.4000, 215.6000,  0, 0, 0
L -958.0000, -179.4000, 215.6000,  -954.1000, -163.4000, 215.6000,  0, 0, 0
L -954.1000, -163.4000, 215.6000,  -947.2000, -151.9000, 215.6000,  0, 0, 0
L -947.2000, -151.9000, 215.6000,  -935.0000, -134.1000, 215.6000,  0, 0, 0
L -935.0000, -134.1000, 215.6000,  -930.3000, -134.3000, 215.6000,  0, 0, 0
L -930.3000, -134.3000, 215.6000,  -926.8000, -122.1000, 215.6000,  0, 0, 0
L -926.8000, -122.1000, 215.6000,  -920.9000, -118.1000, 215.6000,  0, 0, 0
L -920.9000, -118.1000, 215.6000,  -888.9000, -120.4000, 216.0000,  0, 0, 0
L -888.9000, -120.4000, 216.0000,  -876.3000, -127.0000, 215.6000,  0, 0, 0
L -876.3000, -127.0000, 215.6000,  -864.2000, -135.4000, 216.3000,  0, 0, 0
L -864.2000, -135.4000, 216.3000,  -856.8000, -140.0000, 215.6000,  0, 0, 0
L -856.8000, -140.0000, 215.6000,  -845.6000, -163.9000, 215.6000,  0, 0, 0
L -845.6000, -163.9000, 215.6000,  -843.7000, -177.5000, 215.7000,  0, 0, 0
L -843.7000, -177.5000, 215.7000,  -844.4000, -190.6000, 216.1000,  0, 0, 0
L -844.4000, -190.6000, 216.1000,  -847.6000, -203.5000, 216.0000,  0, 0, 0
L -847.6000, -203.5000, 216.0000,  -853.5000, -215.8000, 215.9000,  0, 0, 0
L -853.5000, -215.8000, 215.9000,  -858.1000, -223.9000, 219.3000,  0, 0, 0
L -858.1000, -223.9000, 219.3000,  -860.5000, -228.0000, 215.6000,  0, 0, 0
L -1143.5000, -133.3000, 246.8000,  -1145.8000, -135.0000, 246.9000,  178, 102, 255
L -1145.8000, -135.0000, 246.9000,  -1146.6000, -138.7000, 251.5000,  178, 102, 255
L -1146.6000, -138.7000, 251.5000,  -1159.4000, -133.4000, 252.8000,  178, 102, 255
L -1159.4000, -133.4000, 252.8000,  -1179.0000, -128.0000, 252.0000,  178, 102, 255
L -1129.4000, -121.9000, 246.8000,  -1124.0000, -116.9000, 249.9000,  178, 102, 255
L -1124.7000, -127.0000, 245.8000,  -1122.3000, -124.9000, 246.4000,  178, 102, 255
L -1122.3000, -124.9000, 246.4000,  -1122.3000, -123.2000, 248.0000,  178, 102, 255
L -1122.3000, -123.2000, 248.0000,  -1112.7000, -133.9000, 250.3000,  178, 102, 255
L -1112.7000, -133.9000, 250.4000,  -1108.0000, -135.8000, 259.0000,  178, 102, 255
L -1108.0000, -135.8000, 259.0000,  -1096.9000, -138.8000, 264.3000,  178, 102, 255
L -1096.9000, -138.8000, 264.3000,  -1084.5000, -135.6000, 268.8000,  178, 102, 255
L -1084.5000, -135.6000, 268.8000,  -1077.3000, -130.0000, 276.8000,  178, 102, 255
L -1077.3000, -130.0000, 276.8000,  -1074.4000, -120.8000, 281.9000,  178, 102, 255
L -1074.4000, -120.8000, 281.9000,  -1074.1000, -107.6000, 284.8000,  178, 102, 255
L -1074.1000, -107.6000, 284.8000,  -1065.0000, -90.5000, 289.3000,  178, 102, 255
L -1065.0000, -90.5000, 289.3000,  -1049.7000, -77.6000, 285.3000,  178, 102, 255
L -1049.7000, -77.6000, 285.3000,  -1038.0000, -68.5000, 288.4000,  178, 102, 255
L -1038.0000, -68.5000, 288.4000,  -1030.9000, -65.3000, 292.8000,  178, 102, 255
L -1030.9000, -65.3000, 292.8000,  -1000.0000, -67.0000, 298.1000,  178, 102, 255
L -1000.0000, -67.0000, 298.1000,  -983.5000, -75.1000, 307.9000,  178, 102, 255
L -983.5000, -75.1000, 307.9000,  -973.4000, -85.0000, 311.5000,  178, 102, 255
L -973.4000, -85.0000, 311.5000,  -960.5000, -99.3000, 305.2000,  178, 102, 255
L -960.5000, -99.3000, 305.2000,  -951.2000, -111.9000, 298.5000,  178, 102, 255
L -951.2000, -111.9000, 298.5000,  -948.7000, -115.8000, 291.9000,  178, 102, 255
L -934.5000, -141.0000, 292.1000,  -913.5000, -137.6000, 292.1000,  178, 102, 255
L -913.5000, -137.6000, 292.1000,  -901.2000, -138.5000, 292.1000,  178, 102, 255
L -901.2000, -138.5000, 292.1000,  -885.7000, -144.3000, 292.1000,  178, 102, 255
L -885.7000, -144.3000, 292.1000,  -873.9000, -158.7000, 292.0000,  178, 102, 255
L -873.9000, -158.7000, 292.0000,  -873.1000, -165.5000, 292.1000,  178, 102, 255
L -873.1000, -165.5000, 292.1000,  -871.0000, -169.3000, 292.1000,  178, 102, 255
L -871.0000, -169.3000, 292.1000,  -869.9000, -174.5000, 292.1000,  178, 102, 255
L -869.9000, -174.5000, 292.1000,  -872.8000, -191.6000, 292.1000,  178, 102, 255
L -872.8000, -191.6000, 292.1000,  -882.4000, -207.4000, 292.1000,  178, 102, 255
L -882.4000, -207.4000, 292.1000,  -894.1000, -224.6000, 292.1000,  178, 102, 255
L -894.1000, -224.6000, 292.1000,  -896.2000, -229.4000, 292.1000,  178, 102, 255
L -896.2000, -229.4000, 292.1000,  -895.4000, -232.4000, 292.1000,  178, 102, 255
L -895.4000, -232.4000, 292.1000,  -890.1000, -240.7000, 292.1000,  178, 102, 255
L -890.1000, -240.7000, 292.1000,  -883.7000, -247.5000, 292.0000,  178, 102, 255
L -916.6000, -240.5000, 292.1000,  -926.0000, -238.8000, 292.1000,  178, 102, 255
L -926.0000, -238.8000, 292.1000,  -939.3000, -235.3000, 292.0000,  178, 102, 255
L -939.3000, -235.3000, 292.0000,  -952.3000, -229.9000, 292.1000,  178, 102, 255
L -952.3000, -229.9000, 292.1000,  -957.8000, -225.1000, 292.1000,  178, 102, 255
L -957.8000, -225.1000, 292.1000,  -967.3000, -206.4000, 292.3000,  178, 102, 255
L -967.3000, -206.4000, 292.3000,  -973.7000, -193.4000, 292.1000,  178, 102, 255
L -973.7000, -193.4000, 292.1000,  -982.6000, -192.4000, 292.1000,  178, 102, 255
L -982.6000, -192.4000, 292.1000,  -984.4000, -178.4000, 292.3000,  178, 102, 255
L -984.4000, -178.4000, 292.3000,  -983.7000, -166.6000, 292.5000,  178, 102, 255
L -983.7000, -166.6000, 292.5000,  -980.6000, -153.7000, 292.5000,  178, 102, 255
L -980.6000, -153.7000, 292.5000,  -974.0000, -139.8000, 292.3000,  178, 102, 255
L -974.0000, -139.8000, 292.3000,  -970.9000, -133.1000, 292.2000,  178, 102, 255
L -970.8000, -133.5000, 292.4000,  -978.2000, -121.2000, 293.1000,  178, 102, 255
L -978.2000, -121.2000, 293.1000,  -983.0000, -116.5000, 296.1000,  178, 102, 255
L -983.0000, -116.5000, 296.1000,  -988.0000, -109.5000, 297.7000,  178, 102, 255
L -988.0000, -109.5000, 297.7000,  -994.4000, -105.0000, 299.5000,  178, 102, 255
L -994.4000, -105.0000, 299.5000,  -998.8000, -98.6000, 301.9000,  178, 102, 255
L -998.8000, -98.6000, 301.9000,  -1009.2000, -95.3000, 299.9000,  178, 102, 255
L -1009.2000, -95.3000, 299.9000,  -1014.6000, -92.5000, 294.7000,  178, 102, 255
L -1014.6000, -92.5000, 294.7000,  -1024.3000, -92.7000, 285.7000,  178, 102, 255
L -1024.3000, -92.7000, 285.7000,  -1030.8000, -97.3000, 280.2000,  178, 102, 255
L -1030.8000, -97.3000, 280.2000,  -1039.4000, -105.2000, 281.9000,  178, 102, 255
L -1039.4000, -105.2000, 281.9000,  -1044.5000, -111.1000, 281.7000,  178, 102, 255
L -1044.5000, -111.1000, 281.7000,  -1049.7000, -118.1000, 281.7000,  178, 102, 255
L -1049.7000, -118.1000, 281.7000,  -1049.5000, -123.1000, 281.0000,  178, 102, 255
L -1049.5000, -123.1000, 281.0000,  -1050.8000, -131.8000, 277.8000,  178, 102, 255
L -1050.8000, -131.8000, 277.8000,  -1055.5000, -144.0000, 276.7000,  178, 102, 255
L -1055.5000, -144.0000, 276.7000,  -1056.8000, -149.3000, 276.3000,  178, 102, 255
L -1056.8000, -149.3000, 276.3000,  -1065.6000, -157.5000, 274.0000,  178, 102, 255
L -1065.6000, -157.5000, 274.0000,  -1076.6000, -162.9000, 270.2000,  178, 102, 255
L -1076.6000, -162.9000, 270.2000,  -1084.4000, -166.1000, 267.8000,  178, 102, 255
L -1084.4000, -166.1000, 267.8000,  -1095.9000, -166.4000, 261.5000,  178, 102, 255
L -1095.9000, -166.4000, 261.5000,  -1106.2000, -163.4000, 253.9000,  178, 102, 255
L -1106.2000, -163.4000, 253.9000,  -1117.7000, -163.3000, 254.2000,  178, 102, 255
L -1117.7000, -163.3000, 254.2000,  -1129.3000, -155.6000, 249.5000,  178, 102, 255
L -1129.3000, -155.6000, 249.5000,  -1134.8000, -153.0000, 250.3000,  178, 102, 255
L -1134.8000, -153.0000, 250.3000,  -1142.9000, -142.2000, 251.4000,  178, 102, 255
L -1104.3000, -396.4000, 297.6000,  -1128.4000, -396.9000, 299.4000,  0, 0, 0
L -1128.4000, -396.9000, 299.4000,  -1143.1000, -396.0000, 297.7000,  0, 0, 0
L -1143.1000, -396.0000, 297.7000,  -1156.5000, -390.3000, 297.7000,  0, 0, 0
L -1156.5000, -390.3000, 297.7000,  -1163.8000, -378.1000, 297.7000,  0, 0, 0
L -1163.8000, -378.1000, 297.7000,  -1170.1000, -370.3000, 297.7000,  0, 0, 0
L -1170.1000, -370.3000, 297.7000,  -1172.4000, -360.6000, 297.7000,  0, 0, 0
L -1172.4000, -360.6000, 297.7000,  -1169.5000, -343.1000, 297.7000,  0, 0, 0
L -1169.5000, -343.1000, 297.7000,  -1158.6000, -325.5000, 297.7000,  0, 0, 0
L -1158.6000, -325.5000, 297.7000,  -1149.3000, -312.1000, 297.7000,  0, 0, 0
L -1149.3000, -312.1000, 297.7000,  -1144.4000, -311.1000, 297.7000,  0, 0, 0
L -1144.4000, -311.1000, 297.7000,  -1142.4000, -304.2000, 297.7000,  0, 0, 0
L -1142.4000, -304.2000, 297.7000,  -1138.1000, -296.5000, 297.7000,  0, 0, 0
L -1138.1000, -296.5000, 297.7000,  -1128.8000, -295.0000, 297.7000,  0, 0, 0
L -1128.8000, -295.0000, 297.7000,  -1115.3000, -295.5000, 297.7000,  0, 0, 0
L -1115.3000, -295.5000, 297.7000,  -1102.5000, -295.8000, 301.9000,  0, 0, 0
L -1102.5000, -295.8000, 301.9000,  -1089.1000, -300.8000, 304.2000,  0, 0, 0
L -1089.1000, -300.8000, 304.2000,  -1070.8000, -318.3000, 297.7000,  0, 0, 0
L -1070.8000, -318.3000, 297.7000,  -1060.0000, -341.6000, 297.7000,  0, 0, 0
L -1060.0000, -341.6000, 297.7000,  -1057.9000, -355.4000, 297.8000,  0, 0, 0
L -1057.9000, -355.4000, 297.8000,  -1058.7000, -369.2000, 298.1000,  0, 0, 0
L -1058.7000, -369.2000, 298.1000,  -1062.1000, -382.1000, 298.2000,  0, 0, 0
L -1062.1000, -382.1000, 298.2000,  -1068.0000, -393.8000, 298.0000,  0, 0, 0
L -1068.0000, -393.8000, 298.0000,  -1072.3000, -396.1000, 296.7000,  0, 0, 0
L -1072.3000, -396.1000, 296.7000,  -1074.3000, -406.0000, 297.6000,  0, 0, 0
L -1097.1000, -421.1000, 297.7000,  -1110.2000, -425.6000, 301.4000,  0, 0, 0
L -1110.2000, -425.6000, 301.4000,  -1128.1000, -427.8000, 305.6000,  0, 0, 0
L -1128.1000, -427.8000, 305.6000,  -1137.7000, -427.2000, 306.2000,  0, 0, 0
L -1137.7000, -427.2000, 306.2000,  -1150.1000, -424.1000, 307.1000,  0, 0, 0
L -1150.1000, -424.1000, 307.1000,  -1154.6000, -420.3000, 306.6000,  0, 0, 0
L -1154.6000, -420.3000, 306.6000,  -1175.5000, -406.7000, 308.7000,  0, 0, 0
L -1175.5000, -406.7000, 308.7000,  -1183.1000, -400.2000, 320.6000,  0, 0, 0
L -1183.1000, -400.2000, 320.6000,  -1190.1000, -388.3000, 327.1000,  0, 0, 0
L -1190.1000, -388.3000, 327.1000,  -1195.7000, -375.1000, 331.9000,  0, 0, 0
L -1195.7000, -375.1000, 331.9000,  -1198.1000, -361.6000, 336.6000,  0, 0, 0
L -1198.1000, -361.6000, 336.6000,  -1197.6000, -347.4000, 340.5000,  0, 0, 0
L -1197.6000, -347.4000, 340.5000,  -1193.8000, -333.7000, 344.7000,  0, 0, 0
L -1193.8000, -333.7000, 344.7000,  -1187.3000, -322.0000, 353.5000,  0, 0, 0
L -1187.3000, -322.0000, 353.5000,  -1178.3000, -312.4000, 362.2000,  0, 0, 0
L -1178.3000, -312.4000, 362.2000,  -1164.7000, -308.5000, 371.6000,  0, 0, 0
L -1159.2000, -292.2000, 374.2000,  -1170.7000, -299.0000, 373.9000,  0, 204, 0
L -1170.7000, -299.0000, 373.9000,  -1180.8000, -308.0000, 373.4000,  0, 204, 0
L -1180.8000, -308.0000, 373.4000,  -1188.9000, -318.8000, 374.4000,  0, 204, 0
L -1188.9000, -318.8000, 374.4000,  -1194.7000, -330.9000, 374.5000,  0, 204, 0
L -1194.7000, -330.9000, 374.5000,  -1198.0000, -344.0000, 374.5000,  0, 204, 0
L -1198.0000, -344.0000, 374.5000,  -1198.7000, -357.7000, 374.2000,  0, 204, 0
L -1198.7000, -357.7000, 374.2000,  -1196.8000, -370.7000, 374.1000,  0, 204, 0
L -1196.8000, -370.7000, 374.1000,  -1187.2000, -372.0000, 374.1000,  0, 204, 0
L -1187.2000, -372.0000, 374.1000,  -1183.2000, -382.1000, 375.2000,  0, 204, 0
L -1183.2000, -382.1000, 375.2000,  -1171.7000, -403.5000, 374.1000,  0, 204, 0
L -1171.7000, -403.5000, 374.1000,  -1163.8000, -409.6000, 374.3000,  0, 204, 0
L -1163.8000, -409.6000, 374.3000,  -1136.8000, -417.3000, 374.1000,  0, 204, 0
L -1137.1000, -417.2000, 374.1000,  -1113.7000, -415.9000, 374.1000,  0, 204, 0
L -1113.7000, -415.9000, 374.1000,  -1106.3000, -413.9000, 374.7000,  0, 204, 0
L -1106.3000, -413.9000, 374.7000,  -1110.7000, -406.5000, 374.1000,  0, 204, 0
L -1110.7000, -406.5000, 374.1000,  -1108.5000, -402.7000, 374.1000,  0, 204, 0
L -1108.5000, -402.7000, 374.1000,  -1095.6000, -384.0000, 374.1000,  0, 204, 0
L -1095.6000, -384.0000, 374.1000,  -1088.5000, -371.9000, 374.1000,  0, 204, 0
L -1088.5000, -371.9000, 374.1000,  -1084.2000, -360.4000, 376.4000,  0, 204, 0
L -1084.2000, -360.4000, 376.4000,  -1084.0000, -351.6000, 374.1000,  0, 204, 0
L -1084.0000, -351.6000, 374.1000,  -1088.4000, -336.4000, 374.1000,  0, 204, 0
L -1088.4000, -336.4000, 374.1000,  -1101.6000, -324.2000, 374.1000,  0, 204, 0
L -1101.6000, -324.2000, 374.1000,  -1114.9000, -318.0000, 374.1000,  0, 204, 0
L -1114.9000, -318.0000, 374.1000,  -1128.2000, -315.8000, 374.1000,  0, 204, 0
L -1128.2000, -315.8000, 374.1000,  -1143.8000, -320.0000, 373.4000,  0, 204, 0
L -1159.2000, -292.2000, 374.2000,  -1155.1000, -290.6000, 375.4000,  0, 204, 0
L -1146.7000, -287.3000, 377.8000,  -1133.3000, -284.7000, 381.5000,  0, 204, 0
L -1133.3000, -284.7000, 381.5000,  -1118.6000, -285.6000, 382.7000,  0, 204, 0
L -1118.6000, -285.6000, 382.7000,  -1106.1000, -288.9000, 383.6000,  0, 204, 0
L -1106.1000, -288.9000, 383.6000,  -1093.7000, -294.5000, 388.4000,  0, 204, 0
L -1093.7000, -294.5000, 388.4000,  -1082.7000, -302.4000, 393.2000,  0, 204, 0
L -1082.7000, -302.4000, 393.2000,  -1073.3000, -312.8000, 398.5000,  0, 204, 0
L -1073.3000, -312.8000, 398.5000,  -1068.4000, -320.8000, 401.8000,  0, 204, 0
L -1068.4000, -320.8000, 401.8000,  -1048.3000, -317.9000, 403.1000,  0, 204, 0
L -1048.3000, -317.9000, 403.1000,  -1024.1000, -295.9000, 388.8000,  0, 204, 0
L -1024.1000, -295.9000, 388.8000,  -1009.3000, -315.5000, 393.4000,  0, 204, 0
L -1009.3000, -315.5000, 393.4000,  -1000.2000, -317.7000, 397.8000,  0, 204, 0
L -519.3000, 18.9000, 156.9000,  -528.8000, 14.5000, 161.9000,  0, 204, 0
L -528.8000, 14.5000, 161.9000,  -538.0000, 6.6000, 164.3000,  0, 204, 0
L -538.0000, 6.6000, 164.3000,  -537.2000, 4.1000, 164.4000,  0, 204, 0
L -537.2000, 4.1000, 164.4000,  -540.0000, 3.2000, 165.0000,  0, 204, 0
L -540.0000, 3.2000, 165.0000,  -550.3000, -5.9000, 165.1000,  0, 204, 0
L -550.3000, -5.9000, 165.1000,  -557.3000, -20.2000, 167.5000,  0, 204, 0
L -557.3000, -20.2000, 167.5000,  -558.5000, -33.6000, 172.6000,  0, 204, 0
L -558.5000, -33.6000, 172.6000,  -553.1000, -46.7000, 179.6000,  0, 204, 0
L -553.1000, -46.7000, 179.6000,  -549.3000, -61.7000, 187.9000,  0, 204, 0
L -549.3000, -61.7000, 187.9000,  -548.6000, -74.3000, 192.1000,  0, 204, 0
L -548.6000, -74.3000, 192.1000,  -557.0000, -103.9000, 196.5000,  0, 204, 0
L -557.0000, -103.9000, 196.5000,  -570.9000, -130.3000, 195.9000,  0, 204, 0
L -570.9000, -130.3000, 195.9000,  -588.7000, -151.5000, 198.4000,  0, 204, 0
L -588.7000, -151.5000, 198.4000,  -608.5000, -170.3000, 203.7000,  0, 204, 0
L -608.5000, -170.3000, 203.7000,  -628.7000, -178.0000, 207.7000,  0, 204, 0
L -628.7000, -178.0000, 207.7000,  -650.2000, -182.7000, 216.2000,  0, 204, 0
L -650.2000, -182.7000, 216.2000,  -671.5000, -194.4000, 219.9000,  0, 204, 0
L -671.5000, -194.4000, 219.9000,  -691.7000, -195.3000, 222.2000,  0, 204, 0
L -691.7000, -195.3000, 222.2000,  -710.6000, -186.0000, 224.3000,  0, 204, 0
L -710.6000, -186.0000, 224.3000,  -722.0000, -169.9000, 225.5000,  0, 204, 0
L -722.0000, -169.9000, 225.5000,  -727.3000, -148.8000, 221.9000,  0, 204, 0
L -727.3000, -148.8000, 221.9000,  -743.5000, -134.6000, 219.0000,  0, 204, 0
L -743.5000, -134.6000, 219.0000,  -744.1000, -119.8000, 221.3000,  0, 204, 0
L -744.1000, -119.8000, 221.3000,  -745.6000, -117.2000, 221.5000,  0, 204, 0
L -745.6000, -117.2000, 221.5000,  -740.6000, -115.1000, 224.3000,  0, 204, 0
L -740.6000, -115.1000, 224.3000,  -738.6000, -112.5000, 223.9000,  0, 204, 0
L -738.6000, -112.5000, 223.9000,  -743.0000, -93.4000, 219.5000,  0, 204, 0
L -743.0000, -93.4000, 219.5000,  -754.1000, -86.9000, 220.4000,  0, 204, 0
L -754.1000, -86.9000, 220.4000,  -737.7000, -78.6000, 229.0000,  0, 204, 0
L -737.7000, -78.6000, 229.0000,  -730.5000, -60.5000, 229.4000,  0, 204, 0
L -704.7000, -65.0000, 229.4000,  -705.5000, -80.9000, 229.0000,  0, 204, 0
L -705.5000, -80.9000, 229.0000,  -690.4000, -94.2000, 222.1000,  0, 204, 0
L -690.4000, -94.2000, 222.1000,  -699.7000, -98.5000, 215.2000,  0, 204, 0
L -699.7000, -98.5000, 215.2000,  -710.0000, -109.8000, 218.1000,  0, 204, 0
L -710.0000, -109.8000, 218.1000,  -713.9000, -116.5000, 220.9000,  0, 204, 0
L -713.9000, -116.5000, 220.9000,  -712.5000, -119.7000, 221.1000,  0, 204, 0
L -712.5000, -119.7000, 221.1000,  -715.7000, -121.6000, 221.5000,  0, 204, 0
L -715.7000, -121.6000, 221.5000,  -710.7000, -136.7000, 220.4000,  0, 204, 0
L -710.7000, -136.7000, 220.4000,  -700.9000, -146.5000, 223.1000,  0, 204, 0
L -700.9000, -146.5000, 223.1000,  -698.2000, -161.4000, 224.9000,  0, 204, 0
L -698.2000, -161.4000, 224.9000,  -688.6000, -172.4000, 224.1000,  0, 204, 0
L -688.6000, -172.4000, 224.1000,  -670.4000, -175.6000, 222.3000,  0, 204, 0
L -670.4000, -175.6000, 222.3000,  -659.8000, -173.4000, 220.8000,  0, 204, 0
L -659.8000, -173.4000, 220.8000,  -648.7000, -160.6000, 215.8000,  0, 204, 0
L -648.7000, -160.6000, 215.8000,  -638.0000, -154.8000, 209.6000,  0, 204, 0
L -638.0000, -154.8000, 209.6000,  -627.4000, -145.6000, 203.9000,  0, 204, 0
L -627.4000, -145.6000, 203.9000,  -609.5000, -132.2000, 197.0000,  0, 204, 0
L -609.5000, -132.2000, 197.0000,  -594.1000, -117.1000, 196.2000,  0, 204, 0
L -594.1000, -117.1000, 196.2000,  -582.9000, -96.1000, 197.7000,  0, 204, 0
L -582.9000, -96.1000, 197.7000,  -576.6000, -71.3000, 192.5000,  0, 204, 0
L -576.6000, -71.3000, 192.5000,  -575.0000, -53.9000, 186.4000,  0, 204, 0
L -575.0000, -53.9000, 186.4000,  -577.0000, -34.0000, 175.5000,  0, 204, 0
L -577.0000, -34.0000, 175.5000,  -580.4000, -16.4000, 169.4000,  0, 204, 0
L -580.4000, -16.4000, 169.4000,  -576.8000, 1.0000, 167.0000,  0, 204, 0
L -576.8000, 1.0000, 167.0000,  -571.4000, 17.3000, 165.5000,  0, 204, 0
L -571.4000, 17.3000, 165.5000,  -562.4000, 28.1000, 165.7000,  0, 204, 0
L -562.4000, 28.1000, 165.7000,  -561.7000, 31.2000, 164.5000,  0, 204, 0
L -561.7000, 31.2000, 164.5000,  -558.9000, 32.0000, 161.6000,  0, 204, 0
L -558.9000, 32.0000, 161.6000,  -551.7000, 41.2000, 157.5000,  0, 204, 0
L -730.5000, -60.5000, 229.4000,  -744.9000, -58.0000, 229.7000,  0, 204, 0
L -744.9000, -58.0000, 229.7000,  -751.1000, -52.9000, 229.4000,  0, 204, 0
L -751.1000, -52.9000, 229.4000,  -769.2000, -22.7000, 229.4000,  0, 204, 0
L -769.2000, -22.7000, 229.4000,  -778.2000, -21.9000, 229.4000,  0, 204, 0
L -778.2000, -21.9000, 229.4000,  -781.0000, -8.4000, 229.6000,  0, 204, 0
L -781.0000, -8.4000, 229.6000,  -781.2000, 3.0000, 229.9000,  0, 204, 0
L -781.2000, 3.0000, 229.9000,  -778.8000, 17.6000, 229.8000,  0, 204, 0
L -778.8000, 17.6000, 229.8000,  -773.6000, 30.4000, 229.6000,  0, 204, 0
L -773.6000, 30.4000, 229.6000,  -766.5000, 41.5000, 228.8000,  0, 204, 0
L -766.5000, 41.5000, 228.8000,  -756.6000, 51.4000, 229.1000,  0, 204, 0
L -756.6000, 51.4000, 229.1000,  -746.5000, 58.5000, 229.3000,  0, 204, 0
L -746.5000, 58.5000, 229.3000,  -736.3000, 63.5000, 232.4000,  178, 102, 255
L -736.3000, 63.5000, 232.4000,  -720.9000, 68.0000, 236.7000,  178, 102, 255
L -720.9000, 68.0000, 236.7000,  -706.9000, 68.2000, 237.9000,  178, 102, 255
L -706.9000, 68.2000, 237.9000,  -693.9000, 65.9000, 238.7000,  178, 102, 255
L -693.9000, 65.9000, 238.7000,  -680.7000, 61.1000, 243.7000,  178, 102, 255
L -680.7000, 61.1000, 243.7000,  -668.7000, 53.4000, 248.9000,  178, 102, 255
L -668.7000, 53.4000, 248.9000,  -658.9000, 44.0000, 253.9000,  178, 102, 255
L -658.9000, 44.0000, 253.9000,  -651.4000, 33.0000, 258.9000,  178, 102, 255
L -651.4000, 33.0000, 258.9000,  -649.9000, 30.1000, 260.0000,  178, 102, 255
L -649.9000, 30.1000, 260.0000,  -652.4000, 25.9000, 260.9000,  178, 102, 255
L -652.4000, 25.9000, 260.9000,  -650.7000, 21.5000, 262.3000,  178, 102, 255
L -650.7000, 21.5000, 262.3000,  -648.2000, 20.2000, 262.8000,  178, 102, 255
L -648.2000, 20.2000, 262.8000,  -645.0000, 20.1000, 263.3000,  178, 102, 255
L -645.0000, 20.1000, 263.3000,  -641.6000, 6.9000, 268.3000,  178, 102, 255
L -641.6000, 6.9000, 268.3000,  -641.2000, -7.1000, 272.2000,  178, 102, 255
L -641.2000, -7.1000, 272.2000,  -643.8000, -20.8000, 276.2000,  178, 102, 255
L -643.8000, -20.8000, 276.2000,  -649.6000, -33.1000, 285.2000,  178, 102, 255
L -649.6000, -33.1000, 285.2000,  -657.9000, -43.7000, 294.1000,  178, 102, 255
L -657.9000, -43.7000, 294.1000,  -673.0000, -47.9000, 307.6000,  178, 102, 255
L -614.9000, 20.1000, 306.7000,  -640.6000, 29.0000, 306.7000,  178, 102, 255
L -640.6000, 29.0000, 306.7000,  -649.1000, 27.8000, 306.7000,  178, 102, 255
L -649.1000, 27.8000, 306.7000,  -649.5000, 34.9000, 306.7000,  178, 102, 255
L -649.5000, 34.9000, 306.7000,  -667.7000, 56.3000, 306.7000,  178, 102, 255
L -667.7000, 56.3000, 306.7000,  -671.6000, 62.9000, 306.5000,  178, 102, 255
L -671.6000, 62.9000, 306.5000,  -691.6000, 73.1000, 306.5000,  178, 102, 255
L -691.6000, 73.1000, 306.5000,  -720.4000, 75.7000, 306.6000,  178, 102, 255
L -720.4000, 75.7000, 306.6000,  -743.4000, 68.6000, 306.6000,  178, 102, 255
L -743.4000, 68.6000, 306.6000,  -769.4000, 45.0000, 306.7000,  178, 102, 255
L -769.4000, 45.0000, 306.7000,  -767.6000, 37.0000, 306.7000,  178, 102, 255
L -767.6000, 37.0000, 306.7000,  -768.6000, 28.8000, 306.7000,  178, 102, 255
L -768.6000, 28.8000, 306.7000,  -774.7000, 22.3000, 306.7000,  178, 102, 255
L -774.7000, 22.3000, 306.7000,  -783.2000, 19.1000, 306.7000,  178, 102, 255
L -783.2000, 19.1000, 306.7000,  -784.5000, 4.6000, 306.7000,  178, 102, 255
L -784.5000, 4.6000, 306.7000,  -785.4000, -10.4000, 306.7000,  178, 102, 255
L -785.4000, -10.4000, 306.7000,  -783.4000, -16.6000, 306.7000,  178, 102, 255
L -783.4000, -16.6000, 306.7000,  -780.2000, -26.6000, 306.7000,  178, 102, 255
L -780.2000, -26.6000, 306.7000,  -776.3000, -36.1000, 306.7000,  178, 102, 255
L -776.3000, -36.1000, 306.7000,  -764.6000, -44.9000, 306.7000,  178, 102, 255
L -764.6000, -44.9000, 306.7000,  -760.8000, -49.8000, 306.7000,  178, 102, 255
L -760.8000, -49.8000, 306.7000,  -758.5000, -58.4000, 306.7000,  178, 102, 255
L -758.5000, -58.4000, 306.7000,  -733.4000, -71.2000, 306.4000,  178, 102, 255
L -733.4000, -71.2000, 306.4000,  -718.8000, -72.7000, 306.7000,  178, 102, 255
L -718.8000, -72.7000, 306.7000,  -705.9000, -73.6000, 306.7000,  178, 102, 255
L -705.9000, -73.6000, 306.7000,  -698.1000, -63.7000, 306.7000,  178, 102, 255
L -698.1000, -63.7000, 306.7000,  -685.4000, -59.9000, 306.7000,  178, 102, 255
L -685.4000, -59.9000, 306.7000,  -678.3000, -65.9000, 308.3000,  178, 102, 255
L -678.3000, -65.9000, 308.3000,  -662.4000, -52.4000, 307.4000,  178, 102, 255
L -662.4000, -52.4000, 307.4000,  -655.3000, -46.3000, 307.8000,  178, 102, 255
L -655.3000, -46.3000, 307.8000,  -637.9000, -25.9000, 306.7000,  178, 102, 255
L -637.9000, -25.9000, 306.7000,  -619.1000, -20.5000, 306.6000,  178, 102, 255
L -619.1000, -20.5000, 306.6000,  -605.3000, -33.5000, 294.8000,  178, 102, 255
L -605.3000, -33.5000, 294.8000,  -597.5000, -24.4000, 288.0000,  178, 102, 255
L -597.5000, -24.4000, 288.0000,  -584.3000, -17.2000, 300.4000,  178, 102, 255
L -575.2000, 11.3000, 299.4000,  -578.9000, 16.4000, 301.3000,  178, 102, 255
L -578.9000, 16.4000, 301.3000,  -584.8000, 11.5000, 300.5000,  178, 102, 255
L -584.8000, 11.5000, 300.5000,  -596.6000, 28.3000, 291.7000,  178, 102, 255
L -596.6000, 28.3000, 291.7000,  -601.3000, 45.1000, 301.9000,  178, 102, 255
L -601.3000, 45.1000, 301.9000,  -614.9000, 20.1000, 306.7000,  178, 102, 255
L -728.4000, 90.4000, 51.9000,  -749.0000, 85.7000, 60.4000,  255, 102, 255
L -749.0000, 85.7000, 60.4000,  -762.5000, 83.5000, 69.6000,  255, 102, 255
L -762.5000, 83.5000, 69.6000,  -770.3000, 78.7000, 69.1000,  255, 102, 255
L -770.3000, 78.7000, 69.1000,  -774.0000, 69.5000, 68.7000,  255, 102, 255
L -774.0000, 69.5000, 68.7000,  -774.2000, 58.4000, 75.1000,  255, 102, 255
L -774.2000, 58.4000, 75.1000,  -770.7000, 50.4000, 79.8000,  255, 102, 255
L -770.7000, 50.4000, 79.8000,  -766.3000, 44.5000, 82.4000,  255, 102, 255
L -766.3000, 44.5000, 82.4000,  -765.0000, 42.8000, 80.5000,  255, 102, 255
L -770.3000, 15.4000, 83.2000,  -788.9000, 35.3000, 80.0000,  255, 102, 255
L -788.9000, 35.3000, 80.0000,  -794.9000, 40.0000, 76.5000,  255, 102, 255
L -794.9000, 40.0000, 76.5000,  -799.8000, 56.1000, 72.9000,  255, 102, 255
L -799.8000, 56.1000, 72.9000,  -802.1000, 79.3000, 75.3000,  255, 102, 255
L -802.1000, 79.3000, 75.3000,  -791.7000, 93.9000, 71.9000,  255, 102, 255
L -791.7000, 93.9000, 71.9000,  -777.5000, 107.3000, 69.9000,  255, 102, 255
L -777.5000, 107.3000, 69.9000,  -765.9000, 113.3000, 66.9000,  255, 102, 255
L -765.9000, 113.3000, 66.9000,  -742.5000, 115.5000, 57.4000,  255, 102, 255
L -742.5000, 115.5000, 57.4000,  -734.6000, 116.1000, 47.3000,  255, 102, 255
L -734.6000, 116.1000, 47.3000,  -731.3000, 121.6000, 49.1000,  255, 102, 255
L -731.3000, 121.6000, 49.1000,  -723.0000, 125.9000, 41.6000,  255, 102, 255
L -770.3000, 15.4000, 83.2000,  -781.2000, 4.0000, 74.5000,  255, 102, 255
L -781.2000, 4.0000, 74.5000,  -780.9000, -9.8000, 74.3000,  255, 102, 255
L -780.9000, -9.8000, 74.3000,  -778.2000, -22.3000, 74.3000,  255, 102, 255
L -778.2000, -22.3000, 74.3000,  -765.3000, -45.5000, 74.3000,  255, 102, 255
L -765.3000, -45.5000, 74.3000,  -748.4000, -55.0000, 74.3000,  255, 102, 255
L -748.4000, -55.0000, 74.3000,  -732.2000, -65.2000, 78.6000,  255, 102, 255
L -732.2000, -65.2000, 78.6000,  -717.9000, -67.9000, 83.4000,  255, 102, 255
L -717.9000, -67.9000, 83.4000,  -712.0000, -70.0000, 90.4000,  255, 102, 255
L -765.0000, 42.8000, 80.6000,  -757.7000, 50.6000, 74.6000,  255, 102, 255
L -757.7000, 50.6000, 74.6000,  -746.3000, 58.8000, 74.3000,  255, 102, 255
L -746.3000, 58.8000, 74.3000,  -733.0000, 64.9000, 78.5000,  255, 102, 255
L -733.0000, 64.9000, 78.5000,  -726.1000, 66.8000, 86.8000,  255, 102, 255
L -726.1000, 66.8000, 86.8000,  -721.4000, 59.8000, 81.3000,  255, 102, 255
L -713.7000, 61.2000, 81.3000,  -705.8000, 60.4000, 82.6000,  255, 102, 255
L -705.8000, 60.4000, 82.6000,  -699.7000, 61.9000, 83.4000,  255, 102, 255
L -699.7000, 61.9000, 83.4000,  -694.3000, 66.0000, 83.5000,  255, 102, 255
L -694.3000, 66.0000, 83.5000,  -680.8000, 61.1000, 88.5000,  255, 102, 255
L -680.8000, 61.1000, 88.5000,  -669.2000, 53.9000, 93.4000,  255, 102, 255
L -669.2000, 53.9000, 93.4000,  -659.1000, 44.3000, 98.6000,  255, 102, 255
L -659.1000, 44.3000, 98.6000,  -651.4000, 33.1000, 103.7000,  255, 102, 255
L -651.4000, 33.1000, 103.7000,  -645.0000, 20.4000, 108.4000,  255, 102, 255
L -645.0000, 20.4000, 108.4000,  -641.6000, 7.0000, 113.1000,  255, 102, 255
L -641.6000, 7.0000, 113.1000,  -641.1000, -7.1000, 117.1000,  255, 102, 255
L -641.1000, -7.1000, 117.1000,  -643.8000, -20.8000, 121.1000,  255, 102, 255
L -643.8000, -20.8000, 121.1000,  -649.5000, -33.0000, 130.0000,  255, 102, 255
L -649.5000, -33.0000, 130.0000,  -657.9000, -43.7000, 138.9000,  255, 102, 255
L -657.9000, -43.7000, 138.9000,  -671.3000, -48.6000, 150.8000,  255, 102, 255
L -675.7000, -64.4000, 152.9000,  -687.8000, -70.8000, 156.7000,  0, 0, 0
L -687.8000, -70.8000, 156.7000,  -697.6000, -73.4000, 159.4000,  0, 0, 0
L -697.6000, -73.4000, 159.4000,  -714.7000, -74.5000, 161.4000,  0, 0, 0
L -714.7000, -74.5000, 161.4000,  -727.7000, -72.2000, 162.3000,  0, 0, 0
L -727.7000, -72.2000, 162.3000,  -738.6000, -65.7000, 162.2000,  0, 0, 0
L -738.6000, -65.7000, 162.2000,  -754.4000, -56.6000, 163.9000,  0, 0, 0
L -754.4000, -56.6000, 163.9000,  -761.0000, -52.1000, 174.0000,  0, 0, 0
L -761.0000, -52.1000, 174.0000,  -770.5000, -38.8000, 182.6000,  0, 0, 0
L -770.5000, -38.8000, 182.6000,  -776.9000, -25.8000, 187.5000,  0, 0, 0
L -776.9000, -25.8000, 187.5000,  -780.1000, -12.4000, 192.1000,  0, 0, 0
L -780.1000, -12.4000, 192.1000,  -780.5000, 1.2000, 195.8000,  0, 0, 0
L -780.5000, 1.2000, 195.8000,  -777.8000, 14.8000, 199.9000,  0, 0, 0
L -777.8000, 14.8000, 199.9000,  -772.2000, 26.9000, 208.8000,  0, 0, 0
L -772.2000, 26.9000, 208.8000,  -763.9000, 37.2000, 217.4000,  0, 0, 0
L -763.9000, 37.2000, 217.4000,  -751.3000, 41.8000, 226.2000,  0, 0, 0
L -741.0000, 32.2000, 225.7000,  -740.9000, 18.9000, 202.1000,  150, 150, 150
L -740.9000, 18.9000, 202.1000,  -749.0000, 0.1000, 193.5000,  150, 150, 150
L -749.0000, 0.1000, 193.5000,  -752.6000, -14.9000, 188.0000,  150, 150, 150
L -752.6000, -14.9000, 188.0000,  -746.0000, -30.0000, 182.6000,  150, 150, 150
L -746.0000, -30.0000, 182.6000,  -741.2000, -35.7000, 175.5000,  150, 150, 150
L -741.2000, -35.7000, 175.5000,  -735.6000, -39.8000, 169.6000,  150, 150, 150
L -735.6000, -39.8000, 169.6000,  -719.2000, -46.3000, 163.7000,  150, 150, 150
L -719.2000, -46.3000, 163.7000,  -706.3000, -47.5000, 159.9000,  150, 150, 150
L -706.3000, -47.5000, 159.9000,  -690.8000, -38.1000, 152.2000,  150, 150, 150
L -707.8000, -43.8000, 152.9000,  -722.6000, -43.8000, 152.9000,  0, 0, 0
L -722.6000, -43.8000, 152.9000,  -736.6000, -39.1000, 152.9000,  0, 0, 0
L -736.6000, -39.1000, 152.9000,  -745.9000, -30.3000, 152.9000,  0, 0, 0
L -745.9000, -30.3000, 152.9000,  -751.7000, -19.6000, 152.9000,  0, 0, 0
L -751.7000, -19.6000, 152.9000,  -754.6000, -10.1000, 152.9000,  0, 0, 0
L -754.6000, -10.1000, 152.9000,  -752.9000, 7.2000, 152.9000,  0, 0, 0
L -752.9000, 7.2000, 152.9000,  -744.7000, 23.1000, 152.9000,  0, 0, 0
L -744.7000, 23.1000, 152.9000,  -735.0000, 39.5000, 152.9000,  0, 0, 0
L -735.0000, 39.5000, 152.9000,  -730.7000, 40.4000, 152.9000,  0, 0, 0
L -730.7000, 40.4000, 152.9000,  -727.2000, 54.1000, 152.9000,  0, 0, 0
L -727.2000, 54.1000, 152.9000,  -713.6000, 58.2000, 152.9000,  0, 0, 0
L -713.6000, 58.2000, 152.9000,  -701.6000, 58.6000, 153.1000,  0, 0, 0
L -701.6000, 58.6000, 153.1000,  -689.4000, 56.1000, 152.9000,  0, 0, 0
L -689.4000, 56.1000, 152.9000,  -675.7000, 51.6000, 154.3000,  0, 0, 0
L -675.7000, 51.6000, 154.3000,  -665.4000, 42.8000, 152.9000,  0, 0, 0
L -665.4000, 42.8000, 152.9000,  -656.4000, 39.3000, 152.9000,  0, 0, 0
L -656.4000, 39.3000, 152.9000,  -643.6000, 16.1000, 152.9000,  0, 0, 0
L -643.6000, 16.1000, 152.9000,  -640.8000, 3.0000, 153.0000,  0, 0, 0
L -640.8000, 3.0000, 153.0000,  -640.5000, -10.6000, 153.4000,  0, 0, 0
L -640.5000, -10.6000, 153.4000,  -642.9000, -23.8000, 153.4000,  0, 0, 0
L -642.9000, -23.8000, 153.4000,  -647.7000, -35.9000, 153.2000,  0, 0, 0
L -647.7000, -35.9000, 153.2000,  -652.2000, -37.2000, 151.5000,  0, 0, 0
L -652.2000, -37.2000, 151.5000,  -655.5000, -47.6000, 152.9000,  0, 0, 0
L -733.9000, 31.0000, 74.0000,  -714.6000, 39.8000, 79.6000,  150, 150, 150
L -714.6000, 39.8000, 79.6000,  -699.7000, 39.1000, 86.3000,  150, 150, 150
L -699.7000, 39.1000, 86.3000,  -685.7000, 35.0000, 93.6000,  150, 150, 150
L -685.7000, 35.0000, 93.6000,  -674.0000, 23.4000, 101.4000,  150, 150, 150
L -674.0000, 23.4000, 101.4000,  -667.8000, 7.8000, 110.5000,  150, 150, 150
L -667.8000, 7.8000, 110.5000,  -672.8000, -8.2000, 116.6000,  150, 150, 150
L -672.8000, -8.2000, 116.6000,  -679.8000, -29.3000, 131.0000,  150, 150, 150
L -679.8000, -29.3000, 131.0000,  -680.6000, -38.2000, 144.3000,  150, 150, 150
L -680.6000, -38.2000, 144.3000,  -683.6000, -40.1000, 152.2000,  150, 150, 150
L -714.3000, 37.4000, 74.2000,  -700.7000, 36.2000, 74.3000,  255, 102, 255
L -700.7000, 36.2000, 74.3000,  -686.5000, 32.5000, 74.3000,  255, 102, 255
L -686.5000, 32.5000, 74.3000,  -675.7000, 23.9000, 74.3000,  255, 102, 255
L -675.7000, 23.9000, 74.3000,  -671.7000, 18.0000, 74.3000,  255, 102, 255
L -671.7000, 18.0000, 74.3000,  -667.1000, 5.1000, 74.3000,  255, 102, 255
L -667.1000, 5.1000, 74.3000,  -667.6000, -9.7000, 75.7000,  255, 102, 255
L -667.6000, -9.7000, 75.7000,  -676.7000, -29.9000, 74.7000,  255, 102, 255
L -676.7000, -29.9000, 74.7000,  -688.4000, -51.6000, 75.2000,  255, 102, 255
L -688.4000, -51.6000, 75.2000,  -685.1000, -58.9000, 74.3000,  255, 102, 255
L -685.1000, -58.9000, 74.3000,  -691.5000, -61.3000, 74.3000,  255, 102, 255
L -691.5000, -61.3000, 74.3000,  -705.8000, -64.3000, 74.4000,  255, 102, 255
L -705.8000, -64.3000, 74.4000,  -712.4000, -70.0000, 90.1000,  255, 102, 255
L -502.7000, 24.0000, 83.7000,  -499.7000, 33.2000, 90.9000,  0, 0, 0
L -499.7000, 33.2000, 90.9000,  -506.6000, 40.6000, 103.5000,  0, 0, 0
L -506.6000, 40.6000, 103.5000,  -514.4000, 54.4000, 110.7000,  0, 0, 0
L -514.4000, 54.4000, 110.7000,  -519.0000, 65.8000, 114.8000,  0, 0, 0
L -519.0000, 65.8000, 114.8000,  -521.4000, 80.0000, 119.6000,  0, 0, 0
L -521.4000, 80.0000, 119.6000,  -520.9000, 93.2000, 123.3000,  0, 0, 0
L -520.9000, 93.2000, 123.3000,  -517.2000, 106.7000, 127.3000,  0, 0, 0
L -517.2000, 106.7000, 127.3000,  -510.6000, 118.5000, 136.3000,  0, 0, 0
L -510.6000, 118.5000, 136.3000,  -500.9000, 128.5000, 145.5000,  0, 0, 0
L -485.0000, 109.8000, 134.6000,  -490.6000, 90.3000, 121.5000,  150, 150, 150
L -490.6000, 90.3000, 121.5000,  -494.5000, 74.6000, 115.4000,  150, 150, 150
L -494.5000, 74.6000, 115.4000,  -489.0000, 58.1000, 109.2000,  150, 150, 150
L -489.0000, 58.1000, 109.2000,  -479.2000, 47.7000, 96.8000,  150, 150, 150
L -479.2000, 47.7000, 96.8000,  -464.7000, 41.5000, 91.7000,  150, 150, 150
L -464.7000, 41.5000, 91.7000,  -450.4000, 40.0000, 87.4000,  150, 150, 150
L -491.0000, 145.0000, 3.0000,  -471.3000, 152.9000, 1.8000,  204, 0, 204
L -430.1000, 152.0000, 1.8000,  -417.1000, 146.1000, 16.1000,  204, 0, 204
L -417.1000, 146.1000, 16.1000,  -406.0000, 138.1000, 20.9000,  204, 0, 204
L -406.0000, 138.1000, 20.9000,  -396.5000, 127.6000, 26.3000,  204, 0, 204
L -396.5000, 127.6000, 26.3000,  -389.7000, 115.9000, 31.3000,  204, 0, 204
L -389.7000, 115.9000, 31.3000,  -384.3000, 102.9000, 35.9000,  204, 0, 204
L -384.3000, 102.9000, 35.9000,  -381.9000, 89.8000, 40.5000,  204, 0, 204
L -381.9000, 89.8000, 40.5000,  -382.4000, 75.3000, 44.6000,  204, 0, 204
L -382.4000, 75.3000, 44.6000,  -386.0000, 61.7000, 48.6000,  204, 0, 204
L -386.0000, 61.7000, 48.6000,  -392.6000, 50.0000, 57.6000,  204, 0, 204
L -392.6000, 50.0000, 57.6000,  -401.8000, 39.9000, 66.5000,  204, 0, 204
L -419.7000, 57.5000, 56.9000,  -412.5000, 78.9000, 42.6000,  150, 150, 150
L -412.5000, 78.9000, 42.6000,  -407.3000, 94.4000, 37.7000,  150, 150, 150
L -407.3000, 94.4000, 37.7000,  -412.5000, 109.1000, 29.4000,  150, 150, 150
L -412.5000, 109.1000, 29.4000,  -424.0000, 121.3000, 20.9000,  150, 150, 150
L -424.0000, 121.3000, 20.9000,  -438.9000, 127.8000, 12.9000,  150, 150, 150
L -438.9000, 127.8000, 12.9000,  -453.9000, 128.3000, 8.1000,  150, 150, 150
L -453.9000, 128.3000, 8.1000,  -470.0000, 123.0000, 2.9000,  150, 150, 150
L -682.0000, -38.6000, 306.2000,  -681.8000, -28.1000, 282.3000,  150, 150, 150
L -681.8000, -28.1000, 282.3000,  -672.1000, -5.6000, 269.9000,  150, 150, 150
L -672.1000, -5.6000, 269.9000,  -669.0000, 9.9000, 264.2000,  150, 150, 150
L -669.0000, 9.9000, 264.2000,  -674.5000, 24.8000, 256.1000,  150, 150, 150
L -674.5000, 24.8000, 256.1000,  -686.1000, 36.1000, 248.4000,  150, 150, 150
L -686.1000, 36.1000, 248.4000,  -700.3000, 40.7000, 241.0000,  150, 150, 150
L -700.3000, 40.7000, 241.0000,  -714.8000, 41.3000, 236.5000,  150, 150, 150
L -714.8000, 41.3000, 236.5000,  -732.3000, 32.2000, 228.9000,  150, 150, 150
L -713.0000, 37.6000, 229.4000,  -702.1000, 38.0000, 229.4000,  0, 204, 0
L -702.1000, 38.0000, 229.4000,  -685.4000, 31.6000, 229.4000,  0, 204, 0
L -685.4000, 31.6000, 229.4000,  -673.0000, 20.9000, 229.4000,  0, 204, 0
L -673.0000, 20.9000, 229.4000,  -667.1000, 4.2000, 229.4000,  0, 204, 0
L -667.1000, 4.2000, 229.4000,  -668.8000, -13.3000, 229.4000,  0, 204, 0
L -668.8000, -13.3000, 229.4000,  -678.6000, -32.0000, 229.4000,  0, 204, 0
L -678.6000, -32.0000, 229.4000,  -689.7000, -51.3000, 229.4000,  0, 204, 0
L -689.7000, -51.3000, 229.4000,  -685.5000, -58.7000, 229.4000,  0, 204, 0
L -685.5000, -58.7000, 229.4000,  -693.1000, -61.5000, 229.4000,  0, 204, 0
L -693.1000, -61.5000, 229.4000,  -704.7000, -65.0000, 229.4000,  0, 204, 0
L -1172.5000, -452.6000, 451.1000,  -1155.0000, -423.5000, 451.4000,  102, 255, 102
L -1155.0000, -423.5000, 451.4000,  -1164.9000, -418.2000, 453.3000,  102, 255, 102
L -1164.9000, -418.2000, 453.3000,  -1170.2000, -413.8000, 451.5000,  102, 255, 102
L -1170.2000, -413.8000, 451.5000,  -1180.0000, -407.8000, 451.5000,  102, 255, 102
L -1180.0000, -407.8000, 451.5000,  -1183.7000, -398.0000, 453.7000,  102, 255, 102
L -1183.7000, -398.0000, 453.7000,  -1185.9000, -392.8000, 451.5000,  102, 255, 102
L -1185.9000, -392.8000, 451.5000,  -1196.0000, -384.5000, 451.5000,  102, 255, 102
L -1196.0000, -384.5000, 451.5000,  -1200.8000, -365.8000, 451.5000,  102, 255, 102
L -1200.8000, -365.8000, 451.5000,  -1203.2000, -356.7000, 451.5000,  102, 255, 102
L -1203.2000, -356.7000, 451.5000,  -1199.0000, -328.9000, 452.0000,  102, 255, 102
L -1199.0000, -328.9000, 452.0000,  -1190.4000, -327.0000, 451.5000,  102, 255, 102
L -1190.4000, -327.0000, 451.5000,  -1183.9000, -320.7000, 451.5000,  102, 255, 102
L -1183.9000, -320.7000, 451.5000,  -1182.1000, -312.1000, 451.5000,  102, 255, 102
L -1182.1000, -312.1000, 451.5000,  -1183.3000, -304.3000, 451.5000,  102, 255, 102
L -1183.3000, -304.3000, 451.5000,  -1160.1000, -287.7000, 451.5000,  102, 255, 102
L -1160.1000, -287.7000, 451.5000,  -1151.3000, -281.5000, 451.3000,  102, 255, 102
L -1151.3000, -281.5000, 451.3000,  -1132.0000, -276.9000, 451.3000,  102, 255, 102
L -1132.0000, -276.9000, 451.3000,  -1116.3000, -279.3000, 451.3000,  102, 255, 102
L -1099.1000, -284.5000, 451.3000,  -1089.7000, -290.6000, 451.3000,  102, 255, 102
L -1089.7000, -290.6000, 451.3000,  -1083.0000, -294.3000, 451.3000,  102, 255, 102
L -1083.0000, -294.3000, 451.3000,  -1081.4000, -301.4000, 451.5000,  102, 255, 102
L -1081.4000, -301.4000, 451.5000,  -1071.9000, -312.7000, 451.5000,  102, 255, 102
L -1071.9000, -312.7000, 451.5000,  -1064.6000, -322.5000, 451.5000,  102, 255, 102
L -1064.6000, -322.5000, 451.5000,  -1073.0000, -336.3000, 451.5000,  102, 255, 102
L -1073.0000, -336.3000, 451.5000,  -1070.2000, -345.5000, 451.6000,  102, 255, 102
L -1070.2000, -345.5000, 451.6000,  -1057.0000, -350.7000, 452.1000,  102, 255, 102
L -1057.0000, -350.7000, 452.1000,  -1061.5000, -379.5000, 451.6000,  102, 255, 102
L -1061.5000, -379.5000, 451.6000,  -1067.1000, -388.6000, 452.0000,  102, 255, 102
L -1067.1000, -388.6000, 452.0000,  -1076.8000, -403.7000, 452.5000,  102, 255, 102
L -1076.8000, -403.7000, 452.5000,  -1099.8000, -421.0000, 451.5000,  102, 255, 102
L -1099.8000, -421.0000, 451.4000,  -1087.3000, -441.5000, 451.0000,  102, 255, 102
L -1087.3000, -441.5000, 451.0000,  -1045.5000, -425.5000, 434.5000,  102, 255, 102
L -1045.5000, -425.5000, 434.5000,  -1069.3000, -460.7000, 437.9000,  102, 255, 102
L -1069.3000, -460.7000, 437.9000,  -1088.3000, -471.0000, 440.5000,  102, 255, 102
L -1088.3000, -471.0000, 440.5000,  -1088.9000, -476.0000, 444.7000,  102, 255, 102
L -1088.9000, -476.0000, 444.7000,  -1085.0000, -478.6000, 442.2000,  102, 255, 102
L -1085.0000, -478.6000, 442.2000,  -1089.3000, -482.3000, 443.1000,  102, 255, 102
L -1089.3000, -482.3000, 443.1000,  -1082.9000, -497.1000, 439.9000,  102, 255, 102
L -1082.9000, -497.1000, 439.9000,  -1059.6000, -512.9000, 434.7000,  102, 255, 102
L -1059.6000, -512.9000, 434.7000,  -1034.1000, -524.7000, 428.4000,  102, 255, 102
L -1034.1000, -524.7000, 428.4000,  -1020.1000, -519.7000, 419.6000,  102, 255, 102
L -1020.1000, -519.7000, 419.6000,  -1009.1000, -509.8000, 411.1000,  102, 255, 102
L -1009.1000, -509.8000, 411.1000,  -994.0000, -506.0000, 402.9000,  102, 255, 102
L -994.0000, -506.0000, 402.9000,  -980.5000, -498.9000, 394.1000,  102, 255, 102
L -980.5000, -498.9000, 394.1000,  -968.5000, -489.4000, 389.2000,  102, 255, 102
L -968.5000, -489.4000, 389.2000,  -959.1000, -480.7000, 384.7000,  102, 255, 102
L -959.1000, -480.7000, 384.7000,  -934.4000, -466.3000, 375.5000,  102, 255, 102
L -934.4000, -466.3000, 375.5000,  -925.3000, -455.8000, 373.6000,  102, 255, 102
L -925.3000, -455.8000, 373.6000,  -920.0000, -444.5000, 372.1000,  102, 255, 102
L -920.0000, -444.5000, 372.1000,  -911.1000, -415.4000, 369.1000,  102, 255, 102
L -911.1000, -415.4000, 369.1000,  -923.7000, -389.0000, 376.0000,  0, 204, 0
L -923.7000, -389.0000, 376.0000,  -939.2000, -366.9000, 380.4000,  0, 204, 0
L -900.3000, -369.4000, 376.0000,  -890.0000, -388.5000, 368.5000,  0, 204, 0
L -890.0000, -388.5000, 368.5000,  -864.5000, -392.3000, 364.8000,  0, 204, 0
L -864.5000, -392.3000, 364.8000,  -841.1000, -390.5000, 360.4000,  0, 204, 0
L -841.1000, -390.5000, 360.4000,  -830.9000, -382.3000, 356.2000,  0, 204, 0
L -830.9000, -382.3000, 356.2000,  -823.1000, -370.9000, 351.1000,  0, 204, 0
L -823.1000, -370.9000, 351.1000,  -817.1000, -356.5000, 344.8000,  0, 204, 0
L -817.1000, -356.5000, 344.8000,  -808.5000, -347.0000, 341.6000,  0, 204, 0
L -808.5000, -347.0000, 341.6000,  -789.8000, -333.3000, 343.5000,  0, 204, 0
L -789.8000, -333.3000, 343.5000,  -767.9000, -323.8000, 343.7000,  0, 204, 0
L -767.9000, -323.8000, 343.7000,  -746.9000, -310.4000, 340.0000,  0, 204, 0
L -746.9000, -310.4000, 340.0000,  -731.4000, -291.5000, 335.1000,  0, 204, 0
L -731.4000, -291.5000, 335.1000,  -726.8000, -264.1000, 342.2000,  0, 204, 0
L -726.8000, -264.1000, 342.2000,  -731.4000, -235.9000, 345.8000,  0, 204, 0
L -731.4000, -235.9000, 345.8000,  -751.9000, -216.1000, 352.6000,  0, 204, 0
L -751.9000, -216.1000, 352.6000,  -774.2000, -200.3000, 358.1000,  0, 204, 0
L -774.2000, -200.3000, 358.1000,  -801.6000, -194.5000, 365.1000,  0, 204, 0
L -801.6000, -194.5000, 365.1000,  -806.6000, -197.9000, 365.0000,  0, 204, 0
L -806.6000, -197.9000, 365.0000,  -809.2000, -194.9000, 364.0000,  0, 204, 0
L -809.2000, -194.9000, 364.0000,  -821.5000, -193.2000, 366.3000,  0, 204, 0
L -821.5000, -193.2000, 366.3000,  -829.1000, -196.3000, 369.3000,  0, 204, 0
L -829.1000, -196.3000, 369.3000,  -847.5000, -200.7000, 369.7000,  0, 204, 0
L -847.5000, -200.7000, 369.7000,  -854.8000, -214.0000, 370.1000,  0, 204, 0
L -854.8000, -214.0000, 370.1000,  -862.0000, -225.7000, 370.3000,  0, 204, 0
L -862.0000, -225.7000, 370.3000,  -885.2000, -242.7000, 369.5000,  0, 204, 0
L -885.2000, -242.7000, 369.5000,  -892.8000, -236.6000, 369.4000,  0, 204, 0
L -892.8000, -236.6000, 369.4000,  -906.5000, -240.2000, 369.4000,  0, 204, 0
L -906.5000, -240.2000, 369.4000,  -914.3000, -249.2000, 369.4000,  0, 204, 0
L -914.3000, -249.2000, 369.4000,  -924.2000, -247.4000, 369.4000,  0, 204, 0
L -924.2000, -247.4000, 369.4000,  -941.7000, -244.6000, 369.1000,  0, 204, 0
L -941.7000, -244.6000, 369.1000,  -966.3000, -229.4000, 370.0000,  0, 204, 0
L -966.3000, -229.4000, 370.0000,  -967.4000, -220.7000, 369.4000,  0, 204, 0
L -967.4000, -220.7000, 369.4000,  -972.1000, -214.3000, 369.4000,  0, 204, 0
L -972.1000, -214.3000, 369.4000,  -981.6000, -206.7000, 369.4000,  0, 204, 0
L -981.6000, -206.7000, 369.4000,  -987.7000, -185.2000, 369.4000,  0, 204, 0
L -987.7000, -185.2000, 369.4000,  -986.1000, -160.1000, 369.4000,  0, 204, 0
L -986.1000, -160.1000, 369.4000,  -984.7000, -150.7000, 370.1000,  0, 204, 0
L -984.8000, -151.6000, 369.4000,  -975.6000, -148.8000, 369.4000,  0, 204, 0
L -975.6000, -148.8000, 369.4000,  -969.5000, -142.4000, 369.4000,  0, 204, 0
L -969.5000, -142.4000, 369.4000,  -967.8000, -133.8000, 369.4000,  0, 204, 0
L -967.8000, -133.8000, 369.4000,  -969.1000, -126.5000, 369.4000,  0, 204, 0
L -969.1000, -126.5000, 369.4000,  -967.6000, -125.8000, 369.4000,  0, 204, 0
L -967.6000, -125.8000, 369.4000,  -952.0000, -113.7000, 369.4000,  0, 204, 0
L -952.0000, -113.7000, 369.4000,  -946.3000, -110.2000, 369.4000,  0, 204, 0
L -946.3000, -110.2000, 369.4000,  -933.6000, -102.6000, 369.2000,  0, 204, 0
L -933.6000, -102.6000, 369.2000,  -918.1000, -98.8000, 369.2000,  0, 204, 0
L -918.1000, -98.8000, 369.2000,  -890.4000, -103.1000, 369.2000,  0, 204, 0
L -890.4000, -103.1000, 369.2000,  -870.9000, -114.9000, 369.2000,  0, 204, 0
L -870.9000, -114.9000, 369.2000,  -861.7000, -128.9000, 369.4000,  0, 204, 0
L -861.7000, -128.9000, 369.4000,  -850.3000, -144.4000, 369.4000,  0, 204, 0
L -850.3000, -144.4000, 369.4000,  -850.6000, -147.1000, 369.4000,  0, 204, 0
L -850.6000, -147.1000, 369.4000,  -826.3000, -156.8000, 369.4000,  0, 204, 0
L -826.3000, -156.8000, 369.4000,  -818.9000, -162.1000, 366.5000,  0, 204, 0
L -818.9000, -162.1000, 366.5000,  -807.1000, -164.7000, 364.9000,  0, 204, 0
L -807.1000, -164.7000, 364.9000,  -802.9000, -162.2000, 366.0000,  0, 204, 0
L -802.9000, -162.2000, 366.0000,  -800.0000, -166.8000, 366.8000,  0, 204, 0
L -800.0000, -166.8000, 366.8000,  -772.2000, -172.2000, 358.0000,  0, 204, 0
L -772.2000, -172.2000, 358.0000,  -755.6000, -178.9000, 357.9000,  0, 204, 0
L -755.6000, -178.9000, 357.9000,  -734.2000, -194.2000, 352.7000,  0, 204, 0
L -734.2000, -194.2000, 352.7000,  -713.7000, -214.2000, 346.3000,  0, 204, 0
L -713.7000, -214.2000, 346.3000,  -703.7000, -236.8000, 346.5000,  0, 204, 0
L -703.7000, -236.8000, 346.5000,  -699.4000, -263.9000, 342.3000,  0, 204, 0
L -699.4000, -263.9000, 342.3000,  -703.2000, -291.2000, 335.1000,  0, 204, 0
L -703.2000, -291.2000, 335.1000,  -715.9000, -315.4000, 335.0000,  0, 204, 0
L -715.9000, -315.4000, 335.0000,  -732.4000, -332.7000, 339.9000,  0, 204, 0
L -732.4000, -332.7000, 339.9000,  -753.7000, -343.8000, 343.6000,  0, 204, 0
L -753.7000, -343.8000, 343.6000,  -777.2000, -352.7000, 343.5000,  0, 204, 0
L -777.2000, -352.7000, 343.5000,  -797.0000, -364.9000, 341.5000,  0, 204, 0
L -797.0000, -364.9000, 341.5000,  -806.9000, -374.6000, 345.6000,  0, 204, 0
L -806.9000, -374.6000, 345.6000,  -813.4000, -388.5000, 351.2000,  0, 204, 0
L -813.4000, -388.5000, 351.2000,  -821.5000, -399.0000, 356.6000,  0, 204, 0
L -821.5000, -399.0000, 356.6000,  -831.6000, -405.9000, 360.5000,  0, 204, 0
L -831.6000, -405.9000, 360.5000,  -853.8000, -413.1000, 364.5000,  0, 204, 0
L -853.8000, -413.1000, 364.5000,  -878.6000, -415.2000, 369.2000,  0, 204, 0
L -878.6000, -415.2000, 369.2000,  -886.1000, -428.6000, 369.1000,  102, 255, 102
L -886.1000, -428.6000, 369.1000,  -895.1000, -456.5000, 372.3000,  102, 255, 102
L -895.1000, -456.5000, 372.3000,  -900.1000, -468.2000, 373.6000,  102, 255, 102
L -900.1000, -468.2000, 373.6000,  -908.9000, -478.0000, 375.2000,  102, 255, 102
L -908.9000, -478.0000, 375.2000,  -938.8000, -496.2000, 384.8000,  102, 255, 102
L -938.8000, -496.2000, 384.8000,  -950.9000, -507.0000, 389.5000,  102, 255, 102
L -950.9000, -507.0000, 389.5000,  -964.6000, -518.1000, 394.0000,  102, 255, 102
L -964.6000, -518.1000, 394.0000,  -980.3000, -526.9000, 402.6000,  102, 255, 102
L -980.3000, -526.9000, 402.6000,  -998.0000, -533.2000, 411.5000,  102, 255, 102
L -998.0000, -533.2000, 411.5000,  -1011.5000, -545.1000, 420.0000,  102, 255, 102
L -1011.5000, -545.1000, 420.0000,  -1027.2000, -551.4000, 428.2000,  102, 255, 102
L -1027.2000, -551.4000, 428.2000,  -1049.5000, -548.3000, 428.3000,  102, 255, 102
L -1049.5000, -548.3000, 428.3000,  -1073.8000, -536.9000, 434.9000,  102, 255, 102
L -1073.8000, -536.9000, 434.9000,  -1096.7000, -520.8000, 439.6000,  102, 255, 102
L -1096.7000, -520.8000, 439.6000,  -1111.0000, -497.8000, 440.2000,  102, 255, 102
L -1111.0000, -497.8000, 440.2000,  -1121.7000, -486.1000, 443.2000,  102, 255, 102
L -1121.7000, -486.1000, 443.2000,  -1132.3000, -483.9000, 442.5000,  102, 255, 102
L -1132.3000, -483.9000, 442.5000,  -1133.6000, -480.8000, 442.2000,  102, 255, 102
L -1133.6000, -480.8000, 442.2000,  -1145.3000, -475.3000, 442.7000,  102, 255, 102
L -1145.3000, -475.3000, 442.7000,  -1185.3000, -468.4000, 444.9000,  102, 255, 102
L -1185.3000, -468.4000, 444.9000,  -1223.8000, -446.2000, 438.3000,  102, 255, 102
L -1223.8000, -446.2000, 438.3000,  -1224.8000, -440.7000, 445.5000,  102, 255, 102
L -1224.8000, -440.7000, 445.5000,  -1172.5000, -452.6000, 450.1000,  102, 255, 102
L -939.2000, -366.9000, 380.6000,  -963.8000, -352.7000, 387.8000,  0, 204, 0
L -963.8000, -352.7000, 387.8000,  -989.3000, -343.4000, 395.3000,  0, 204, 0
L -989.3000, -343.4000, 395.3000,  -992.9000, -347.3000, 396.2000,  0, 204, 0
L -992.9000, -347.3000, 396.2000,  -997.7000, -342.5000, 398.4000,  0, 204, 0
L -997.7000, -342.5000, 398.4000,  -1016.1000, -345.7000, 398.0000,  0, 204, 0
L -1016.1000, -345.7000, 398.0000,  -1043.9000, -354.2000, 403.3000,  0, 204, 0
L -1043.9000, -354.2000, 403.3000,  -1059.9000, -358.2000, 414.5000,  102, 255, 102
L -1000.2000, -317.7000, 397.8000,  -998.8000, -315.6000, 397.9000,  0, 204, 0
L -998.8000, -315.6000, 397.9000,  -994.1000, -317.6000, 396.1000,  0, 204, 0
L -994.1000, -317.6000, 396.1000,  -977.1000, -319.6000, 394.7000,  0, 204, 0
L -977.1000, -319.6000, 394.7000,  -951.2000, -327.8000, 387.7000,  0, 204, 0
L -951.2000, -327.8000, 387.7000,  -927.3000, -342.1000, 380.3000,  0, 204, 0
L -927.3000, -342.1000, 380.3000,  -914.0000, -354.9000, 380.3000,  0, 204, 0
L -914.0000, -354.9000, 380.3000,  -900.3000, -369.4000, 376.1000,  0, 204, 0
L -916.6000, -240.5000, 292.1000,  -914.4000, -257.3000, 292.1000,  178, 102, 255
L -914.4000, -257.3000, 292.1000,  -908.1000, -276.7000, 287.8000,  178, 102, 255
L -908.1000, -276.7000, 287.8000,  -911.1000, -281.1000, 288.5000,  178, 102, 255
L -911.1000, -281.1000, 288.5000,  -908.6000, -283.4000, 288.0000,  178, 102, 255
L -908.6000, -283.4000, 288.0000,  -902.6000, -296.2000, 283.8000,  178, 102, 255
L -902.6000, -296.2000, 283.8000,  -895.2000, -308.3000, 280.8000,  178, 102, 255
L -895.2000, -308.3000, 280.8000,  -851.2000, -350.5000, 272.1000,  178, 102, 255
L -851.2000, -350.5000, 272.1000,  -828.7000, -356.0000, 269.2000,  178, 102, 255
L -828.7000, -356.0000, 269.2000,  -804.5000, -349.1000, 270.2000,  178, 102, 255
L -804.5000, -349.1000, 270.2000,  -765.2000, -316.6000, 271.5000,  178, 102, 255
L -765.2000, -316.6000, 271.5000,  -739.7000, -292.3000, 272.7000,  178, 102, 255
L -739.7000, -292.3000, 272.7000,  -715.4000, -277.6000, 273.4000,  178, 102, 255
L -715.4000, -277.6000, 273.4000,  -688.6000, -265.5000, 274.4000,  178, 102, 255
L -688.6000, -265.5000, 274.4000,  -658.3000, -259.4000, 275.1000,  178, 102, 255
L -658.3000, -259.4000, 275.1000,  -634.0000, -241.4000, 276.1000,  178, 102, 255
L -634.0000, -241.4000, 276.1000,  -618.1000, -221.3000, 277.1000,  178, 102, 255
L -618.1000, -221.3000, 277.1000,  -597.0000, -171.1000, 279.1000,  178, 102, 255
L -597.0000, -171.1000, 279.1000,  -581.4000, -150.1000, 279.8000,  178, 102, 255
L -581.4000, -150.1000, 279.8000,  -546.7000, -113.0000, 281.5000,  178, 102, 255
L -546.7000, -113.0000, 281.5000,  -523.7000, -90.0000, 282.1000,  178, 102, 255
L -523.7000, -90.0000, 282.1000,  -522.2000, -87.4000, 282.5000,  178, 102, 255
L -522.2000, -87.4000, 282.5000,  -519.1000, -66.4000, 283.7000,  178, 102, 255
L -519.1000, -66.4000, 283.7000,  -526.1000, -47.6000, 286.3000,  178, 102, 255
L -526.1000, -47.6000, 286.3000,  -540.9000, -31.4000, 289.7000,  178, 102, 255
L -540.9000, -31.4000, 289.7000,  -549.8000, -8.1000, 292.3000,  178, 102, 255
L -549.8000, -8.1000, 292.3000,  -562.6000, 3.6000, 295.3000,  178, 102, 255
L -562.6000, 3.6000, 295.3000,  -575.2000, 11.3000, 299.4000,  178, 102, 255
L -948.7000, -115.8000, 291.9000,  -943.1000, -113.5000, 292.6000,  178, 102, 255
L -943.1000, -113.5000, 292.6000,  -918.9000, -106.7000, 299.4000,  178, 102, 255
L -918.9000, -106.7000, 299.4000,  -905.0000, -107.5000, 300.6000,  178, 102, 255
L -905.0000, -107.5000, 300.6000,  -892.0000, -110.8000, 301.5000,  178, 102, 255
L -892.0000, -110.8000, 301.5000,  -879.3000, -116.6000, 306.4000,  178, 102, 255
L -879.3000, -116.6000, 306.4000,  -868.1000, -124.8000, 311.4000,  178, 102, 255
L -868.1000, -124.8000, 311.4000,  -859.1000, -134.7000, 316.4000,  178, 102, 255
L -859.1000, -134.7000, 316.4000,  -852.1000, -146.9000, 321.6000,  178, 102, 255
L -852.1000, -146.9000, 321.6000,  -850.9000, -149.6000, 322.6000,  178, 102, 255
L -850.9000, -149.6000, 322.6000,  -853.8000, -153.3000, 323.5000,  178, 102, 255
L -853.8000, -153.3000, 323.5000,  -852.8000, -157.4000, 324.8000,  178, 102, 255
L -852.8000, -157.4000, 324.8000,  -848.7000, -160.4000, 325.7000,  178, 102, 255
L -848.7000, -160.4000, 325.7000,  -846.7000, -159.9000, 326.0000,  178, 102, 255
L -846.7000, -159.9000, 326.0000,  -844.3000, -173.5000, 331.0000,  178, 102, 255
L -844.3000, -173.5000, 331.0000,  -844.8000, -187.3000, 334.9000,  178, 102, 255
L -844.8000, -187.3000, 334.9000,  -848.5000, -200.8000, 338.9000,  178, 102, 255
L -848.5000, -200.8000, 338.9000,  -855.2000, -212.8000, 348.0000,  178, 102, 255
L -855.2000, -212.8000, 348.0000,  -864.2000, -222.6000, 356.7000,  178, 102, 255
L -864.2000, -222.6000, 356.7000,  -880.3000, -225.9000, 370.5000,  178, 102, 255
L -887.1000, -213.8000, 360.9000,  -882.4000, -203.2000, 344.4000,  150, 150, 150
L -882.4000, -203.2000, 344.4000,  -878.5000, -191.7000, 338.9000,  150, 150, 150
L -878.5000, -191.7000, 338.9000,  -875.1000, -183.3000, 332.6000,  150, 150, 150
L -875.1000, -183.3000, 332.6000,  -870.8000, -170.1000, 327.8000,  150, 150, 150
L -870.8000, -170.1000, 327.8000,  -875.1000, -154.7000, 319.5000,  150, 150, 150
L -875.1000, -154.7000, 319.5000,  -887.4000, -140.6000, 310.6000,  150, 150, 150
L -887.4000, -140.6000, 310.6000,  -899.9000, -135.5000, 304.0000,  150, 150, 150
L -899.9000, -135.5000, 304.0000,  -915.5000, -133.5000, 299.0000,  150, 150, 150
L -915.5000, -133.5000, 299.0000,  -926.1000, -135.9000, 295.3000,  150, 150, 150
L -926.1000, -135.9000, 295.3000,  -934.5000, -141.0000, 292.1000,  150, 150, 150
L -883.2000, -242.6000, 216.4000,  -895.9000, -247.6000, 219.3000,  0, 0, 0
L -895.9000, -247.6000, 219.3000,  -905.9000, -249.4000, 222.1000,  0, 0, 0
L -905.9000, -249.4000, 222.1000,  -917.0000, -249.6000, 223.7000,  0, 0, 0
L -917.0000, -249.6000, 223.7000,  -935.8000, -246.0000, 225.0000,  0, 0, 0
L -935.8000, -246.0000, 225.0000,  -940.0000, -242.4000, 224.6000,  0, 0, 0
L -940.0000, -242.4000, 224.6000,  -965.4000, -226.1000, 234.0000,  0, 0, 0
L -965.4000, -226.1000, 234.0000,  -968.9000, -222.1000, 238.6000,  0, 0, 0
L -968.9000, -222.1000, 238.6000,  -981.4000, -197.1000, 249.8000,  0, 0, 0
L -981.4000, -197.1000, 249.8000,  -983.9000, -183.4000, 254.5000,  0, 0, 0
L -983.9000, -183.4000, 254.5000,  -983.3000, -169.4000, 258.4000,  0, 0, 0
L -983.3000, -169.4000, 258.4000,  -979.7000, -156.0000, 262.4000,  0, 0, 0
L -979.7000, -156.0000, 262.4000,  -973.2000, -144.2000, 271.3000,  0, 0, 0
L -973.2000, -144.2000, 271.3000,  -964.2000, -134.5000, 279.9000,  0, 0, 0
L -964.2000, -134.5000, 279.9000,  -949.2000, -130.2000, 291.0000,  0, 0, 0
L -940.3000, -141.0000, 289.8000,  -942.4000, -154.8000, 264.5000,  150, 150, 150
L -942.4000, -154.8000, 264.5000,  -951.9000, -173.1000, 255.9000,  150, 150, 150
L -951.9000, -173.1000, 255.9000,  -957.2000, -188.5000, 250.5000,  150, 150, 150
L -957.2000, -188.5000, 250.5000,  -954.4000, -203.6000, 244.4000,  150, 150, 150
L -954.4000, -203.6000, 244.4000,  -941.3000, -214.0000, 232.3000,  150, 150, 150
L -941.3000, -214.0000, 232.3000,  -926.8000, -221.2000, 226.8000,  150, 150, 150
L -926.8000, -221.2000, 226.8000,  -911.2000, -223.2000, 222.1000,  150, 150, 150
L -911.2000, -223.2000, 222.1000,  -894.6000, -215.2000, 215.2000,  150, 150, 150
L -1128.7000, -315.7000, 218.9000,  -1114.6000, -316.6000, 219.0000,  178, 102, 255
L -1114.6000, -316.6000, 219.0000,  -1100.7000, -322.7000, 219.0000,  178, 102, 255
L -1100.7000, -322.7000, 219.0000,  -1090.6000, -332.6000, 219.0000,  178, 102, 255
L -1090.6000, -332.6000, 219.0000,  -1085.2000, -347.5000, 219.0000,  178, 102, 255
L -1085.2000, -347.5000, 219.0000,  -1087.0000, -369.3000, 219.0000,  178, 102, 255
L -1087.0000, -369.3000, 219.0000,  -1097.6000, -386.8000, 219.0000,  178, 102, 255
L -1097.6000, -386.8000, 219.0000,  -1109.6000, -406.1000, 219.4000,  178, 102, 255
L -1109.6000, -406.1000, 219.4000,  -1109.1000, -409.4000, 219.0000,  178, 102, 255
L -1109.1000, -409.4000, 219.0000,  -1106.0000, -413.7000, 221.1000,  178, 102, 255
L -1106.0000, -413.7000, 221.1000,  -1114.6000, -415.7000, 219.0000,  178, 102, 255
L -1114.6000, -415.7000, 219.0000,  -1128.0000, -418.2000, 220.2000,  178, 102, 255
L -1128.0000, -418.2000, 220.2000,  -1140.0000, -409.7000, 219.0000,  178, 102, 255
L -1140.0000, -409.7000, 219.0000,  -1154.2000, -407.7000, 219.0000,  178, 102, 255
L -1154.2000, -407.7000, 219.0000,  -1161.1000, -407.1000, 219.0000,  178, 102, 255
L -1161.1000, -407.1000, 219.0000,  -1167.9000, -406.5000, 219.0000,  178, 102, 255
L -1167.9000, -406.5000, 219.0000,  -1185.5000, -394.8000, 219.0000,  178, 102, 255
L -1185.5000, -394.8000, 219.0000,  -1191.8000, -381.7000, 219.0000,  178, 102, 255
L -1191.8000, -381.7000, 219.0000,  -1196.8000, -370.7000, 219.0000,  178, 102, 255
L -1196.8000, -370.7000, 219.0000,  -1198.6000, -356.9000, 219.0000,  178, 102, 255
L -1198.6000, -356.9000, 219.0000,  -1198.0000, -345.0000, 219.0000,  178, 102, 255
L -1198.0000, -345.0000, 219.0000,  -1190.8000, -331.9000, 219.0000,  178, 102, 255
L -1190.8000, -331.9000, 219.0000,  -1178.6000, -318.0000, 219.0000,  178, 102, 255
L -1178.6000, -318.0000, 219.0000,  -1178.0000, -311.9000, 219.0000,  178, 102, 255
L -1178.0000, -311.9000, 219.0000,  -1180.7000, -308.0000, 219.0000,  178, 102, 255
L -1180.7000, -308.0000, 219.0000,  -1170.4000, -298.9000, 219.0000,  178, 102, 255
L -1170.4000, -298.9000, 219.0000,  -1159.2000, -292.2000, 219.1000,  178, 102, 255
L -1159.2000, -292.2000, 219.1000,  -1146.2000, -287.2000, 222.8000,  178, 102, 255
L -1146.2000, -287.2000, 222.8000,  -1139.9000, -292.4000, 224.4000,  178, 102, 255
L -1139.9000, -292.4000, 224.4000,  -1131.5000, -292.9000, 226.5000,  178, 102, 255
L -1131.5000, -292.9000, 226.5000,  -1125.3000, -292.6000, 227.1000,  178, 102, 255
L -1125.3000, -292.6000, 227.1000,  -1119.3000, -293.8000, 227.4000,  178, 102, 255
L -1119.3000, -293.8000, 227.4000,  -1112.9000, -291.4000, 229.1000,  178, 102, 255
L -1112.9000, -291.4000, 229.1000,  -1106.5000, -288.7000, 228.3000,  178, 102, 255
L -1106.5000, -288.7000, 228.3000,  -1093.6000, -294.6000, 233.3000,  178, 102, 255
L -1093.6000, -294.6000, 233.3000,  -1082.7000, -302.5000, 238.1000,  178, 102, 255
L -1082.7000, -302.5000, 238.1000,  -1073.3000, -312.8000, 243.4000,  178, 102, 255
L -1073.3000, -312.8000, 243.4000,  -1066.1000, -325.3000, 248.8000,  178, 102, 255
L -1066.1000, -325.3000, 248.8000,  -1061.2000, -337.1000, 252.9000,  178, 102, 255
L -1061.2000, -337.1000, 252.9000,  -1058.5000, -351.2000, 257.9000,  178, 102, 255
L -1058.5000, -351.2000, 257.9000,  -1059.1000, -365.2000, 261.8000,  178, 102, 255
L -1059.1000, -365.2000, 261.8000,  -1062.6000, -378.3000, 265.6000,  178, 102, 255
L -1062.6000, -378.3000, 265.6000,  -1069.2000, -390.4000, 274.7000,  178, 102, 255
L -1069.2000, -390.4000, 274.7000,  -1078.5000, -400.7000, 283.8000,  178, 102, 255
L -1078.5000, -400.7000, 283.8000,  -1092.7000, -405.7000, 297.7000,  178, 102, 255
L -1103.1000, -394.5000, 296.1000,  -1096.9000, -382.7000, 273.5000,  150, 150, 150
L -1096.9000, -382.7000, 273.5000,  -1089.1000, -362.9000, 260.3000,  150, 150, 150
L -1089.1000, -362.9000, 260.3000,  -1085.5000, -346.9000, 254.0000,  150, 150, 150
L -1085.5000, -346.9000, 254.0000,  -1089.5000, -332.1000, 246.3000,  150, 150, 150
L -1089.5000, -332.1000, 246.3000,  -1101.3000, -319.3000, 237.8000,  150, 150, 150
L -1101.3000, -319.3000, 237.8000,  -1115.0000, -313.3000, 230.5000,  150, 150, 150
L -1115.0000, -313.3000, 230.5000,  -1129.9000, -311.9000, 225.9000,  150, 150, 150
L -1104.3000, -396.4000, 297.6000,  -1114.7000, -396.5000, 300.2000,  150, 150, 150
L -1114.7000, -396.5000, 300.2000,  -1128.4000, -400.2000, 304.9000,  150, 150, 150
L -1128.4000, -400.2000, 304.9000,  -1142.4000, -398.7000, 309.3000,  150, 150, 150
L -1142.4000, -398.7000, 309.3000,  -1157.4000, -390.7000, 316.1000,  150, 150, 150
L -1157.4000, -390.7000, 316.1000,  -1166.0000, -383.4000, 324.2000,  150, 150, 150
L -1166.0000, -383.4000, 324.2000,  -1171.2000, -371.6000, 330.6000,  150, 150, 150
L -1171.2000, -371.6000, 330.6000,  -1171.6000, -363.5000, 334.1000,  150, 150, 150
L -1171.6000, -363.5000, 334.1000,  -1167.2000, -350.9000, 338.4000,  150, 150, 150
L -1167.2000, -350.9000, 338.4000,  -1156.1000, -330.8000, 348.2000,  150, 150, 150
L -1156.1000, -330.8000, 348.2000,  -1153.7000, -317.9000, 372.7000,  150, 150, 150
L -1144.7000, -315.5000, 375.9000,  -1121.5000, -311.9000, 383.5000,  150, 150, 150
L -1121.5000, -311.9000, 383.5000,  -1111.3000, -313.6000, 387.4000,  150, 150, 150
L -1111.3000, -313.6000, 387.4000,  -1099.8000, -322.2000, 394.2000,  150, 150, 150
L -1099.8000, -322.2000, 394.2000,  -1090.4000, -333.6000, 401.0000,  150, 150, 150
L -1090.4000, -333.6000, 401.0000,  -1085.1000, -348.0000, 409.8000,  150, 150, 150
L -1085.1000, -348.0000, 409.8000,  -1088.1000, -360.4000, 414.8000,  150, 150, 150
L -1088.1000, -360.4000, 414.8000,  -1101.9000, -381.4000, 422.6000,  150, 150, 150
L -1101.9000, -381.4000, 422.6000,  -1103.2000, -393.2000, 451.2000,  150, 150, 150
L -389.7000, 53.1000, 234.1000,  -400.5000, 36.2000, 234.1000,  102, 255, 102
L -380.5000, 88.8000, 234.1000,  -386.4000, 58.6000, 234.1000,  102, 255, 102
L -506.7000, 136.4000, 234.1000,  -484.5000, 152.6000, 234.1000,  102, 255, 102
L -396.7000, 105.0000, 234.1000,  -393.2000, 95.6000, 234.1000,  102, 255, 102
L -427.8000, 159.4000, 234.1000,  -407.5000, 147.0000, 234.1000,  102, 255, 102
L -394.5000, 127.1000, 234.1000,  -388.0000, 118.1000, 234.1000,  102, 255, 102
L -423.2000, 19.6000, 234.1000,  -431.2000, 12.5000, 234.1000,  102, 255, 102
L -393.2000, 95.6000, 234.1000,  -380.5000, 88.8000, 234.1000,  102, 255, 102
L -474.6000, 16.9000, 234.1000,  -478.9000, 17.8000, 234.1000,  102, 255, 102
L -400.5000, 36.2000, 234.1000,  -423.2000, 19.6000, 234.1000,  102, 255, 102
L -386.4000, 58.6000, 234.1000,  -389.7000, 53.1000, 234.1000,  102, 255, 102
L -478.9000, 17.8000, 234.1000,  -504.1000, 33.4000, 234.1000,  102, 255, 102
L -505.3000, 41.5000, 234.1000,  -509.9000, 48.5000, 234.1000,  102, 255, 102
L -509.9000, 48.5000, 234.1000,  -519.3000, 55.9000, 234.1000,  102, 255, 102
L -431.2000, 12.5000, 234.1000,  -452.1000, 13.4000, 234.1000,  102, 255, 102
L -452.1000, 13.4000, 234.1000,  -474.6000, 16.9000, 234.1000,  102, 255, 102
L -504.1000, 33.4000, 234.1000,  -505.3000, 41.5000, 234.1000,  102, 255, 102
L -484.5000, 152.6000, 234.1000,  -473.1000, 159.5000, 234.1000,  102, 255, 102
L -519.3000, 55.9000, 234.1000,  -524.8000, 75.3000, 234.1000,  102, 255, 102
L -388.0000, 118.1000, 234.1000,  -396.7000, 105.0000, 234.1000,  102, 255, 102
L -505.4000, 128.9000, 234.1000,  -506.7000, 136.4000, 234.1000,  102, 255, 102
L -526.6000, 84.1000, 234.1000,  -522.2000, 111.7000, 234.1000,  102, 255, 102
L -524.8000, 75.3000, 234.1000,  -526.6000, 84.1000, 234.1000,  102, 255, 102
L -513.7000, 113.2000, 234.1000,  -507.1000, 120.2000, 234.1000,  102, 255, 102
L -455.4000, 163.7000, 234.1000,  -427.8000, 159.4000, 234.1000,  102, 255, 102
L -407.5000, 147.0000, 234.1000,  -394.5000, 127.1000, 234.1000,  102, 255, 102
L -522.2000, 111.7000, 234.1000,  -513.7000, 113.2000, 234.1000,  102, 255, 102
L -507.1000, 120.2000, 234.1000,  -505.4000, 128.9000, 234.1000,  102, 255, 102
L -473.1000, 159.5000, 234.1000,  -455.4000, 163.7000, 234.1000,  102, 255, 102
L -484.5000, -261.2000, 162.3000,  -458.9000, -261.2000, 162.3000,  255, 255, 0
L -477.3000, -254.5000, 162.3000,  -477.3000, -260.8000, 162.3000,  0, 0, 0
L -458.9000, -260.8000, 162.3000,  -465.4000, -260.8000, 162.3000,  0, 0, 0
L -484.5000, -261.2000, 162.3000,  -484.5000, -260.8000, 162.3000,  0, 0, 0
L -458.9000, -261.2000, 162.3000,  -458.9000, -260.8000, 162.3000,  0, 0, 0
L -465.5000, -254.4000, 162.3000,  -465.4000, -260.8000, 162.3000,  0, 0, 0
L -484.5000, -260.8000, 162.3000,  -477.3000, -260.8000, 162.3000,  0, 0, 0
L -1012.3000, -789.9000, 325.5000,  -1018.7000, -791.0000, 325.5000,  0, 0, 0
L -1012.2000, -790.3000, 325.5000,  -1012.3000, -789.9000, 325.5000,  0, 0, 0
L -1038.5000, -788.0000, 325.5000,  -1031.5000, -786.8000, 325.5000,  0, 0, 0
L -1037.4000, -794.7000, 325.5000,  -1037.5000, -794.3000, 325.5000,  0, 0, 0
L -1037.4000, -794.7000, 325.5000,  -1012.2000, -790.3000, 325.5000,  255, 255, 0
L -1037.5000, -794.3000, 325.5000,  -1030.4000, -793.0000, 325.5000,  0, 0, 0
L -1019.9000, -784.8000, 325.5000,  -1018.7000, -791.0000, 325.5000,  0, 0, 0
L -1031.5000, -786.8000, 325.5000,  -1030.4000, -793.0000, 325.5000,  0, 0, 0
L -1019.9000, -784.8000, 325.5000,  -1013.3000, -783.7000, 325.5000,  0, 0, 0
L -453.7000, 44.1000, 80.5000,  -478.2000, 50.2000, 80.5000,  0, 0, 0
L -488.4000, 59.5000, 80.5000,  -492.3000, 66.4000, 80.5000,  0, 0, 0
L -381.3000, 84.9000, 80.5000,  -382.0000, 71.8000, 80.5000,  0, 0, 0
L -420.5000, 20.2000, 80.5000,  -409.5000, 26.7000, 80.5000,  0, 0, 0
L -485.0000, 110.7000, 80.5000,  -479.3000, 119.1000, 80.5000,  0, 0, 0
L -479.3000, 119.1000, 80.5000,  -472.7000, 128.5000, 80.5000,  0, 0, 0
L -383.2000, 98.5000, 80.5000,  -381.3000, 84.9000, 80.5000,  0, 0, 0
L -385.4000, 58.6000, 80.5000,  -391.1000, 46.7000, 80.5000,  0, 0, 0
L -426.8000, 141.6000, 80.5000,  -414.3000, 136.0000, 80.5000,  0, 0, 0
L -438.7000, 145.1000, 80.5000,  -426.8000, 141.6000, 80.5000,  0, 0, 0
L -494.3000, 94.3000, 80.5000,  -489.7000, 103.1000, 80.5000,  0, 0, 0
L -489.7000, 103.1000, 80.5000,  -485.0000, 110.7000, 80.5000,  0, 0, 0
L -468.1000, 128.6000, 80.5000,  -465.7000, 136.3000, 80.5000,  0, 0, 0
L -452.6000, 145.6000, 80.5000,  -438.7000, 145.1000, 80.5000,  0, 0, 0
L -402.9000, 127.8000, 80.5000,  -394.4000, 122.6000, 80.5000,  0, 0, 0
L -394.4000, 122.6000, 80.5000,  -383.2000, 98.5000, 80.5000,  0, 0, 0
L -463.8000, 142.7000, 80.5000,  -452.6000, 145.6000, 80.5000,  0, 0, 0
L -409.5000, 26.7000, 80.5000,  -410.0000, 30.6000, 80.5000,  0, 0, 0
L -492.3000, 66.4000, 80.5000,  -495.9000, 80.5000, 80.5000,  0, 0, 0
L -472.7000, 128.5000, 80.5000,  -468.1000, 128.6000, 80.5000,  0, 0, 0
L -382.0000, 71.8000, 80.5000,  -385.4000, 58.6000, 80.5000,  0, 0, 0
L -465.7000, 136.3000, 80.5000,  -463.8000, 142.7000, 80.5000,  0, 0, 0
L -495.9000, 80.5000, 80.5000,  -494.3000, 94.3000, 80.5000,  0, 0, 0
L -414.3000, 136.0000, 80.5000,  -402.9000, 127.8000, 80.5000,  0, 0, 0
L -391.1000, 46.7000, 80.5000,  -410.0000, 30.6000, 80.5000,  0, 0, 0
L -478.2000, 50.2000, 80.5000,  -488.4000, 59.5000, 80.5000,  0, 0, 0
L -450.4000, 40.0000, 87.4000,  -433.6000, 48.2000, 80.5000,  150, 150, 150
L -424.1000, 47.0000, 80.5000,  -419.7000, 57.5000, 56.9000,  150, 150, 150
L -401.8000, 39.9000, 66.5000,  -415.3000, 36.3000, 80.5000,  204, 0, 204
L -453.7000, 44.1000, 80.5000,  -433.6000, 48.2000, 80.5000,  0, 0, 0
L -424.1000, 47.0000, 80.5000,  -415.3000, 36.3000, 80.5000,  150, 150, 150
L -438.1000, 122.5000, 1.8000,  -452.5000, 124.8000, 1.8000,  204, 0, 204
L -419.8000, 114.2000, 1.8000,  -431.1000, 120.0000, 1.8000,  204, 0, 204
L -407.5000, 85.9000, 1.8000,  -410.9000, 101.8000, 1.8000,  204, 0, 204
L -520.6000, 72.5000, 1.8000,  -509.0000, 45.8000, 1.8000,  204, 0, 204
L -449.7000, 22.5000, 1.8000,  -424.2000, 27.0000, 1.8000,  204, 0, 204
L -521.5000, 94.8000, 1.8000,  -520.6000, 72.5000, 1.8000,  204, 0, 204
L -410.9000, 101.8000, 1.8000,  -419.8000, 114.2000, 1.8000,  204, 0, 204
L -415.6000, 61.5000, 1.8000,  -407.5000, 85.9000, 1.8000,  204, 0, 204
L -431.1000, 120.0000, 1.8000,  -438.1000, 122.5000, 1.8000,  204, 0, 204
L -488.4000, 28.4000, 1.8000,  -470.5000, 23.6000, 1.8000,  204, 0, 204
L -424.2000, 27.0000, 1.8000,  -433.7000, 36.5000, 1.8000,  204, 0, 204
L -509.0000, 45.8000, 1.8000,  -488.4000, 28.4000, 1.8000,  204, 0, 204
L -470.0000, 123.0000, 2.9000,  -474.7000, 121.0000, 1.8000,  150, 150, 150
L -433.7000, 36.5000, 1.8000,  -415.6000, 61.5000, 1.8000,  204, 0, 204
L -470.5000, 23.6000, 1.8000,  -449.7000, 22.5000, 1.8000,  204, 0, 204
L -506.0000, 127.0000, 3.0000,  -510.9000, 109.2000, 1.8000,  204, 0, 204
L -510.9000, 109.2000, 1.8000,  -521.5000, 94.8000, 1.8000,  204, 0, 204
L -442.8000, 147.4000, 1.8000,  -435.5000, 148.3000, 1.8000,  204, 0, 204
L -435.5000, 148.3000, 1.8000,  -430.1000, 152.0000, 1.8000,  204, 0, 204
L -471.3000, 152.9000, 1.8000,  -463.0000, 154.9000, 1.8000,  204, 0, 204
L -454.6000, 148.3000, 1.8000,  -450.1000, 148.5000, 1.8000,  204, 0, 204
L -463.0000, 154.9000, 1.8000,  -454.6000, 148.3000, 1.8000,  204, 0, 204
L -450.1000, 148.5000, 1.8000,  -442.8000, 147.4000, 1.8000,  204, 0, 204
L -452.5000, 124.8000, 1.8000,  -474.7000, 121.0000, 1.8000,  150, 150, 150
L -1136.9000, -136.7000, 246.8000,  -1141.2000, -131.6000, 246.8000,  178, 102, 255
L -1131.6000, -123.6000, 246.8000,  -1127.0000, -129.1000, 246.8000,  178, 102, 255
L -1142.9000, -142.2000, 251.4000,  -1139.2000, -138.4000, 246.8000,  178, 102, 255
L -1125.1000, -129.3000, 246.8000,  -1127.0000, -129.1000, 246.8000,  178, 102, 255
L -1124.7000, -127.4000, 246.8000,  -1125.1000, -129.3000, 246.8000,  178, 102, 255
L -1137.3000, -138.6000, 246.8000,  -1139.2000, -138.4000, 246.8000,  178, 102, 255
L -1136.9000, -136.7000, 246.8000,  -1137.3000, -138.6000, 246.8000,  178, 102, 255
L -1124.7000, -127.4000, 246.8000,  -1124.7000, -127.0000, 245.8000,  178, 102, 255
L -1141.2000, -131.6000, 246.8000,  -1143.1000, -131.4000, 246.8000,  178, 102, 255
L -1143.1000, -131.4000, 246.8000,  -1143.5000, -133.3000, 246.8000,  178, 102, 255
L -1131.3000, -121.7000, 246.8000,  -1131.6000, -123.6000, 246.8000,  178, 102, 255
L -1129.4000, -121.9000, 246.8000,  -1131.3000, -121.7000, 246.8000,  178, 102, 255
L -1124.0000, -116.9000, 249.9000,  -1124.0000, -103.8000, 249.9000,  178, 102, 255
L -1124.0000, -103.8000, 249.9000,  -1128.0000, -91.0000, 247.0000,  178, 102, 255
L -401.6000, 40.1000, 234.1000,  -392.7000, 49.9000, 212.8000,  102, 255, 102
L -424.6000, 48.1000, 226.4000,  -423.8000, 39.4000, 234.1000,  150, 150, 150
L -401.6000, 40.1000, 234.1000,  -423.8000, 39.4000, 234.1000,  150, 150, 150
L -506.8000, 60.6000, 156.9000,  -542.5000, 47.7000, 156.9000,  0, 204, 0
L -443.9000, 124.4000, 156.9000,  -450.8000, 124.9000, 156.9000,  0, 204, 0
L -412.4000, 67.8000, 156.9000,  -409.7000, 74.8000, 156.9000,  0, 204, 0
L -407.8000, 84.3000, 156.9000,  -408.4000, 92.4000, 156.9000,  0, 204, 0
L -409.9000, 98.4000, 156.9000,  -413.4000, 107.2000, 156.9000,  0, 204, 0
L -419.7000, 115.5000, 156.9000,  -427.1000, 119.7000, 156.9000,  0, 204, 0
L -416.1000, 61.8000, 156.9000,  -412.4000, 67.8000, 156.9000,  0, 204, 0
L -510.9000, 68.2000, 156.9000,  -506.8000, 60.6000, 156.9000,  0, 204, 0
L -430.0000, 41.1000, 156.9000,  -422.8000, 51.2000, 156.9000,  0, 204, 0
L -522.0000, 83.4000, 156.9000,  -520.2000, 70.2000, 156.9000,  0, 204, 0
L -519.3000, 18.9000, 156.9000,  -495.6000, 32.2000, 156.9000,  0, 204, 0
L -518.0000, 109.6000, 156.9000,  -521.3000, 96.6000, 156.9000,  0, 204, 0
L -504.1000, 132.5000, 156.9000,  -512.2000, 121.8000, 156.9000,  0, 204, 0
L -430.4000, 27.0000, 156.9000,  -433.2000, 33.7000, 156.9000,  0, 204, 0
L -489.2000, 27.5000, 156.9000,  -469.3000, 25.2000, 156.9000,  0, 204, 0
L -512.2000, 121.8000, 156.9000,  -518.0000, 109.6000, 156.9000,  0, 204, 0
L -448.9000, 23.5000, 156.9000,  -436.5000, 25.2000, 156.9000,  0, 204, 0
L -467.8000, 123.0000, 156.9000,  -454.1000, 129.5000, 163.6000,  150, 150, 150
L -495.6000, 32.2000, 156.9000,  -489.2000, 27.5000, 156.9000,  0, 204, 0
L -520.2000, 70.2000, 156.9000,  -510.9000, 68.2000, 156.9000,  0, 204, 0
L -436.5000, 25.2000, 156.9000,  -430.4000, 27.0000, 156.9000,  0, 204, 0
L -521.3000, 96.6000, 156.9000,  -522.0000, 83.4000, 156.9000,  0, 204, 0
L -409.7000, 74.8000, 156.9000,  -407.8000, 84.3000, 156.9000,  0, 204, 0
L -408.4000, 92.4000, 156.9000,  -409.9000, 98.4000, 156.9000,  0, 204, 0
L -469.3000, 25.2000, 156.9000,  -448.9000, 23.5000, 156.9000,  0, 204, 0
L -413.4000, 107.2000, 156.9000,  -419.7000, 115.5000, 156.9000,  0, 204, 0
L -433.2000, 33.7000, 156.9000,  -430.0000, 41.1000, 156.9000,  0, 204, 0
L -427.1000, 119.7000, 156.9000,  -443.9000, 124.4000, 156.9000,  0, 204, 0
L -494.1000, 141.5000, 156.9000,  -504.1000, 132.5000, 156.9000,  0, 204, 0
L -422.8000, 51.2000, 156.9000,  -416.1000, 61.8000, 156.9000,  0, 204, 0
L -450.8000, 124.9000, 156.9000,  -461.9000, 121.1000, 156.2000,  0, 204, 0
L -546.5000, 56.0000, 156.9000,  -542.5000, 47.7000, 156.9000,  0, 204, 0
L -551.7000, 41.2000, 157.5000,  -546.5000, 56.0000, 156.9000,  0, 204, 0
L -467.8000, 123.0000, 156.9000,  -494.1000, 141.5000, 156.9000,  150, 150, 150
L -478.8000, 121.8000, 156.9000,  -485.0000, 109.8000, 134.6000,  150, 150, 150
L -500.9000, 128.5000, 145.5000,  -488.0000, 132.0000, 156.9000,  0, 0, 0
L -488.0000, 132.0000, 156.9000,  -478.8000, 121.8000, 156.9000,  150, 150, 150
L -499.7000, 33.2000, 90.9000,  -478.2000, 50.2000, 80.5000,  150, 150, 150
L -707.8000, -43.8000, 152.9000,  -690.8000, -38.1000, 152.2000,  0, 0, 0
L -675.7000, -64.4000, 152.9000,  -690.8000, -38.1000, 152.2000,  150, 150, 150
L -683.6000, -40.1000, 152.2000,  -671.3000, -48.6000, 150.8000,  150, 150, 150
L -714.3000, 37.4000, 74.2000,  -733.9000, 31.0000, 74.0000,  255, 102, 255
L -721.4000, 59.8000, 81.3000,  -713.7000, 61.2000, 81.3000,  255, 102, 255
L -732.3000, 32.2000, 228.9000,  -713.0000, 37.6000, 229.4000,  0, 204, 0
L -741.0000, 32.2000, 225.7000,  -751.3000, 41.8000, 226.2000,  150, 150, 150
L -673.0000, -47.9000, 307.6000,  -682.0000, -38.6000, 306.2000,  150, 150, 150
L -732.3000, 32.2000, 228.9000,  -746.5000, 58.5000, 229.3000,  150, 150, 150
L -733.9000, 31.0000, 74.0000,  -757.7000, 50.6000, 74.6000,  150, 150, 150
L -940.3000, -141.0000, 289.8000,  -949.2000, -130.2000, 291.0000,  150, 150, 150
L -934.5000, -141.0000, 292.1000,  -948.7000, -115.8000, 291.9000,  150, 150, 150
L -901.2000, -215.2000, 214.8000,  -894.6000, -215.2000, 215.2000,  0, 0, 0
L -887.1000, -213.8000, 360.9000,  -880.3000, -225.9000, 370.5000,  150, 150, 150
L -876.4000, -287.1000, 283.6000,  -869.0000, -299.1000, 280.6000,  178, 102, 255
L -882.4000, -274.2000, 287.7000,  -876.4000, -287.1000, 283.6000,  178, 102, 255
L -883.7000, -247.5000, 292.0000,  -877.4000, -266.9000, 287.7000,  178, 102, 255
L -882.4000, -274.2000, 287.7000,  -877.4000, -266.9000, 287.7000,  178, 102, 255
L -894.6000, -215.2000, 215.2000,  -883.2000, -242.6000, 216.4000,  150, 150, 150
L -1129.9000, -311.9000, 225.9000,  -1144.8000, -310.4000, 221.3000,  150, 150, 150
L -1144.8000, -310.4000, 221.3000,  -1128.7000, -315.7000, 218.9000,  178, 102, 255
L -1144.8000, -310.4000, 221.3000,  -1146.2000, -287.2000, 222.8000,  150, 150, 150
L -1103.1000, -394.5000, 296.1000,  -1092.7000, -405.7000, 297.7000,  150, 150, 150
L -1104.3000, -396.4000, 297.6000,  -1097.1000, -421.1000, 297.7000,  150, 150, 150
L -1153.7000, -317.9000, 372.7000,  -1164.7000, -308.5000, 371.6000,  150, 150, 150
L -1143.8000, -320.0000, 373.4000,  -1144.7000, -315.5000, 375.9000,  0, 204, 0
L -1155.1000, -290.6000, 375.4000,  -1146.7000, -287.3000, 377.8000,  0, 204, 0
L -1144.7000, -315.5000, 375.9000,  -1155.1000, -290.6000, 375.4000,  150, 150, 150
L -1076.7000, -391.5000, 427.4000,  -1078.0000, -403.3000, 455.9000,  102, 255, 102
L -1062.8000, -370.5000, 419.6000,  -1076.7000, -391.5000, 427.4000,  102, 255, 102
L -1059.9000, -358.2000, 414.5000,  -1062.8000, -370.5000, 419.6000,  102, 255, 102
L -1078.0000, -403.3000, 455.9000,  -1103.2000, -393.2000, 451.2000,  150, 150, 150
L -1100.2000, -288.6000, 451.5000,  -1099.1000, -284.5000, 451.5000,  102, 255, 102
L -1100.2000, -288.6000, 451.5000,  -1117.6000, -284.3000, 451.5000,  199, 21, 133
L -1116.3000, -279.3000, 451.5000,  -1117.6000, -284.3000, 451.5000,  102, 255, 102
